month,pnl_usd,executed_trades,candidate_trades,equity_end,equity_start,return_percent,symbol,mode,initial_balance_usd,risk_percent
2024-01,30.4195156994682,29,29,530.4195156994682,500.0,6.08390313989364,US500,risk_only,500,1
2024-02,28.424440145334906,19,19,558.8439558448031,530.4195156994682,5.358860167098373,US500,risk_only,500,1
2024-03,-23.361909874021386,20,20,535.4820459707818,558.8439558448031,-4.1803994889244604,US500,risk_only,500,1
2024-04,-10.133642927129198,18,18,525.3484030436525,535.4820459707818,-1.8924337432747715,US500,risk_only,500,1
2024-05,13.803861507905413,20,20,539.1522645515579,525.3484030436525,2.627563237640301,US500,risk_only,500,1
2024-06,114.50702542420076,23,23,653.6592899757587,539.1522645515579,21.23834637316092,US500,risk_only,500,1
2024-07,-55.987137098476424,35,35,597.6721528772823,653.6592899757587,-8.565186475136418,US500,risk_only,500,1
2024-08,24.715327086065056,27,27,622.3874799633473,597.6721528772823,4.13526495539098,US500,risk_only,500,1
2024-09,-2.4874558594313827,18,18,619.9000241039159,622.3874799633473,-0.39966354393534237,US500,risk_only,500,1
2024-10,16.72911938527848,22,22,636.6291434891945,619.9000241039159,2.6986802282288864,US500,risk_only,500,1
2024-11,-3.73813785163411,18,18,632.8910056375603,636.6291434891945,-0.5871766773268301,US500,risk_only,500,1
2024-12,-28.33904155524079,16,16,604.5519640823195,632.8910056375603,-4.477712797749855,US500,risk_only,500,1
2025-01,-0.7954342986642224,17,17,603.7565297836553,604.5519640823195,-0.13157418152989594,US500,risk_only,500,1
2025-02,-39.07859235644162,18,18,564.6779374272137,603.7565297836553,-6.472574693385874,US500,risk_only,500,1
2025-03,-13.361848838351044,31,31,551.3160885888626,564.6779374272137,-2.366277828956859,US500,risk_only,500,1
2025-04,51.132364821280326,15,22,602.448453410143,551.3160885888626,9.274600520394332,US500,risk_only,500,1
2025-05,2.5682191225001203,21,21,605.016672532643,602.448453410143,0.4262969068910023,US500,risk_only,500,1
2025-06,-45.82069046407381,27,27,559.1959820685693,605.016672532643,-7.573459136632571,US500,risk_only,500,1
2025-07,48.94583763818345,20,20,608.1418197067527,559.1959820685693,8.752895086463917,US500,risk_only,500,1
2025-08,-12.547458595748932,25,25,595.5943611110038,608.1418197067527,-2.0632454781352387,US500,risk_only,500,1
2025-09,94.64142177912045,19,19,690.2357828901243,595.5943611110038,15.890248121654341,US500,risk_only,500,1
2025-10,30.791789906447832,25,25,721.027572796572,690.2357828901243,4.461053841271142,US500,risk_only,500,1
2025-11,80.03324437253822,16,16,801.0608171691104,721.027572796572,11.09988679935247,US500,risk_only,500,1
2025-12,0.6497876887731948,24,24,801.7106048578835,801.0608171691104,0.0811158996728234,US500,risk_only,500,1
2026-01,-35.2481742690098,23,23,766.4624305888738,801.7106048578835,-4.396620682753489,US500,risk_only,500,1
2026-02,31.823675973440515,16,16,798.2861065623142,766.4624305888738,4.15202033438095,US500,risk_only,500,1
2026-03,33.26883390656223,20,20,831.5549404688765,798.2861065623142,4.167532621835159,US500,risk_only,500,1
2026-04,161.27518080669316,22,22,992.8301212755696,831.5549404688765,19.39441075483928,US500,risk_only,500,1
2026-05,-77.16048466196762,23,23,915.6696366136019,992.8301212755696,-7.7717711226199775,US500,risk_only,500,1
2026-06,-48.98993692734527,14,14,866.6796996862566,915.6696366136019,-5.350175977061282,US500,risk_only,500,1
2026-07,-71.46952916848434,22,22,795.2101705177723,866.6796996862566,-8.24636012524082,US500,risk_only,500,1
2026-08,127.64404079827122,18,18,922.8542113160436,795.2101705177723,16.051610697478935,US500,risk_only,500,1
2024-01,52.90824751643164,29,29,552.9082475164316,500.0,10.581649503286329,US500,risk_only,500,2
2024-02,59.12946463555502,19,19,612.0377121519866,552.9082475164316,10.694263451694628,US500,risk_only,500,2
2024-03,-53.07644832476543,20,20,558.9612638272213,612.0377121519866,-8.672087891143711,US500,risk_only,500,2
2024-04,-23.948996529254863,18,18,535.0122672979663,558.9612638272213,-4.284553882191318,US500,risk_only,500,2
2024-05,25.63221864632381,20,20,560.6444859442902,535.0122672979663,4.790959051420846,US500,risk_only,500,2
2024-06,252.82815050305695,23,23,813.4726364473471,560.6444859442902,45.09598450383758,US500,risk_only,500,2
2024-07,-137.8575968667764,35,35,675.6150395805707,813.4726364473471,-16.946801980806317,US500,risk_only,500,2
2024-08,52.77021549249275,27,27,728.3852550730635,675.6150395805707,7.810692835561074,US500,risk_only,500,2
2024-09,-8.762681676390505,18,18,719.6225733966729,728.3852550730635,-1.2030284269704954,US500,risk_only,500,2
2024-10,34.60513115237256,22,22,754.2277045490455,719.6225733966729,4.808789000188491,US500,risk_only,500,2
2024-11,-11.901565327012246,18,18,742.3261392220332,754.2277045490455,-1.577980397064335,US500,risk_only,500,2
2024-12,-67.67666199703957,16,16,674.6494772249937,742.3261392220332,-9.116836713841915,US500,risk_only,500,2
2025-01,-4.880004671147702,17,17,669.769472553846,674.6494772249937,-0.7233392800095856,US500,risk_only,500,2
2025-02,-86.76037353210455,18,18,583.0090990217415,669.769472553846,-12.953766495401068,US500,risk_only,500,2
2025-03,-33.51232760039439,31,31,549.496771421347,583.0090990217415,-5.748165450012069,US500,risk_only,500,2
2025-04,92.5777484787524,19,22,642.0745199000994,549.496771421347,16.847732924669902,US500,risk_only,500,2
2025-05,1.9776544904765672,21,21,644.052174390576,642.0745199000994,0.30801011863611577,US500,risk_only,500,2
2025-06,-95.7523813182947,27,27,548.2997930722813,644.052174390576,-14.867177711013682,US500,risk_only,500,2
2025-07,97.3627281750016,20,20,645.6625212472829,548.2997930722813,17.757206806417024,US500,risk_only,500,2
2025-08,-33.047770222267715,25,25,612.6147510250152,645.6625212472829,-5.118427837258765,US500,risk_only,500,2
2025-09,201.50222698054066,19,19,814.1169780055559,612.6147510250152,32.89216047171424,US500,risk_only,500,2
2025-10,70.41470124451133,25,25,884.5316792500671,814.1169780055559,8.64921174067823,US500,risk_only,500,2
2025-11,204.77959512687917,16,16,1089.3112743769464,884.5316792500671,23.15118835545806,US500,risk_only,500,2
2025-12,-5.985495460635015,24,24,1083.3257789163113,1089.3112743769464,-0.5494752144246868,US500,risk_only,500,2
2026-01,-97.44422205640794,23,23,985.8815568599034,1083.3257789163113,-8.994913991051225,US500,risk_only,500,2
2026-02,80.4556801627378,16,16,1066.3372370226411,985.8815568599034,8.160785603799543,US500,risk_only,500,2
2026-03,86.49746446320768,20,20,1152.8347014858489,1066.3372370226411,8.111642495456726,US500,risk_only,500,2
2026-04,465.4187422133631,22,22,1618.2534436992119,1152.8347014858489,40.37168048580607,US500,risk_only,500,2
2026-05,-247.73000090523516,23,23,1370.5234427939768,1618.2534436992119,-15.308479760682111,US500,risk_only,500,2
2026-06,-144.4681613107909,14,14,1226.0552814831858,1370.5234427939768,-10.541093774818998,US500,risk_only,500,2
2026-07,-199.80125440159162,22,22,1026.2540270815941,1226.0552814831858,-16.296267992083333,US500,risk_only,500,2
2026-08,322.4676876804248,18,18,1348.721714762019,1026.2540270815941,31.421819468756773,US500,risk_only,500,2
2024-01,67.11182953564497,29,29,567.111829535645,500.0,13.422365907128993,US500,risk_only,500,3
2024-02,89.8586684501364,19,19,656.9704979857813,567.111829535645,15.844964567872493,US500,risk_only,500,3
2024-03,-87.05657976718322,20,20,569.9139182185982,656.9704979857813,-13.251216003472255,US500,risk_only,500,3
2024-04,-40.66231839251829,18,18,529.2515998260799,569.9139182185982,-7.134817573786943,US500,risk_only,500,3
2024-05,34.09965870649221,20,20,563.351258532572,529.2515998260799,6.442995867692771,US500,risk_only,500,3
2024-06,399.5852284952412,23,23,962.9364870278133,563.351258532572,70.93003209686411,US500,risk_only,500,3
2024-07,-240.5470739063629,35,35,722.3894131214504,962.9364870278133,-24.98057526606269,US500,risk_only,500,3
2024-08,78.92738282687316,27,27,801.3167959483236,722.3894131214504,10.925877565927678,US500,risk_only,500,3
2024-09,-21.01819490412747,18,18,780.2986010441962,801.3167959483236,-2.6229569890960978,US500,risk_only,500,3
2024-10,51.201362855660356,22,22,831.4999638998565,780.2986010441962,6.561765302044968,US500,risk_only,500,3
2024-11,-23.736569240491285,18,18,807.7633946593652,831.4999638998565,-2.8546687036717717,US500,risk_only,500,3
2024-12,-112.15983010107637,16,16,695.6035645582888,807.7633946593652,-13.885233082191636,US500,risk_only,500,3
2025-01,-9.70566754106838,17,17,685.8978970172204,695.6035645582888,-1.3952872060440804,US500,risk_only,500,3
2025-02,-130.72922483995086,18,18,555.1686721772696,685.8978970172204,-19.059575107090424,US500,risk_only,500,3
2025-03,-51.521056561437234,31,31,503.64761561583236,555.1686721772696,-9.280252857096764,US500,risk_only,500,3
2025-04,132.20543827494913,22,22,635.8530538907814,503.64761561583236,26.249590820219737,US500,risk_only,500,3
2025-05,-2.734148698981535,21,21,633.1189051918,635.8530538907814,-0.4299969438302283,US500,risk_only,500,3
2025-06,-138.34707549731607,27,27,494.7718296944839,633.1189051918,-21.85167341597619,US500,risk_only,500,3
2025-07,132.60805336499297,20,20,627.3798830594769,494.7718296944839,26.801860050697908,US500,risk_only,500,3
2025-08,-56.05637114873845,25,25,571.3235119107384,627.3798830594769,-8.934996588569957,US500,risk_only,500,3
2025-09,292.9850386347469,19,19,864.3085505454853,571.3235119107384,51.281810135011895,US500,risk_only,500,3
2025-10,103.68132700205115,25,25,967.9898775475365,864.3085505454853,11.995869638986614,US500,risk_only,500,3
2025-11,346.7854023202309,16,16,1314.7752798677675,967.9898775475365,35.82531288434892,US500,risk_only,500,3
2025-12,-24.679760760438302,24,24,1290.095519107329,1314.7752798677675,-1.877108669317273,US500,risk_only,500,3
2026-01,-176.76259942298438,23,23,1113.3329196843447,1290.095519107329,-13.701512547326248,US500,risk_only,500,3
2026-02,131.96188029124005,16,16,1245.2947999755847,1113.3329196843447,11.852867903039664,US500,risk_only,500,3
2026-03,145.2557703255229,20,20,1390.5505703011077,1245.2947999755847,11.664368174376923,US500,risk_only,500,3
2026-04,868.8052121478416,22,22,2259.3557824489494,1390.5505703011077,62.47922446716281,US500,risk_only,500,3
2026-05,-506.0893151974268,23,23,1753.2664672515225,2259.3557824489494,-22.399717615473072,US500,risk_only,500,3
2026-06,-274.3995586407683,14,14,1478.8669086107543,1753.2664672515225,-15.650761807526381,US500,risk_only,500,3
2026-07,-355.50769240491877,22,22,1123.3592162058353,1478.8669086107543,-24.039194489711196,US500,risk_only,500,3
2026-08,513.7457841193974,18,18,1637.1050003252328,1123.3592162058353,45.73299232409224,US500,risk_only,500,3
2024-01,73.55958911129478,29,29,573.5595891112948,500.0,14.711917822258958,US500,risk_only,500,4
2024-02,119.53349163369847,19,19,693.0930807449932,573.5595891112948,20.840640432655015,US500,risk_only,500,4
2024-03,-124.38356030792451,20,20,568.7095204370687,693.0930807449932,-17.94615525150343,US500,risk_only,500,4
2024-04,-57.88652284418694,18,18,510.8229975928818,568.7095204370687,-10.178574608650754,US500,risk_only,500,4
2024-05,38.65590983152461,20,20,549.4789074244064,510.8229975928818,7.56737852713765,US500,risk_only,500,4
2024-06,543.4630303691212,23,23,1092.9419377935276,549.4789074244064,98.90516688193115,US500,risk_only,500,4
2024-07,-356.6177240913111,35,35,736.3242137022164,1092.9419377935276,-32.62915547108243,US500,risk_only,500,4
2024-08,99.45623105956179,27,27,835.7804447617782,736.3242137022164,13.507124879066353,US500,risk_only,500,4
2024-09,-37.0290630652996,18,18,798.7513816964786,835.7804447617782,-4.430477321810749,US500,risk_only,500,4
2024-10,62.142705395313506,22,22,860.8940870917921,798.7513816964786,7.779980957695221,US500,risk_only,500,4
2024-11,-38.201298911185994,18,18,822.6927881806062,860.8940870917921,-4.437398221683083,US500,risk_only,500,4
2024-12,-153.49187808860052,16,16,669.2009100920056,822.6927881806062,-18.657253387142173,US500,risk_only,500,4
2025-01,-16.359647704809475,17,17,652.8412623871961,669.2009100920056,-2.4446541327267854,US500,risk_only,500,4
2025-02,-163.27821835670278,18,18,489.5630440304934,652.8412623871961,-25.010401113381754,US500,risk_only,500,4
2025-03,-65.16481553258913,31,31,424.39822849790426,489.5630440304934,-13.310811820291363,US500,risk_only,500,4
2025-04,148.39498580405052,22,22,572.7932143019548,424.39822849790426,34.9659767264517,US500,risk_only,500,4
2025-05,-8.960652732381611,21,21,563.8325615695732,572.7932143019548,-1.564378297201317,US500,risk_only,500,4
2025-06,-160.16704033225426,27,27,403.6655212373189,563.8325615695732,-28.406844735321428,US500,risk_only,500,4
2025-07,145.1150446316434,20,20,548.7805658689623,403.6655212373189,35.949328589381516,US500,risk_only,500,4
2025-08,-73.5056912508835,25,25,475.2748746180788,548.7805658689623,-13.394368500366168,US500,risk_only,500,4
2025-09,336.32464117563995,19,19,811.5995157937188,475.2748746180788,70.76423752589564,US500,risk_only,500,4
2025-10,120.03792598875808,25,25,931.6374417824768,811.5995157937188,14.790290488451655,US500,risk_only,500,4
2025-11,459.73287611467447,16,16,1391.3703178971514,931.6374417824768,49.34675824482536,US500,risk_only,500,4
2025-12,-52.82435752668778,24,24,1338.5459603704635,1391.3703178971514,-3.7965706790787306,US500,risk_only,500,4
2026-01,-246.95425014196172,23,23,1091.5917102285018,1338.5459603704635,-18.449441218560274,US500,risk_only,500,4
2026-02,166.9990413241103,16,16,1258.5907515526121,1091.5917102285018,15.298672549386854,US500,risk_only,500,4
2026-03,186.86246058052328,20,20,1445.4532121331354,1258.5907515526121,14.846959613361815,US500,risk_only,500,4
2026-04,1237.5002864607454,22,22,2682.953498593881,1445.4532121331354,85.6133063369445,US500,risk_only,500,4
2026-05,-780.9557775526652,23,23,1901.9977210412158,2682.953498593881,-29.108062363434893,US500,risk_only,500,4
2026-06,-391.8181598499224,14,14,1510.1795611912935,1901.9977210412158,-20.600348544867252,US500,risk_only,500,4
2026-07,-473.3618205521453,22,22,1036.817740639148,1510.1795611912935,-31.34473758727985,US500,risk_only,500,4
2026-08,609.1384281517705,18,18,1645.9561687909186,1036.817740639148,58.75077212473874,US500,risk_only,500,4
2024-01,71.62486754185596,29,29,571.624867541856,500.0,14.324973508371192,US500,risk_only,500,5
2024-02,146.3160539385721,19,19,717.9409214804281,571.624867541856,25.59651656999657,US500,risk_only,500,5
2024-03,-163.2636498058597,20,20,554.6772716745684,717.9409214804281,-22.740541027972377,US500,risk_only,500,5
2024-04,-74.77760101355739,18,18,479.899670661011,554.6772716745684,-13.481280887497718,US500,risk_only,500,5
2024-05,39.95602044941137,20,20,519.8556911104224,479.899670661011,8.32591120439324,US500,risk_only,500,5
2024-06,668.9503930060152,23,23,1188.8060841164377,519.8556911104224,128.68001725192687,US500,risk_only,500,5
2024-07,-473.0913979742216,35,35,715.7146861422161,1188.8060841164377,-39.79550612123925,US500,risk_only,500,5
2024-08,110.26278526616127,27,27,825.9774714083774,715.7146861422161,15.405969361966049,US500,risk_only,500,5
2024-09,-54.997466749481724,18,18,770.9800046588957,825.9774714083774,-6.6584705580050905,US500,risk_only,500,5
2024-10,65.61746515966472,22,22,836.5974698185604,770.9800046588957,8.510916594872759,US500,risk_only,500,5
2024-11,-52.99120249701198,18,18,783.6062673215484,836.5974698185604,-6.334133727239768,US500,risk_only,500,5
2024-12,-183.4082140388364,16,16,600.1980532827121,783.6062673215484,-23.40565940925226,US500,risk_only,500,5
2025-01,-22.426461410432807,17,17,577.7715918722793,600.1980532827121,-3.7365101882243597,US500,risk_only,500,5
2025-02,-177.40182918347392,18,18,400.3697626888053,577.7715918722793,-30.704491477090468,US500,risk_only,500,5
2025-03,-71.2090863051926,31,31,329.1606763836127,400.3697626888053,-17.78583023527208,US500,risk_only,500,5
2025-04,141.69472232389222,22,22,470.85539870750495,329.1606763836127,43.04728130973864,US500,risk_only,500,5
2025-05,-15.733335743222217,21,21,455.12206296428275,470.85539870750495,-3.3414368373836476,US500,risk_only,500,5
2025-06,-157.41967965056193,27,27,297.7023833137208,455.12206296428275,-34.58845273842854,US500,risk_only,500,5
2025-07,134.17640579725793,20,20,431.87878911097874,297.7023833137208,45.07065220766537,US500,risk_only,500,5
2025-08,-79.03439675452364,25,25,352.8443923564551,431.87878911097874,-18.30013391424379,US500,risk_only,500,5
2025-09,322.0636500975803,19,19,674.9080424540355,352.8443923564551,91.27639749258674,US500,risk_only,500,5
2025-10,114.83419987006506,25,25,789.7422423241005,674.9080424540355,17.01479203781837,US500,risk_only,500,5
2025-11,502.2641275185769,16,16,1292.0063698426775,789.7422423241005,63.598488291633494,US500,risk_only,500,5
2025-12,-80.17018769149168,24,24,1211.8361821511858,1292.0063698426775,-6.20509229387574,US500,risk_only,500,5
2026-01,-281.62736755555875,23,23,930.2088145956269,1211.8361821511858,-23.23972263772725,US500,risk_only,500,5
2026-02,172.00423139038668,16,16,1102.2130459860136,930.2088145956269,18.49092684260996,US500,risk_only,500,5
2026-03,193.89387524214445,20,20,1296.1069212281582,1102.2130459860136,17.59132464891954,US500,risk_only,500,5
2026-04,1418.3212019734551,22,22,2714.4281232016133,1296.1069212281582,109.42933632585572,US500,risk_only,500,5
2026-05,-961.6860548959694,23,23,1752.742068305644,2714.4281232016133,-35.428680047776695,US500,risk_only,500,5
2026-06,-444.3941315874247,14,14,1308.3479367182192,1752.742068305644,-25.354222941485936,US500,risk_only,500,5
2026-07,-500.04011382519786,22,22,808.3078228930214,1308.3479367182192,-38.21919993847113,US500,risk_only,500,5
2026-08,569.5388317733748,18,18,1377.8466546663963,808.3078228930214,70.46063586703065,US500,risk_only,500,5
2024-01,61.09583004710229,29,29,1061.0958300471023,1000.0,6.109583004710229,US500,risk_only,1000,1
2024-02,57.49159374802599,19,19,1118.5874237951282,1061.0958300471023,5.418133981873619,US500,risk_only,1000,1
2024-03,-47.2332083157482,20,20,1071.3542154793802,1118.5874237951282,-4.222576377221909,US500,risk_only,1000,1
2024-04,-20.694495667306853,18,18,1050.6597198120733,1071.3542154793802,-1.9316203145798096,US500,risk_only,1000,1
2024-05,27.52874073396883,20,20,1078.188460546042,1050.6597198120733,2.6201385867246128,US500,risk_only,1000,1
2024-06,230.09141513300582,23,23,1308.279875679048,1078.188460546042,21.340556271254975,US500,risk_only,1000,1
2024-07,-112.55318162518977,35,35,1195.7266940538582,1308.279875679048,-8.603142471084048,US500,risk_only,1000,1
2024-08,50.01849424693282,27,27,1245.745188300791,1195.7266940538582,4.183104257491794,US500,risk_only,1000,1
2024-09,-4.200474349953115,18,18,1241.5447139508378,1245.745188300791,-0.33718567724773674,US500,risk_only,1000,1
2024-10,32.9409864648529,22,22,1274.4857004156906,1241.5447139508378,2.653225944640225,US500,risk_only,1000,1
2024-11,-7.307449761751119,18,18,1267.1782506539396,1274.4857004156906,-0.5733645939980101,US500,risk_only,1000,1
2024-12,-56.81266201591663,16,16,1210.365588638023,1267.1782506539396,-4.483399394410211,US500,risk_only,1000,1
2025-01,-2.298005636942385,17,17,1208.0675830010807,1210.365588638023,-0.18986045691601666,US500,risk_only,1000,1
2025-02,-78.82162229900172,18,18,1129.245960702079,1208.0675830010807,-6.524603706623192,US500,risk_only,1000,1
2025-03,-28.465947226563138,31,31,1100.7800134755157,1129.245960702079,-2.520792477208879,US500,risk_only,1000,1
2025-04,92.25504215727,19,22,1193.0350556327858,1100.7800134755157,8.380879106443006,US500,risk_only,1000,1
2025-05,5.204191034169947,21,21,1198.2392466669558,1193.0350556327858,0.43621442719548953,US500,risk_only,1000,1
2025-06,-91.00375610839795,27,27,1107.2354905585578,1198.2392466669558,-7.594790135737556,US500,risk_only,1000,1
2025-07,97.16221193371418,20,20,1204.397702492272,1107.2354905585578,8.775207511159127,US500,risk_only,1000,1
2025-08,-24.661032063126783,25,25,1179.736670429145,1204.397702492272,-2.0475821244174965,US500,risk_only,1000,1
2025-09,186.63248923846604,19,19,1366.3691596676113,1179.736670429145,15.819843013829177,US500,risk_only,1000,1
2025-10,62.02455377578871,25,25,1428.3937134434,1366.3691596676113,4.539370150221853,US500,risk_only,1000,1
2025-11,159.51657384430922,16,16,1587.9102872877093,1428.3937134434,11.167549418833959,US500,risk_only,1000,1
2025-12,1.1735874517566103,24,24,1589.0838747394657,1587.9102872877093,0.0739076672751583,US500,risk_only,1000,1
2026-01,-70.22145756760462,23,23,1518.8624171718611,1589.0838747394657,-4.418990003225449,US500,risk_only,1000,1
2026-02,63.52472513729073,16,16,1582.3871423091518,1518.8624171718611,4.182388372975511,US500,risk_only,1000,1
2026-03,67.26764572754318,20,20,1649.654788036695,1582.3871423091518,4.25102327546599,US500,risk_only,1000,1
2026-04,320.1386641206692,22,22,1969.7934521573643,1649.654788036695,19.406403475582675,US500,risk_only,1000,1
2026-05,-154.24823887964698,23,23,1815.5452132777173,1969.7934521573643,-7.83068086203204,US500,risk_only,1000,1
2026-06,-96.73822067553135,14,14,1718.8069926021858,1815.5452132777173,-5.328328921144508,US500,risk_only,1000,1
2026-07,-142.43995103911138,22,22,1576.3670415630745,1718.8069926021858,-8.287140537138763,US500,risk_only,1000,1
2026-08,254.00581107735894,18,18,1830.3728526404334,1576.3670415630745,16.113367279329502,US500,risk_only,1000,1
2024-01,105.67468400427319,29,29,1105.674684004273,1000.0,10.567468400427318,US500,risk_only,1000,2
2024-02,118.6134535178953,19,19,1224.2881375221684,1105.674684004273,10.72769913554762,US500,risk_only,1000,2
2024-03,-106.29886360548875,20,20,1117.9892739166798,1224.2881375221684,-8.682503762604982,US500,risk_only,1000,2
2024-04,-48.039099633335255,18,18,1069.9501742833445,1117.9892739166798,-4.296919546020211,US500,risk_only,1000,2
2024-05,51.1140893267016,20,20,1121.064263610046,1069.9501742833445,4.777240151480695,US500,risk_only,1000,2
2024-06,505.13251182687895,23,23,1626.196775436925,1121.064263610046,45.05830113612341,US500,risk_only,1000,2
2024-07,-275.67269318157054,35,35,1350.5240822553544,1626.196775436925,-16.951988673541862,US500,risk_only,1000,2
2024-08,106.17534843062839,27,27,1456.6994306859829,1350.5240822553544,7.861788606784205,US500,risk_only,1000,2
2024-09,-17.802287117872453,18,18,1438.8971435681106,1456.6994306859829,-1.2220974857860054,US500,risk_only,1000,2
2024-10,69.4614657350406,22,22,1508.358609303151,1438.8971435681106,4.827410078999343,US500,risk_only,1000,2
2024-11,-23.563221993314748,18,18,1484.7953873098363,1508.358609303151,-1.562176384845296,US500,risk_only,1000,2
2024-12,-135.84039102397085,16,16,1348.9549962858655,1484.7953873098363,-9.14876165328662,US500,risk_only,1000,2
2025-01,-9.260100324081037,17,17,1339.6948959617844,1348.9549962858655,-0.6864647337811314,US500,risk_only,1000,2
2025-02,-173.35373749869075,18,18,1166.3411584630937,1339.6948959617844,-12.939792337884354,US500,risk_only,1000,2
2025-03,-66.45420679459065,31,31,1099.8869516685031,1166.3411584630937,-5.697664556582948,US500,risk_only,1000,2
2025-04,196.71337574344082,22,22,1296.600327411944,1099.8869516685031,17.88487220846026,US500,risk_only,1000,2
2025-05,3.7439433504154422,21,21,1300.3442707623594,1296.600327411944,0.288750763921869,US500,risk_only,1000,2
2025-06,-193.76586318631857,27,27,1106.5784075760407,1300.3442707623594,-14.901120229700284,US500,risk_only,1000,2
2025-07,196.37495451554472,20,20,1302.9533620915854,1106.5784075760407,17.746140099164226,US500,risk_only,1000,2
2025-08,-66.33722741020485,25,25,1236.6161346813806,1302.9533620915854,-5.091297151550844,US500,risk_only,1000,2
2025-09,407.2837309746576,19,19,1643.8998656560384,1236.6161346813806,32.935340203983024,US500,risk_only,1000,2
2025-10,140.71852031893718,25,25,1784.6183859749754,1643.8998656560384,8.560042083997617,US500,risk_only,1000,2
2025-11,412.97974333483455,16,16,2197.5981293098102,1784.6183859749754,23.141067388993353,US500,risk_only,1000,2
2025-12,-12.253063090327977,24,24,2185.345066219482,2197.5981293098102,-0.5575661412751676,US500,risk_only,1000,2
2026-01,-197.06902503469155,23,23,1988.2760411847905,2185.345066219482,-9.017753218058571,US500,risk_only,1000,2
2026-02,162.13695965143165,16,16,2150.413000836222,1988.2760411847905,8.154650375146911,US500,risk_only,1000,2
2026-03,173.37184907616233,20,20,2323.7848499123847,2150.413000836222,8.062258227082143,US500,risk_only,1000,2
2026-04,937.3972755231292,22,22,3261.1821254355136,2323.7848499123847,40.339245501082964,US500,risk_only,1000,2
2026-05,-499.20354044905883,23,23,2761.9785849864547,3261.1821254355136,-15.307441327963026,US500,risk_only,1000,2
2026-06,-291.8780045487786,14,14,2470.1005804376764,2761.9785849864547,-10.567714251492289,US500,risk_only,1000,2
2026-07,-403.5439201008075,22,22,2066.556660336869,2470.1005804376764,-16.33714526836408,US500,risk_only,1000,2
2026-08,650.022050787129,18,18,2716.578711123998,2066.556660336869,31.45435415650153,US500,risk_only,1000,2
2024-01,133.8673606164063,29,29,1133.8673606164064,1000.0,13.386736061640631,US500,risk_only,1000,3
2024-02,179.9505466027539,19,19,1313.8179072191601,1133.8673606164064,15.87051121261018,US500,risk_only,1000,3
2024-03,-174.21637069573475,20,20,1139.6015365234255,1313.8179072191601,-13.260313300530576,US500,risk_only,1000,3
2024-04,-80.89477708413641,18,18,1058.706759439289,1139.6015365234255,-7.0985142167253965,US500,risk_only,1000,3
2024-05,68.07898507859679,20,20,1126.7857445178859,1058.706759439289,6.430391085313623,US500,risk_only,1000,3
2024-06,799.7033823142298,23,23,1926.4891268321157,1126.7857445178859,70.97208907771515,US500,risk_only,1000,3
2024-07,-481.9499592025883,35,35,1444.5391676295274,1926.4891268321157,-25.017009049778448,US500,risk_only,1000,3
2024-08,158.2210677238715,27,27,1602.760235353399,1444.5391676295274,10.953047952552959,US500,risk_only,1000,3
2024-09,-42.033810412954615,18,18,1560.7264249404443,1602.760235353399,-2.622588799358777,US500,risk_only,1000,3
2024-10,102.42177826435213,22,22,1663.1482032047966,1560.7264249404443,6.562442759195318,US500,risk_only,1000,3
2024-11,-47.377054534895095,18,18,1615.7711486699013,1663.1482032047966,-2.8486369671447243,US500,risk_only,1000,3
2024-12,-224.71406679389747,16,16,1391.0570818760038,1615.7711486699013,-13.907542969738104,US500,risk_only,1000,3
2025-01,-19.69622825723485,17,17,1371.360853618769,1391.0570818760038,-1.4159180463444514,US500,risk_only,1000,3
2025-02,-261.7177994550244,18,18,1109.6430541637446,1371.360853618769,-19.08453189139819,US500,risk_only,1000,3
2025-03,-103.49374058285554,31,31,1006.149313580889,1109.6430541637446,-9.326759645321356,US500,risk_only,1000,3
2025-04,266.87681146093246,22,22,1273.0261250418216,1006.149313580889,26.524573227716765,US500,risk_only,1000,3
2025-05,-5.20289711208828,21,21,1267.823227929733,1273.0261250418216,-0.408703090199139,US500,risk_only,1000,3
2025-06,-276.79907286573643,27,27,991.0241550639968,1267.823227929733,-21.832623568329,US500,risk_only,1000,3
2025-07,265.83931560123625,20,20,1256.863470665233,991.0241550639968,26.82470596128601,US500,risk_only,1000,3
2025-08,-112.73386995933592,25,25,1144.129600705897,1256.863470665233,-8.969460294654606,US500,risk_only,1000,3
2025-09,587.0439757870222,19,19,1731.1735764929194,1144.129600705897,51.30922016394226,US500,risk_only,1000,3
2025-10,208.04804182239644,25,25,1939.2216183153157,1731.1735764929194,12.01774591799561,US500,risk_only,1000,3
2025-11,695.6381185151729,16,16,2634.8597368304886,1939.2216183153157,35.87202782524172,US500,risk_only,1000,3
2025-12,-49.09128334875441,24,24,2585.7684534817345,2634.8597368304886,-1.8631459831636819,US500,risk_only,1000,3
2026-01,-354.5417603770618,23,23,2231.2266931046724,2585.7684534817345,-13.711272558054134,US500,risk_only,1000,3
2026-02,264.73215801733545,16,16,2495.958851122008,2231.2266931046724,11.864870514298575,US500,risk_only,1000,3
2026-03,290.42854201308944,20,20,2786.387393135097,2495.958851122008,11.63595072420898,US500,risk_only,1000,3
2026-04,1742.441657414362,22,22,4528.829050549459,2786.387393135097,62.53407769886075,US500,risk_only,1000,3
2026-05,-1014.5504543811192,23,23,3514.2785961683403,4528.829050549459,-22.402047925788434,US500,risk_only,1000,3
2026-06,-550.0048992572738,14,14,2964.2736969110665,3514.2785961683403,-15.650577613765474,US500,risk_only,1000,3
2026-07,-712.8500178977418,22,22,2251.4236790133245,2964.2736969110665,-24.04804990310342,US500,risk_only,1000,3
2026-08,1029.9682385927558,18,18,3281.3919176060804,2251.4236790133245,45.74741965244562,US500,risk_only,1000,3
2024-01,146.8406182773434,29,29,1146.8406182773433,1000.0,14.68406182773434,US500,risk_only,1000,4
2024-02,239.23347117550114,19,19,1386.0740894528444,1146.8406182773433,20.860219577403104,US500,risk_only,1000,4
2024-03,-249.17798218643625,20,20,1136.8961072664083,1386.0740894528444,-17.97724840847431,US500,risk_only,1000,4
2024-04,-115.24359243342788,18,18,1021.6525148329804,1136.8961072664083,-10.136686342477105,US500,risk_only,1000,4
2024-05,77.66515609408286,20,20,1099.3176709270633,1021.6525148329804,7.601915031431167,US500,risk_only,1000,4
2024-06,1088.5749943615385,23,23,2187.892665288602,1099.3176709270633,99.0227868750199,US500,risk_only,1000,4
2024-07,-714.2611326899707,35,35,1473.631532598631,2187.892665288602,-32.64607738861602,US500,risk_only,1000,4
2024-08,199.09503024794327,27,27,1672.7265628465743,1473.631532598631,13.510502852558751,US500,risk_only,1000,4
2024-09,-74.24109912263698,18,18,1598.4854637239373,1672.7265628465743,-4.438328461544645,US500,risk_only,1000,4
2024-10,124.17661599927752,22,22,1722.662079723215,1598.4854637239373,7.76839194458406,US500,risk_only,1000,4
2024-11,-76.08261534329604,18,18,1646.5794643799186,1722.662079723215,-4.416572248198582,US500,risk_only,1000,4
2024-12,-307.494007807402,16,16,1339.0854565725167,1646.5794643799186,-18.674714124605,US500,risk_only,1000,4
2025-01,-32.971015570959935,17,17,1306.1144410015568,1339.0854565725167,-2.462203992219553,US500,risk_only,1000,4
2025-02,-327.2919047355688,18,18,978.822536265988,1306.1144410015568,-25.05844009232409,US500,risk_only,1000,4
2025-03,-130.30576350646743,31,31,848.5167727595206,978.822536265988,-13.312501365524115,US500,risk_only,1000,4
2025-04,296.6900139201881,22,22,1145.2067866797088,848.5167727595206,34.96572176826886,US500,risk_only,1000,4
2025-05,-18.901148329634765,21,21,1126.3056383500739,1145.2067866797088,-1.650457240515903,US500,risk_only,1000,4
2025-06,-320.39581634154297,27,27,805.9098220085309,1126.3056383500739,-28.446613905874703,US500,risk_only,1000,4
2025-07,290.4455496678185,20,20,1096.3553716763495,805.9098220085309,36.039460214537996,US500,risk_only,1000,4
2025-08,-146.71171514898452,25,25,949.6436565273649,1096.3553716763495,-13.381766436247705,US500,risk_only,1000,4
2025-09,672.6512935280057,19,19,1622.2949500553705,949.6436565273649,70.83196827615755,US500,risk_only,1000,4
2025-10,240.9520763038266,25,25,1863.2470263591972,1622.2949500553705,14.852544310490684,US500,risk_only,1000,4
2025-11,920.548279826638,16,16,2783.795306185835,1863.2470263591972,49.405595007195494,US500,risk_only,1000,4
2025-12,-105.38811004574353,24,24,2678.4071961400914,2783.795306185835,-3.7857708076294974,US500,risk_only,1000,4
2026-01,-494.7745636387257,23,23,2183.632632501366,2678.4071961400914,-18.47271633498281,US500,risk_only,1000,4
2026-02,334.6437892534548,16,16,2518.276421754821,2183.632632501366,15.325095635254273,US500,risk_only,1000,4
2026-03,373.31506568357327,20,20,2891.5914874383943,2518.276421754821,14.824229082184495,US500,risk_only,1000,4
2026-04,2476.4883272541283,22,22,5368.079814692523,2891.5914874383943,85.64447426313328,US500,risk_only,1000,4
2026-05,-1562.807472230571,23,23,3805.2723424619517,5368.079814692523,-29.112970115554937,US500,risk_only,1000,4
2026-06,-783.8558640848536,14,14,3021.416478377098,3805.2723424619517,-20.599205353530913,US500,risk_only,1000,4
2026-07,-947.2144389697932,22,22,2074.2020394073047,3021.416478377098,-31.350012345155843,US500,risk_only,1000,4
2026-08,1219.4319654336625,18,18,3293.6340048409675,2074.2020394073047,58.79041396478959,US500,risk_only,1000,4
2024-01,143.868331230248,29,29,1143.868331230248,1000.0,14.3868331230248,US500,risk_only,1000,5
2024-02,292.84370560504385,19,19,1436.7120368352919,1143.868331230248,25.60117258339392,US500,risk_only,1000,5
2024-03,-326.4341366746967,20,20,1110.2779001605952,1436.7120368352919,-22.720916112998353,US500,risk_only,1000,5
2024-04,-149.48254630500998,18,18,960.7953538555853,1110.2779001605952,-13.463525328513537,US500,risk_only,1000,5
2024-05,79.84942428176728,20,20,1040.6447781373524,960.7953538555853,8.310762948773506,US500,risk_only,1000,5
2024-06,1341.6261327902278,23,23,2382.27091092758,1040.6447781373524,128.9225834767173,US500,risk_only,1000,5
2024-07,-948.9523325104578,35,35,1433.3185784171224,2382.27091092758,-39.83393862375485,US500,risk_only,1000,5
2024-08,220.2817458390364,27,27,1653.6003242561587,1433.3185784171224,15.368652102612343,US500,risk_only,1000,5
2024-09,-110.57957621394775,18,18,1543.020748042211,1653.6003242561587,-6.687200927085564,US500,risk_only,1000,5
2024-10,131.6730136078734,22,22,1674.6937616500843,1543.020748042211,8.533457101917813,US500,risk_only,1000,5
2024-11,-105.7716914302052,18,18,1568.922070219879,1674.6937616500843,-6.315882572225492,US500,risk_only,1000,5
2024-12,-367.60285009693695,16,16,1201.3192201229422,1568.922070219879,-23.430281023799907,US500,risk_only,1000,5
2025-01,-44.64359827847966,17,17,1156.6756218444625,1201.3192201229422,-3.7162144358192206,US500,risk_only,1000,5
2025-02,-355.890480979302,18,18,800.7851408651604,1156.6756218444625,-30.768391263558453,US500,risk_only,1000,5
2025-03,-141.9755605041138,31,31,658.8095803610466,800.7851408651604,-17.729544825310416,US500,risk_only,1000,5
2025-04,284.21571443450296,22,22,943.0252947955496,658.8095803610466,43.140798632397626,US500,risk_only,1000,5
2025-05,-31.29693312670137,21,21,911.7283616688483,943.0252947955496,-3.3187798142240315,US500,risk_only,1000,5
2025-06,-315.81521025540206,27,27,595.9131514134461,911.7283616688483,-34.639178019791636,US500,risk_only,1000,5
2025-07,268.96775344137563,20,20,864.8809048548218,595.9131514134461,45.135394780835284,US500,risk_only,1000,5
2025-08,-157.91979605842073,25,25,706.961108796401,864.8809048548218,-18.259137780932857,US500,risk_only,1000,5
2025-09,645.8006880258806,19,19,1352.7617968222817,706.961108796401,91.34882810248985,US500,risk_only,1000,5
2025-10,231.25761212519512,25,25,1584.0194089474767,1352.7617968222817,17.095220508771984,US500,risk_only,1000,5
2025-11,1008.62203269771,16,16,2592.6414416451867,1584.0194089474767,63.67485316154698,US500,risk_only,1000,5
2025-12,-161.48107598773134,24,24,2431.1603656574553,2592.6414416451867,-6.2284384332475184,US500,risk_only,1000,5
2026-01,-564.9443904210735,23,23,1866.2159752363818,2431.1603656574553,-23.237643982744693,US500,risk_only,1000,5
2026-02,344.98079788292085,16,16,2211.1967731193026,1866.2159752363818,18.48557736406818,US500,risk_only,1000,5
2026-03,388.21277653266515,20,20,2599.4095496519676,2211.1967731193026,17.556681578592354,US500,risk_only,1000,5
2026-04,2846.302772287044,22,22,5445.712321939011,2599.4095496519676,109.4980501502017,US500,risk_only,1000,5
2026-05,-1929.7280192241576,23,23,3515.9843027148536,5445.712321939011,-35.43573191426048,US500,risk_only,1000,5
2026-06,-891.7525606727168,14,14,2624.231742042137,3515.9843027148536,-25.362814048519883,US500,risk_only,1000,5
2026-07,-1003.6429831461658,22,22,1620.588758895971,2624.231742042137,-38.24521162011196,US500,risk_only,1000,5
2026-08,1142.2372801864958,18,18,2762.826039082467,1620.588758895971,70.4828584004647,US500,risk_only,1000,5
2024-01,183.0535278164241,29,29,3183.0535278164243,3000.0,6.10178426054747,US500,risk_only,3000,1
2024-02,172.95737971145456,19,19,3356.0109075278788,3183.0535278164243,5.433693722081494,US500,risk_only,3000,1
2024-03,-141.41787296575174,20,20,3214.593034562127,3356.0109075278788,-4.213868097047505,US500,risk_only,3000,1
2024-04,-62.748759985644966,18,18,3151.844274576482,3214.593034562127,-1.9519970120943235,US500,risk_only,3000,1
2024-05,82.4368839029776,20,20,3234.2811584794595,3151.844274576482,2.6155125926725793,US500,risk_only,3000,1
2024-06,692.3683301701907,23,23,3926.6494886496503,3234.2811584794595,21.407178171723807,US500,risk_only,3000,1
2024-07,-338.52961268680485,35,35,3588.1198759628455,3926.6494886496503,-8.62133515266276,US500,risk_only,3000,1
2024-08,151.12854231962257,27,27,3739.2484182824683,3588.1198759628455,4.21191452749522,US500,risk_only,3000,1
2024-09,-12.47936208575264,18,18,3726.7690561967156,3739.2484182824683,-0.33373985062711425,US500,risk_only,3000,1
2024-10,98.94268321472731,22,22,3825.711739411443,3726.7690561967156,2.6549185560669386,US500,risk_only,3000,1
2024-11,-22.82361291341188,18,18,3802.888126498031,3825.711739411443,-0.5965847525387034,US500,risk_only,3000,1
2024-12,-171.31746315111954,16,16,3631.5706633469113,3802.888126498031,-4.504930396384834,US500,risk_only,3000,1
2025-01,-6.611505346749837,17,17,3624.9591580001616,3631.5706633469113,-0.1820563596208967,US500,risk_only,3000,1
2025-02,-237.35611065643087,18,18,3387.6030473437304,3624.9591580001616,-6.547828549532593,US500,risk_only,3000,1
2025-03,-87.11398991577987,31,31,3300.4890574279507,3387.6030473437304,-2.571552472303012,US500,risk_only,3000,1
2025-04,297.2537973344196,22,22,3597.7428547623704,3300.4890574279507,9.006356093362342,US500,risk_only,3000,1
2025-05,16.259560267503957,21,21,3614.002415029874,3597.7428547623704,0.4519378100072106,US500,risk_only,3000,1
2025-06,-275.6285317789053,27,27,3338.373883250969,3614.002415029874,-7.626683663315341,US500,risk_only,3000,1
2025-07,293.4621373440446,20,20,3631.8360205950135,3338.373883250969,8.79057132624899,US500,risk_only,3000,1
2025-08,-74.03291776698208,25,25,3557.803102828031,3631.8360205950135,-2.038443292790875,US500,risk_only,3000,1
2025-09,564.2115426586382,19,19,4122.01464548667,3557.803102828031,15.858425167209422,US500,risk_only,3000,1
2025-10,187.66763974175188,25,25,4309.682285228421,4122.01464548667,4.552813511888789,US500,risk_only,3000,1
2025-11,482.45913648072303,16,16,4792.141421709144,4309.682285228421,11.194772712929852,US500,risk_only,3000,1
2025-12,3.4593440984744106,24,24,4795.600765807619,4792.141421709144,0.07218785494941875,US500,risk_only,3000,1
2026-01,-212.36593633400122,23,23,4583.2348294736175,4795.600765807619,-4.428348953652672,US500,risk_only,3000,1
2026-02,191.7673870410415,16,16,4775.002216514659,4583.2348294736175,4.184105641016563,US500,risk_only,3000,1
2026-03,201.16264686873194,20,20,4976.164863383391,4775.002216514659,4.212828345356526,US500,risk_only,3000,1
2026-04,969.5500825645979,22,22,5945.714945947989,4976.164863383391,19.483881848427785,US500,risk_only,3000,1
2026-05,-465.7165254686122,23,23,5479.998420479376,5945.714945947989,-7.832809505709629,US500,risk_only,3000,1
2026-06,-293.0452969477169,14,14,5186.953123531659,5479.998420479376,-5.347543456446508,US500,risk_only,3000,1
2026-07,-429.94881329163786,22,22,4757.004310240021,5186.953123531659,-8.289043742097617,US500,risk_only,3000,1
2026-08,768.5693997849321,18,18,5525.5737100249535,4757.004310240021,16.15658405291949,US500,risk_only,3000,1
2024-01,316.9865119360055,29,29,3316.9865119360056,3000.0,10.566217064533518,US500,risk_only,3000,2
2024-02,356.0700000202251,19,19,3673.0565119562307,3316.9865119360056,10.73474368192109,US500,risk_only,3000,2
2024-03,-318.6085763740015,20,20,3354.447935582229,3673.0565119562307,-8.674208396655295,US500,risk_only,3000,2
2024-04,-145.2931937330427,18,18,3209.1547418491864,3354.447935582229,-4.331359333136415,US500,risk_only,3000,2
2024-05,153.01615065462605,20,20,3362.1708925038124,3209.1547418491864,4.76811381698767,US500,risk_only,3000,2
2024-06,1517.3758269664063,23,23,4879.546719470219,3362.1708925038124,45.13083586409895,US500,risk_only,3000,2
2024-07,-829.3982888314396,35,35,4050.1484306387792,4879.546719470219,-16.997445388154595,US500,risk_only,3000,2
2024-08,319.701944857983,27,27,4369.850375496762,4050.1484306387792,7.893585885383475,US500,risk_only,3000,2
2024-09,-53.10585359606681,18,18,4316.744521900696,4369.850375496762,-1.2152785343372257,US500,risk_only,3000,2
2024-10,209.13539563337218,22,22,4525.879917534068,4316.744521900696,4.844748040388739,US500,risk_only,3000,2
2024-11,-70.12412917689471,18,18,4455.7557883571735,4525.879917534068,-1.54940322002847,US500,risk_only,3000,2
2024-12,-408.4479659733121,16,16,4047.307822383861,4455.7557883571735,-9.16674937707719,US500,risk_only,3000,2
2025-01,-26.19521970567439,17,17,4021.1126026781867,4047.307822383861,-0.6472257820569088,US500,risk_only,3000,2
2025-02,-519.6809547417138,18,18,3501.431647936473,4021.1126026781867,-12.923810051864502,US500,risk_only,3000,2
2025-03,-200.16096534694523,31,31,3301.2706825895275,3501.431647936473,-5.716546415090173,US500,risk_only,3000,2
2025-04,590.6918347475478,22,22,3891.9625173370755,3301.2706825895275,17.892862825904572,US500,risk_only,3000,2
2025-05,11.17792498201517,21,21,3903.1404423190907,3891.9625173370755,0.2872053605917878,US500,risk_only,3000,2
2025-06,-582.2431536194581,27,27,3320.8972886996326,3903.1404423190907,-14.917299600767436,US500,risk_only,3000,2
2025-07,589.8590022930845,20,20,3910.756290992717,3320.8972886996326,17.76203691394672,US500,risk_only,3000,2
2025-08,-199.309751901913,25,25,3711.446539090804,3910.756290992717,-5.096450330105323,US500,risk_only,3000,2
2025-09,1224.4386154733543,19,19,4935.885154564158,3711.446539090804,32.99087303500015,US500,risk_only,3000,2
2025-10,423.35128861597684,25,25,5359.236443180135,4935.885154564158,8.577008487008833,US500,risk_only,3000,2
2025-11,1241.0694537126483,16,16,6600.3058968927835,5359.236443180135,23.15757975731718,US500,risk_only,3000,2
2025-12,-38.1726796599595,24,24,6562.133217232824,6600.3058968927835,-0.5783471290009452,US500,risk_only,3000,2
2026-01,-591.9898528161858,23,23,5970.143364416638,6562.133217232824,-9.02130196414728,US500,risk_only,3000,2
2026-02,486.77303334110303,16,16,6456.916397757741,5970.143364416638,8.153456351523767,US500,risk_only,3000,2
2026-03,522.1359217129307,20,20,6979.052319470672,6456.916397757741,8.086459380119123,US500,risk_only,3000,2
2026-04,2819.8848696265113,22,22,9798.937189097183,6979.052319470672,40.40498251831971,US500,risk_only,3000,2
2026-05,-1500.2998488857181,23,23,8298.637340211466,9798.937189097183,-15.310842593776714,US500,risk_only,3000,2
2026-06,-877.8836825873058,14,14,7420.753657624159,8298.637340211466,-10.57864859732424,US500,risk_only,3000,2
2026-07,-1212.8887133790836,22,22,6207.864944245075,7420.753657624159,-16.344548941237917,US500,risk_only,3000,2
2026-08,1953.907935902812,18,18,8161.772880147888,6207.864944245075,31.47471720875884,US500,risk_only,3000,2
2024-01,402.26739330830117,29,29,3402.267393308301,3000.0,13.408913110276705,US500,risk_only,3000,3
2024-02,540.6985043717075,19,19,3942.9658976800088,3402.267393308301,15.892298924980802,US500,risk_only,3000,3
2024-03,-523.1828884429638,20,20,3419.783009237045,3942.9658976800088,-13.268765239658753,US500,risk_only,3000,3
2024-04,-242.73044035501334,18,18,3177.0525688820317,3419.783009237045,-7.097831637252523,US500,risk_only,3000,3
2024-05,204.1305816204192,20,20,3381.1831505024506,3177.0525688820317,6.425155932885632,US500,risk_only,3000,3
2024-06,2404.0604494072513,23,23,5785.2435999097015,3381.1831505024506,71.10116022700524,US500,risk_only,3000,3
2024-07,-1447.7312676841598,35,35,4337.512332225542,5785.2435999097015,-25.024551562647364,US500,risk_only,3000,3
2024-08,477.00297345927845,27,27,4814.515305684821,4337.512332225542,10.997155441274149,US500,risk_only,3000,3
2024-09,-125.3588360233147,18,18,4689.156469661506,4814.515305684821,-2.6037685636868804,US500,risk_only,3000,3
2024-10,306.8893573115841,22,22,4996.04582697309,4689.156469661506,6.544660202685397,US500,risk_only,3000,3
2024-11,-141.66398013048519,18,18,4854.381846842605,4996.04582697309,-2.835522031556582,US500,risk_only,3000,3
2024-12,-675.1198483999486,16,16,4179.2619984426565,4854.381846842605,-13.907431877017693,US500,risk_only,3000,3
2025-01,-59.253765776213356,17,17,4120.008232666442,4179.2619984426565,-1.4178045262128445,US500,risk_only,3000,3
2025-02,-787.0562780820818,18,18,3332.951954584361,4120.008232666442,-19.103269547903405,US500,risk_only,3000,3
2025-03,-311.96824578746333,31,31,3020.9837087968976,3332.951954584361,-9.360118298685997,US500,risk_only,3000,3
2025-04,805.0503189410097,22,22,3826.0340277379073,3020.9837087968976,26.64861503876232,US500,risk_only,3000,3
2025-05,-16.09208491793376,21,21,3809.9419428199735,3826.0340277379073,-0.4205944014420592,US500,risk_only,3000,3
2025-06,-832.728104462609,27,27,2977.2138383573642,3809.9419428199735,-21.856713749455604,US500,risk_only,3000,3
2025-07,799.4655242636063,20,20,3776.6793626209706,2977.2138383573642,26.85280828550428,US500,risk_only,3000,3
2025-08,-337.8701418499428,25,25,3438.809220771028,3776.6793626209706,-8.946222578330424,US500,risk_only,3000,3
2025-09,1766.380159269491,19,19,5205.189380040519,3438.809220771028,51.36604114587795,US500,risk_only,3000,3
2025-10,626.0527854419167,25,25,5831.242165482436,5205.189380040519,12.0274737330891,US500,risk_only,3000,3
2025-11,2094.1591965426987,16,16,7925.401362025134,5831.242165482436,35.91274615447981,US500,risk_only,3000,3
2025-12,-148.44355364301515,24,24,7776.957808382119,7925.401362025134,-1.8730099191479204,US500,risk_only,3000,3
2026-01,-1066.7818177576114,23,23,6710.175990624508,7776.957808382119,-13.7172123604402,US500,risk_only,3000,3
2026-02,796.3710594063577,16,16,7506.547050030866,6710.175990624508,11.868109875494346,US500,risk_only,3000,3
2026-03,873.4467316463034,20,20,8379.993781677169,7506.547050030866,11.635799067464873,US500,risk_only,3000,3
2026-04,5241.555072288795,22,22,13621.548853965964,8379.993781677169,62.5484362977624,US500,risk_only,3000,3
2026-05,-3052.905589869342,23,23,10568.643264096621,13621.548853965964,-22.4123234633518,US500,risk_only,3000,3
2026-06,-1655.3865177516138,14,14,8913.256746345007,10568.643264096621,-15.663188513280865,US500,risk_only,3000,3
2026-07,-2143.976711503923,22,22,6769.280034841085,8913.256746345007,-24.053797310204125,US500,risk_only,3000,3
2026-08,3097.3967845279362,18,18,9866.67681936902,6769.280034841085,45.756664942,US500,risk_only,3000,3
2024-01,439.69988542822125,29,29,3439.699885428221,3000.0,14.656662847607373,US500,risk_only,3000,4
2024-02,717.6558892697278,19,19,4157.3557746979495,3439.699885428221,20.863910026277892,US500,risk_only,3000,4
2024-03,-747.3808707458297,20,20,3409.9749039521193,4157.3557746979495,-17.977313255085324,US500,risk_only,3000,4
2024-04,-346.549936906545,18,18,3063.4249670455742,3409.9749039521193,-10.162829541792165,US500,risk_only,3000,4
2024-05,233.2685795847674,20,20,3296.6935466303416,3063.4249670455742,7.614633362792499,US500,risk_only,3000,4
2024-06,3266.661534550324,23,23,6563.355081180665,3296.6935466303416,99.08902627268118,US500,risk_only,3000,4
2024-07,-2143.092871328587,35,35,4420.262209852079,6563.355081180665,-32.65239873237319,US500,risk_only,3000,4
2024-08,597.205336697422,27,27,5017.4675465495,4420.262209852079,13.510631459064667,US500,risk_only,3000,4
2024-09,-223.11750712753434,18,18,4794.350039421966,5017.4675465495,-4.446815152416315,US500,risk_only,3000,4
2024-10,372.86271737117966,22,22,5167.212756793146,4794.350039421966,7.77712754190418,US500,risk_only,3000,4
2024-11,-228.79132054378022,18,18,4938.421436249366,5167.212756793146,-4.42775111675045,US500,risk_only,3000,4
2024-12,-922.4482720980152,16,16,4015.973164151351,4938.421436249366,-18.679010773098305,US500,risk_only,3000,4
2025-01,-98.06995481853448,17,17,3917.903209332816,4015.973164151351,-2.4419972646719237,US500,risk_only,3000,4
2025-02,-981.7419828487019,18,18,2936.161226484114,3917.903209332816,-25.05784166668793,US500,risk_only,3000,4
2025-03,-393.8691320641039,31,31,2542.2920944200105,2936.161226484114,-13.41442453879618,US500,risk_only,3000,4
2025-04,892.8954557787243,22,22,3435.1875501987347,2542.2920944200105,35.12167062701056,US500,risk_only,3000,4
2025-05,-56.5363350599564,21,21,3378.6512151387783,3435.1875501987347,-1.6458005344332838,US500,risk_only,3000,4
2025-06,-960.9091809115898,27,27,2417.7420342271885,3378.6512151387783,-28.44061489999406,US500,risk_only,3000,4
2025-07,870.7183810408056,20,20,3288.460415267994,2417.7420342271885,36.01370074699155,US500,risk_only,3000,4
2025-08,-441.17022661132,25,25,2847.290188656674,3288.460415267994,-13.415707379751648,US500,risk_only,3000,4
2025-09,2017.6841249466531,19,19,4864.974313603327,2847.290188656674,70.86331182486806,US500,risk_only,3000,4
2025-10,723.2605021924544,25,25,5588.234815795781,4864.974313603327,14.866686966261886,US500,risk_only,3000,4
2025-11,2763.412876899096,16,16,8351.647692694878,5588.234815795781,49.450550450886475,US500,risk_only,3000,4
2025-12,-315.67846797168727,24,24,8035.96922472319,8351.647692694878,-3.7798345857884876,US500,risk_only,3000,4
2026-01,-1484.6143893804951,23,23,6551.354835342694,8035.96922472319,-18.4746151691694,US500,risk_only,3000,4
2026-02,1004.1360056184902,16,16,7555.490840961184,6551.354835342694,15.327150350664297,US500,risk_only,3000,4
2026-03,1117.7558946561428,20,20,8673.246735617327,7555.490840961184,14.793954730199177,US500,risk_only,3000,4
2026-04,7431.536325797441,22,22,16104.783061414768,8673.246735617327,85.68344187972065,US500,risk_only,3000,4
2026-05,-4690.1794259677135,23,23,11414.603635447054,16104.783061414768,-29.122897266495013,US500,risk_only,3000,4
2026-06,-2350.970696690156,14,14,9063.632938756899,11414.603635447054,-20.59616585712553,US500,risk_only,3000,4
2026-07,-2843.625500246092,22,22,6220.007438510806,9063.632938756899,-31.374014365547588,US500,risk_only,3000,4
2026-08,3658.442764833056,18,18,9878.450203343862,6220.007438510806,58.81733745496871,US500,risk_only,3000,4
2024-01,432.119155614232,29,29,3432.119155614232,3000.0,14.403971853807734,US500,risk_only,3000,5
2024-02,879.1164824874157,19,19,4311.235638101648,3432.119155614232,25.61439281760845,US500,risk_only,3000,5
2024-03,-980.0163897064149,20,20,3331.219248395233,4311.235638101648,-22.731682328965487,US500,risk_only,3000,5
2024-04,-448.87256456957505,18,18,2882.3466838256577,3331.219248395233,-13.474722949737187,US500,risk_only,3000,5
2024-05,239.68857538464178,20,20,3122.0352592102995,2882.3466838256577,8.315744137568833,US500,risk_only,3000,5
2024-06,4024.832675918893,23,23,7146.867935129193,3122.0352592102995,128.91695133952302,US500,risk_only,3000,5
2024-07,-2847.1148115311503,35,35,4299.753123598042,7146.867935129193,-39.83723831717458,US500,risk_only,3000,5
2024-08,662.4816043986589,27,27,4962.234727996702,4299.753123598042,15.407433528283432,US500,risk_only,3000,5
2024-09,-331.8079352932069,18,18,4630.426792703494,4962.234727996702,-6.686663438574595,US500,risk_only,3000,5
2024-10,394.4579805573885,22,22,5024.884773260883,4630.426792703494,8.51882554711728,US500,risk_only,3000,5
2024-11,-317.43511407548783,18,18,4707.449659185395,5024.884773260883,-6.317261557213566,US500,risk_only,3000,5
2024-12,-1103.7471193832462,16,16,3603.702539802149,4707.449659185395,-23.44681726398419,US500,risk_only,3000,5
2025-01,-134.34174413245563,17,17,3469.3607956696937,3603.702539802149,-3.7278810514652325,US500,risk_only,3000,5
2025-02,-1067.4102783357478,18,18,2401.9505173339458,3469.3607956696937,-30.766770630141526,US500,risk_only,3000,5
2025-03,-427.0897051378109,31,31,1974.860812196135,2401.9505173339458,-17.780953523216656,US500,risk_only,3000,5
2025-04,851.1516401681715,22,22,2826.0124523643062,1974.860812196135,43.09932299591546,US500,risk_only,3000,5
2025-05,-94.77016152887404,21,21,2731.2422908354324,2826.0124523643062,-3.3534941238347047,US500,risk_only,3000,5
2025-06,-946.4442016953598,27,27,1784.7980891400725,2731.2422908354324,-34.652517093452786,US500,risk_only,3000,5
2025-07,806.4047741790961,20,20,2591.2028633191685,1784.7980891400725,45.181848808882755,US500,risk_only,3000,5
2025-08,-473.7354365309704,25,25,2117.4674267881983,2591.2028633191685,-18.282452649197253,US500,risk_only,3000,5
2025-09,1934.819802082665,19,19,4052.287228870863,2117.4674267881983,91.37424158715038,US500,risk_only,3000,5
2025-10,693.7292797215227,25,25,4746.016508592386,4052.287228870863,17.119449844990992,US500,risk_only,3000,5
2025-11,3024.269083906152,16,16,7770.285592498538,4746.016508592386,63.72226220517542,US500,risk_only,3000,5
2025-12,-482.449884259925,24,24,7287.835708238613,7770.285592498538,-6.208908006234467,US500,risk_only,3000,5
2026-01,-1694.4515141501981,23,23,5593.384194088415,7287.835708238613,-23.250407692844764,US500,risk_only,3000,5
2026-02,1034.8806390824416,16,16,6628.264833170857,5593.384194088415,18.50186940808027,US500,risk_only,3000,5
2026-03,1164.869016999171,20,20,7793.1338501700275,6628.264833170857,17.574267871278103,US500,risk_only,3000,5
2026-04,8535.003631984811,22,22,16328.137482154838,7793.1338501700275,109.51953085982989,US500,risk_only,3000,5
2026-05,-5787.015947764223,23,23,10541.121534390615,16328.137482154838,-35.44198445223102,US500,risk_only,3000,5
2026-06,-2674.16418348972,14,14,7866.957350900895,10541.121534390615,-25.368877256231293,US500,risk_only,3000,5
2026-07,-3010.0243133454305,22,22,4856.933037555465,7866.957350900895,-38.26160711295496,US500,risk_only,3000,5
2026-08,3425.823356538722,18,18,8282.756394094187,4856.933037555465,70.53470430926443,US500,risk_only,3000,5
2024-01,0.0,0,29,500.0,500.0,0.0,US500_x100,risk_only,500,1
2024-02,0.0,0,19,500.0,500.0,0.0,US500_x100,risk_only,500,1
2024-03,0.0,0,20,500.0,500.0,0.0,US500_x100,risk_only,500,1
2024-04,0.0,0,18,500.0,500.0,0.0,US500_x100,risk_only,500,1
2024-05,0.0,0,20,500.0,500.0,0.0,US500_x100,risk_only,500,1
2024-06,0.0,0,23,500.0,500.0,0.0,US500_x100,risk_only,500,1
2024-07,0.0,0,35,500.0,500.0,0.0,US500_x100,risk_only,500,1
2024-08,0.0,0,27,500.0,500.0,0.0,US500_x100,risk_only,500,1
2024-09,0.0,0,18,500.0,500.0,0.0,US500_x100,risk_only,500,1
2024-10,0.0,0,22,500.0,500.0,0.0,US500_x100,risk_only,500,1
2024-11,0.0,0,18,500.0,500.0,0.0,US500_x100,risk_only,500,1
2024-12,0.0,0,16,500.0,500.0,0.0,US500_x100,risk_only,500,1
2025-01,0.0,0,17,500.0,500.0,0.0,US500_x100,risk_only,500,1
2025-02,0.0,0,18,500.0,500.0,0.0,US500_x100,risk_only,500,1
2025-03,0.0,0,31,500.0,500.0,0.0,US500_x100,risk_only,500,1
2025-04,0.0,0,22,500.0,500.0,0.0,US500_x100,risk_only,500,1
2025-05,0.0,0,21,500.0,500.0,0.0,US500_x100,risk_only,500,1
2025-06,0.0,0,27,500.0,500.0,0.0,US500_x100,risk_only,500,1
2025-07,0.0,0,20,500.0,500.0,0.0,US500_x100,risk_only,500,1
2025-08,0.0,0,25,500.0,500.0,0.0,US500_x100,risk_only,500,1
2025-09,0.0,0,19,500.0,500.0,0.0,US500_x100,risk_only,500,1
2025-10,0.0,0,25,500.0,500.0,0.0,US500_x100,risk_only,500,1
2025-11,0.0,0,16,500.0,500.0,0.0,US500_x100,risk_only,500,1
2025-12,0.0,0,24,500.0,500.0,0.0,US500_x100,risk_only,500,1
2026-01,0.0,0,23,500.0,500.0,0.0,US500_x100,risk_only,500,1
2026-02,0.0,0,16,500.0,500.0,0.0,US500_x100,risk_only,500,1
2026-03,0.0,0,20,500.0,500.0,0.0,US500_x100,risk_only,500,1
2026-04,0.0,0,22,500.0,500.0,0.0,US500_x100,risk_only,500,1
2026-05,0.0,0,23,500.0,500.0,0.0,US500_x100,risk_only,500,1
2026-06,0.0,0,14,500.0,500.0,0.0,US500_x100,risk_only,500,1
2026-07,0.0,0,22,500.0,500.0,0.0,US500_x100,risk_only,500,1
2026-08,0.0,0,18,500.0,500.0,0.0,US500_x100,risk_only,500,1
2024-01,0.0,0,29,500.0,500.0,0.0,US500_x100,risk_only,500,2
2024-02,4.2210406699796295,1,19,504.22104066997963,500.0,0.844208133995926,US500_x100,risk_only,500,2
2024-03,0.0,0,20,504.22104066997963,504.22104066997963,0.0,US500_x100,risk_only,500,2
2024-04,0.0,0,18,504.22104066997963,504.22104066997963,0.0,US500_x100,risk_only,500,2
2024-05,0.5180253222852114,1,20,504.73906599226484,504.22104066997963,0.10273774406496196,US500_x100,risk_only,500,2
2024-06,33.40994347149535,1,23,538.1490094637602,504.73906599226484,6.619250563816545,US500_x100,risk_only,500,2
2024-07,-18.411709432371026,2,35,519.7373000313892,538.1490094637602,-3.421303228025527,US500_x100,risk_only,500,2
2024-08,0.0,0,27,519.7373000313892,519.7373000313892,0.0,US500_x100,risk_only,500,2
2024-09,0.0,0,18,519.7373000313892,519.7373000313892,0.0,US500_x100,risk_only,500,2
2024-10,0.0,0,22,519.7373000313892,519.7373000313892,0.0,US500_x100,risk_only,500,2
2024-11,0.0,0,18,519.7373000313892,519.7373000313892,0.0,US500_x100,risk_only,500,2
2024-12,-10.129870842575656,1,16,509.6074291888135,519.7373000313892,-1.9490367233530994,US500_x100,risk_only,500,2
2025-01,0.0,0,17,509.6074291888135,509.6074291888135,0.0,US500_x100,risk_only,500,2
2025-02,0.0,0,18,509.6074291888135,509.6074291888135,0.0,US500_x100,risk_only,500,2
2025-03,0.0,0,31,509.6074291888135,509.6074291888135,0.0,US500_x100,risk_only,500,2
2025-04,0.0,0,22,509.6074291888135,509.6074291888135,0.0,US500_x100,risk_only,500,2
2025-05,0.0,0,21,509.6074291888135,509.6074291888135,0.0,US500_x100,risk_only,500,2
2025-06,0.0,0,27,509.6074291888135,509.6074291888135,0.0,US500_x100,risk_only,500,2
2025-07,0.0,0,20,509.6074291888135,509.6074291888135,0.0,US500_x100,risk_only,500,2
2025-08,0.0,0,25,509.6074291888135,509.6074291888135,0.0,US500_x100,risk_only,500,2
2025-09,0.0,0,19,509.6074291888135,509.6074291888135,0.0,US500_x100,risk_only,500,2
2025-10,0.0,0,25,509.6074291888135,509.6074291888135,0.0,US500_x100,risk_only,500,2
2025-11,0.0,0,16,509.6074291888135,509.6074291888135,0.0,US500_x100,risk_only,500,2
2025-12,0.0,0,24,509.6074291888135,509.6074291888135,0.0,US500_x100,risk_only,500,2
2026-01,0.0,0,23,509.6074291888135,509.6074291888135,0.0,US500_x100,risk_only,500,2
2026-02,0.0,0,16,509.6074291888135,509.6074291888135,0.0,US500_x100,risk_only,500,2
2026-03,0.0,0,20,509.6074291888135,509.6074291888135,0.0,US500_x100,risk_only,500,2
2026-04,0.0,0,22,509.6074291888135,509.6074291888135,0.0,US500_x100,risk_only,500,2
2026-05,0.0,0,23,509.6074291888135,509.6074291888135,0.0,US500_x100,risk_only,500,2
2026-06,0.0,0,14,509.6074291888135,509.6074291888135,0.0,US500_x100,risk_only,500,2
2026-07,0.0,0,22,509.6074291888135,509.6074291888135,0.0,US500_x100,risk_only,500,2
2026-08,0.0,0,18,509.6074291888135,509.6074291888135,0.0,US500_x100,risk_only,500,2
2024-01,25.670306293278365,13,29,525.6703062932784,500.0,5.134061258655673,US500_x100,risk_only,500,3
2024-02,76.44247604491466,12,19,602.112782338193,525.6703062932784,14.541904903083186,US500_x100,risk_only,500,3
2024-03,-3.044270912491811,6,20,599.0685114257012,602.112782338193,-0.5055981207822812,US500_x100,risk_only,500,3
2024-04,65.68630258826488,2,18,664.7548140139661,599.0685114257012,10.964739647547232,US500_x100,risk_only,500,3
2024-05,91.5310466541523,15,20,756.2858606681184,664.7548140139661,13.769143859442481,US500_x100,risk_only,500,3
2024-06,195.02573101834332,18,23,951.3115916864617,756.2858606681184,25.78730360581561,US500_x100,risk_only,500,3
2024-07,-242.63901059262574,20,35,708.672581093836,951.3115916864617,-25.505734683888516,US500_x100,risk_only,500,3
2024-08,13.37392847005139,5,27,722.0465095638874,708.672581093836,1.8871801769737913,US500_x100,risk_only,500,3
2024-09,-39.30677209019268,2,18,682.7397374736947,722.0465095638874,-5.443800582033667,US500_x100,risk_only,500,3
2024-10,29.618311885560587,12,22,712.3580493592553,682.7397374736947,4.338155560588232,US500_x100,risk_only,500,3
2024-11,-65.66978054651008,5,18,646.6882688127453,712.3580493592553,-9.218647926499612,US500_x100,risk_only,500,3
2024-12,-46.9494148775093,7,16,599.738853935236,646.6882688127453,-7.259976273221054,US500_x100,risk_only,500,3
2025-01,-6.846177219689707,2,17,592.8926767155463,599.738853935236,-1.1415263784842271,US500_x100,risk_only,500,3
2025-02,-3.287341916090554,2,18,589.6053347994557,592.8926767155463,-0.5544581751796086,US500_x100,risk_only,500,3
2025-03,0.0,0,31,589.6053347994557,589.6053347994557,0.0,US500_x100,risk_only,500,3
2025-04,0.0,0,22,589.6053347994557,589.6053347994557,0.0,US500_x100,risk_only,500,3
2025-05,0.0,0,21,589.6053347994557,589.6053347994557,0.0,US500_x100,risk_only,500,3
2025-06,7.2063863587382,1,27,596.8117211581939,589.6053347994557,1.2222390018213336,US500_x100,risk_only,500,3
2025-07,76.59725090412395,9,20,673.4089720623178,596.8117211581939,12.834407936137149,US500_x100,risk_only,500,3
2025-08,-51.574218560710506,3,25,621.8347535016073,673.4089720623178,-7.658677074462528,US500_x100,risk_only,500,3
2025-09,172.5561922328252,6,19,794.3909457344325,621.8347535016073,27.749525297701,US500_x100,risk_only,500,3
2025-10,-30.141197182488213,6,25,764.2497485519443,794.3909457344325,-3.7942523570207602,US500_x100,risk_only,500,3
2025-11,33.779999999997926,1,16,798.0297485519422,764.2497485519443,4.420021081328753,US500_x100,risk_only,500,3
2025-12,18.753493637881554,8,24,816.7832421898238,798.0297485519422,2.3499742549586076,US500_x100,risk_only,500,3
2026-01,-51.25122042518342,10,23,765.5320217646404,816.7832421898238,-6.274763949340727,US500_x100,risk_only,500,3
2026-02,0.0,0,16,765.5320217646404,765.5320217646404,0.0,US500_x100,risk_only,500,3
2026-03,-22.47108904570996,1,20,743.0609327189304,765.5320217646404,-2.9353558579968326,US500_x100,risk_only,500,3
2026-04,208.23955579220183,3,22,951.3004885111322,743.0609327189304,28.024559847364543,US500_x100,risk_only,500,3
2026-05,-84.92219647892307,8,23,866.3782920322092,951.3004885111322,-8.92695814882148,US500_x100,risk_only,500,3
2026-06,-46.8017042737838,2,14,819.5765877584254,866.3782920322092,-5.40199410629322,US500_x100,risk_only,500,3
2026-07,0.984407145220757,1,22,820.5609949036461,819.5765877584254,0.12011167228594827,US500_x100,risk_only,500,3
2026-08,319.4577577749788,14,18,1140.0187526786249,820.5609949036461,38.931628454078655,US500_x100,risk_only,500,3
2024-01,125.17209870817078,24,29,625.1720987081708,500.0,25.034419741634157,US500_x100,risk_only,500,4
2024-02,61.70396743536094,18,19,686.8760661435317,625.1720987081708,9.869917029704846,US500_x100,risk_only,500,4
2024-03,-99.50306161921344,18,20,587.3730045243183,686.8760661435317,-14.486319515815097,US500_x100,risk_only,500,4
2024-04,58.841006259706774,5,18,646.214010784025,587.3730045243183,10.017655868839075,US500_x100,risk_only,500,4
2024-05,92.12580490591608,18,20,738.3398156899411,646.214010784025,14.256237619197332,US500_x100,risk_only,500,4
2024-06,447.75593837824727,22,23,1186.0957540681884,738.3398156899411,60.64361271914369,US500_x100,risk_only,500,4
2024-07,-304.24038266892427,33,35,881.8553713992642,1186.0957540681884,-25.650575143314576,US500_x100,risk_only,500,4
2024-08,90.86377233250187,15,27,972.719143731766,881.8553713992642,10.303704584610719,US500_x100,risk_only,500,4
2024-09,-47.26926860996172,15,18,925.4498751218043,972.719143731766,-4.859498131044961,US500_x100,risk_only,500,4
2024-10,55.23873677240313,22,22,980.6886118942074,925.4498751218043,5.968852366545818,US500_x100,risk_only,500,4
2024-11,-21.69745769332892,18,18,958.9911542008784,980.6886118942074,-2.2124716683943255,US500_x100,risk_only,500,4
2024-12,5.440877621961619,11,16,964.43203182284,958.9911542008784,0.5673543075061489,US500_x100,risk_only,500,4
2025-01,12.863014942568043,13,17,977.2950467654081,964.43203182284,1.3337399130404346,US500_x100,risk_only,500,4
2025-02,-174.69195283513454,10,18,802.6030939302735,977.2950467654081,-17.875047398768608,US500_x100,risk_only,500,4
2025-03,65.01810692508298,8,31,867.6212008553565,802.6030939302735,8.100904097777057,US500_x100,risk_only,500,4
2025-04,-33.11092871438086,1,22,834.5102721409756,867.6212008553565,-3.8162885694515056,US500_x100,risk_only,500,4
2025-05,154.1715615536059,14,21,988.6818336945815,834.5102721409756,18.4744953657756,US500_x100,risk_only,500,4
2025-06,-249.7406137077778,23,27,738.9412199868037,988.6818336945815,-25.259957773728694,US500_x100,risk_only,500,4
2025-07,270.374617875089,20,20,1009.3158378618928,738.9412199868037,36.589462133390995,US500_x100,risk_only,500,4
2025-08,-83.41258391747125,24,25,925.9032539444215,1009.3158378618928,-8.26426979429652,US500_x100,risk_only,500,4
2025-09,624.7150912913003,19,19,1550.6183452357218,925.9032539444215,67.4708819339347,US500_x100,risk_only,500,4
2025-10,204.8778660707831,25,25,1755.4962113065048,1550.6183452357218,13.21265588661909,US500_x100,risk_only,500,4
2025-11,676.9529485471467,15,16,2432.4491598536515,1755.4962113065048,38.561914528048646,US500_x100,risk_only,500,4
2025-12,-114.32717790153572,24,24,2318.1219819521157,2432.4491598536515,-4.700084992050326,US500_x100,risk_only,500,4
2026-01,-415.90962379648045,23,23,1902.2123581556352,2318.1219819521157,-17.94166256282331,US500_x100,risk_only,500,4
2026-02,299.7059450075322,16,16,2201.9183031631674,1902.2123581556352,15.755651240649277,US500_x100,risk_only,500,4
2026-03,287.5172437814217,20,20,2489.435546944589,2201.9183031631674,13.057579991427865,US500_x100,risk_only,500,4
2026-04,2009.0119852296957,22,22,4498.447532174285,2489.435546944589,80.70150631919185,US500_x100,risk_only,500,4
2026-05,-1250.8563767189307,23,23,3247.591155455354,4498.447532174285,-27.806401381196956,US500_x100,risk_only,500,4
2026-06,-602.653897045454,14,14,2644.9372584099,3247.591155455354,-18.556950927554613,US500_x100,risk_only,500,4
2026-07,-696.0746166778526,21,22,1948.8626417320475,2644.9372584099,-26.317244935190754,US500_x100,risk_only,500,4
2026-08,1057.8239958207034,18,18,3006.6866375527507,1948.8626417320475,54.27904323111067,US500_x100,risk_only,500,4
2024-01,119.52020110249215,28,29,619.5202011024921,500.0,23.90404022049843,US500_x100,risk_only,500,5
2024-02,47.00173586027177,18,19,666.5219369627639,619.5202011024921,7.586796326677958,US500_x100,risk_only,500,5
2024-03,-145.11118698232804,19,20,521.4107499804359,666.5219369627639,-21.771404500739614,US500_x100,risk_only,500,5
2024-04,6.280433652557818,9,18,527.6911836329937,521.4107499804359,1.204507895702854,US500_x100,risk_only,500,5
2024-05,63.169848461132474,19,20,590.8610320941261,527.6911836329937,11.97098803626531,US500_x100,risk_only,500,5
2024-06,113.6063077038634,21,23,704.4673397979896,590.8610320941261,19.227246599969643,US500_x100,risk_only,500,5
2024-07,-271.3510875411712,22,35,433.11625225681837,704.4673397979896,-38.51861856633166,US500_x100,risk_only,500,5
2024-08,13.37392847005139,5,27,446.49018072686977,433.11625225681837,3.0878380574186473,US500_x100,risk_only,500,5
2024-09,-60.335461766787375,3,18,386.1547189600824,446.49018072686977,-13.513278538077463,US500_x100,risk_only,500,5
2024-10,50.83327044196628,11,22,436.9879894020487,386.1547189600824,13.163964583641672,US500_x100,risk_only,500,5
2024-11,-71.1106487750867,5,18,365.877340626962,436.9879894020487,-16.27290692185631,US500_x100,risk_only,500,5
2024-12,-43.340947251111174,7,16,322.5363933758508,365.877340626962,-11.845758793600819,US500_x100,risk_only,500,5
2025-01,0.0,0,17,322.5363933758508,322.5363933758508,0.0,US500_x100,risk_only,500,5
2025-02,-15.3599368527166,1,18,307.1764565231342,322.5363933758508,-4.762233710109639,US500_x100,risk_only,500,5
2025-03,0.0,0,31,307.1764565231342,307.1764565231342,0.0,US500_x100,risk_only,500,5
2025-04,0.0,0,22,307.1764565231342,307.1764565231342,0.0,US500_x100,risk_only,500,5
2025-05,0.0,0,21,307.1764565231342,307.1764565231342,0.0,US500_x100,risk_only,500,5
2025-06,7.2063863587382,1,27,314.3828428818724,307.1764565231342,2.346008688395515,US500_x100,risk_only,500,5
2025-07,-33.33783724242039,4,20,281.04500563945203,314.3828428818724,-10.604216482305587,US500_x100,risk_only,500,5
2025-08,-13.419832385256996,1,25,267.62517325419503,281.04500563945203,-4.774976290620541,US500_x100,risk_only,500,5
2025-09,45.0960357777094,1,19,312.72120903190444,267.62517325419503,16.850446177899865,US500_x100,risk_only,500,5
2025-10,-8.265150987863308,2,25,304.45605804404113,312.72120903190444,-2.6429774345813817,US500_x100,risk_only,500,5
2025-11,0.0,0,16,304.45605804404113,304.45605804404113,0.0,US500_x100,risk_only,500,5
2025-12,3.8987029833078815,4,24,308.354761027349,304.45605804404113,1.2805470215816543,US500_x100,risk_only,500,5
2026-01,-15.270000000003165,1,23,293.08476102734585,308.354761027349,-4.9520882859495785,US500_x100,risk_only,500,5
2026-02,0.0,0,16,293.08476102734585,293.08476102734585,0.0,US500_x100,risk_only,500,5
2026-03,0.0,0,20,293.08476102734585,293.08476102734585,0.0,US500_x100,risk_only,500,5
2026-04,0.0,0,22,293.08476102734585,293.08476102734585,0.0,US500_x100,risk_only,500,5
2026-05,0.0,0,23,293.08476102734585,293.08476102734585,0.0,US500_x100,risk_only,500,5
2026-06,0.0,0,14,293.08476102734585,293.08476102734585,0.0,US500_x100,risk_only,500,5
2026-07,0.0,0,22,293.08476102734585,293.08476102734585,0.0,US500_x100,risk_only,500,5
2026-08,0.0,0,18,293.08476102734585,293.08476102734585,0.0,US500_x100,risk_only,500,5
2024-01,0.0,0,29,1000.0,1000.0,0.0,US500_x100,risk_only,1000,1
2024-02,4.2210406699796295,1,19,1004.2210406699796,1000.0,0.422104066997963,US500_x100,risk_only,1000,1
2024-03,0.0,0,20,1004.2210406699796,1004.2210406699796,0.0,US500_x100,risk_only,1000,1
2024-04,0.0,0,18,1004.2210406699796,1004.2210406699796,0.0,US500_x100,risk_only,1000,1
2024-05,0.5180253222852114,1,20,1004.7390659922648,1004.2210406699796,0.051584790728902055,US500_x100,risk_only,1000,1
2024-06,33.40994347149535,1,23,1038.1490094637602,1004.7390659922648,3.3252358350872133,US500_x100,risk_only,1000,1
2024-07,-18.411709432371026,2,35,1019.7373000313892,1038.1490094637602,-1.7735131724376745,US500_x100,risk_only,1000,1
2024-08,0.0,0,27,1019.7373000313892,1019.7373000313892,0.0,US500_x100,risk_only,1000,1
2024-09,0.0,0,18,1019.7373000313892,1019.7373000313892,0.0,US500_x100,risk_only,1000,1
2024-10,0.0,0,22,1019.7373000313892,1019.7373000313892,0.0,US500_x100,risk_only,1000,1
2024-11,0.0,0,18,1019.7373000313892,1019.7373000313892,0.0,US500_x100,risk_only,1000,1
2024-12,-10.129870842575656,1,16,1009.6074291888135,1019.7373000313892,-0.9933804365363355,US500_x100,risk_only,1000,1
2025-01,0.0,0,17,1009.6074291888135,1009.6074291888135,0.0,US500_x100,risk_only,1000,1
2025-02,0.0,0,18,1009.6074291888135,1009.6074291888135,0.0,US500_x100,risk_only,1000,1
2025-03,0.0,0,31,1009.6074291888135,1009.6074291888135,0.0,US500_x100,risk_only,1000,1
2025-04,0.0,0,22,1009.6074291888135,1009.6074291888135,0.0,US500_x100,risk_only,1000,1
2025-05,0.0,0,21,1009.6074291888135,1009.6074291888135,0.0,US500_x100,risk_only,1000,1
2025-06,0.0,0,27,1009.6074291888135,1009.6074291888135,0.0,US500_x100,risk_only,1000,1
2025-07,0.0,0,20,1009.6074291888135,1009.6074291888135,0.0,US500_x100,risk_only,1000,1
2025-08,0.0,0,25,1009.6074291888135,1009.6074291888135,0.0,US500_x100,risk_only,1000,1
2025-09,0.0,0,19,1009.6074291888135,1009.6074291888135,0.0,US500_x100,risk_only,1000,1
2025-10,0.0,0,25,1009.6074291888135,1009.6074291888135,0.0,US500_x100,risk_only,1000,1
2025-11,0.0,0,16,1009.6074291888135,1009.6074291888135,0.0,US500_x100,risk_only,1000,1
2025-12,0.0,0,24,1009.6074291888135,1009.6074291888135,0.0,US500_x100,risk_only,1000,1
2026-01,0.0,0,23,1009.6074291888135,1009.6074291888135,0.0,US500_x100,risk_only,1000,1
2026-02,0.0,0,16,1009.6074291888135,1009.6074291888135,0.0,US500_x100,risk_only,1000,1
2026-03,0.0,0,20,1009.6074291888135,1009.6074291888135,0.0,US500_x100,risk_only,1000,1
2026-04,0.0,0,22,1009.6074291888135,1009.6074291888135,0.0,US500_x100,risk_only,1000,1
2026-05,0.0,0,23,1009.6074291888135,1009.6074291888135,0.0,US500_x100,risk_only,1000,1
2026-06,0.0,0,14,1009.6074291888135,1009.6074291888135,0.0,US500_x100,risk_only,1000,1
2026-07,0.0,0,22,1009.6074291888135,1009.6074291888135,0.0,US500_x100,risk_only,1000,1
2026-08,0.0,0,18,1009.6074291888135,1009.6074291888135,0.0,US500_x100,risk_only,1000,1
2024-01,164.58651714857388,23,29,1164.5865171485739,1000.0,16.458651714857385,US500_x100,risk_only,1000,2
2024-02,80.72082968240102,16,19,1245.307346830975,1164.5865171485739,6.931286640690426,US500_x100,risk_only,1000,2
2024-03,-47.907549447254496,15,20,1197.3997973837204,1245.307346830975,-3.8470462387593196,US500_x100,risk_only,1000,2
2024-04,84.83520280892117,4,18,1282.2350001926416,1197.3997973837204,7.084952160029033,US500_x100,risk_only,1000,2
2024-05,130.18373832421366,17,20,1412.4187385168552,1282.2350001926416,10.152876680534769,US500_x100,risk_only,1000,2
2024-06,412.9880533447222,22,23,1825.4067918615774,1412.4187385168552,29.23977444383033,US500_x100,risk_only,1000,2
2024-07,-317.830627521972,28,35,1507.5761643396054,1825.4067918615774,-17.41149583418847,US500_x100,risk_only,1000,2
2024-08,55.61671264751931,10,27,1563.1928769871247,1507.5761643396054,3.6891477832486324,US500_x100,risk_only,1000,2
2024-09,-27.141812346164443,11,18,1536.0510646409602,1563.1928769871247,-1.736306040395807,US500_x100,risk_only,1000,2
2024-10,129.73999658788028,20,22,1665.7910612288406,1536.0510646409602,8.446333561065952,US500_x100,risk_only,1000,2
2024-11,-47.52760503713944,13,18,1618.2634561917012,1665.7910612288406,-2.8531552451769495,US500_x100,risk_only,1000,2
2024-12,1.809914375031454,11,16,1620.0733705667326,1618.2634561917012,0.11184299862339903,US500_x100,risk_only,1000,2
2025-01,-68.66132755006674,8,17,1551.4120430166658,1620.0733705667326,-4.238161604128318,US500_x100,risk_only,1000,2
2025-02,-103.89885957754086,7,18,1447.513183439125,1551.4120430166658,-6.697051247295542,US500_x100,risk_only,1000,2
2025-03,83.42317873470802,6,31,1530.936362173833,1447.513183439125,5.763206835636836,US500_x100,risk_only,1000,2
2025-04,0.0,0,22,1530.936362173833,1530.936362173833,0.0,US500_x100,risk_only,1000,2
2025-05,91.15814297291854,9,21,1622.0945051467515,1530.936362173833,5.954404456334144,US500_x100,risk_only,1000,2
2025-06,-199.53019681570004,15,27,1422.5643083310515,1622.0945051467515,-12.30077508940507,US500_x100,risk_only,1000,2
2025-07,218.2398122549539,20,20,1640.8041205860054,1422.5643083310515,15.341296767876333,US500_x100,risk_only,1000,2
2025-08,-79.12400724176041,22,25,1561.680113344245,1640.8041205860054,-4.822270144805685,US500_x100,risk_only,1000,2
2025-09,529.398455353783,17,19,2091.078568698028,1561.680113344245,33.89928903046013,US500_x100,risk_only,1000,2
2025-10,90.02153465167794,21,25,2181.100103349706,2091.078568698028,4.30502880184594,US500_x100,risk_only,1000,2
2025-11,356.15819300362637,10,16,2537.2582963533323,2181.100103349706,16.329291464277276,US500_x100,risk_only,1000,2
2025-12,65.7493726560133,23,24,2603.0076690093456,2537.2582963533323,2.5913551155005154,US500_x100,risk_only,1000,2
2026-01,-222.4501442040992,23,23,2380.5575248052464,2603.0076690093456,-8.545888928892762,US500_x100,risk_only,1000,2
2026-02,327.6723639302273,12,16,2708.2298887354737,2380.5575248052464,13.764521987639606,US500_x100,risk_only,1000,2
2026-03,373.2405219217844,10,20,3081.470410657258,2708.2298887354737,13.781714893341562,US500_x100,risk_only,1000,2
2026-04,1215.8040313190058,22,22,4297.274441976264,3081.470410657258,39.45532065192482,US500_x100,risk_only,1000,2
2026-05,-588.5229346826909,23,23,3708.751507293573,4297.274441976264,-13.695260626920453,US500_x100,risk_only,1000,2
2026-06,-346.9172304368294,12,14,3361.8342768567436,3708.751507293573,-9.354016567424035,US500_x100,risk_only,1000,2
2026-07,-467.1800854659641,21,22,2894.6541913907795,3361.8342768567436,-13.896582847110755,US500_x100,risk_only,1000,2
2026-08,847.1323976175983,18,18,3741.7865890083776,2894.6541913907795,29.26540932375003,US500_x100,risk_only,1000,2
2024-01,141.4202701121349,29,29,1141.4202701121349,1000.0,14.14202701121349,US500_x100,risk_only,1000,3
2024-02,176.61652297682943,19,19,1318.0367930889643,1141.4202701121349,15.473399903742585,US500_x100,risk_only,1000,3
2024-03,-186.5650741864865,19,20,1131.4717189024777,1318.0367930889643,-14.154769818621734,US500_x100,risk_only,1000,3
2024-04,-48.644658851258086,14,18,1082.8270600512196,1131.4717189024777,-4.299237713024164,US500_x100,risk_only,1000,3
2024-05,89.11060047976753,20,20,1171.9376605309872,1082.8270600512196,8.229439747797993,US500_x100,risk_only,1000,3
2024-06,760.1240338960934,23,23,1932.0616944270805,1171.9376605309872,64.8604494501604,US500_x100,risk_only,1000,3
2024-07,-379.2483409387742,34,35,1552.8133534883063,1932.0616944270805,-19.629204493453496,US500_x100,risk_only,1000,3
2024-08,88.18420611949023,17,27,1640.9975596077966,1552.8133534883063,5.678995863951675,US500_x100,risk_only,1000,3
2024-09,-74.48811718505566,17,18,1566.509442422741,1640.9975596077966,-4.539197316226269,US500_x100,risk_only,1000,3
2024-10,87.55660837701717,22,22,1654.0660507997582,1566.509442422741,5.589280600926566,US500_x100,risk_only,1000,3
2024-11,-16.53598468668587,18,18,1637.5300661130723,1654.0660507997582,-0.9997173135069516,US500_x100,risk_only,1000,3
2024-12,-217.16456704259508,16,16,1420.3654990704772,1637.5300661130723,-13.261714794530056,US500_x100,risk_only,1000,3
2025-01,-38.79365753934417,14,17,1381.571841531133,1420.3654990704772,-2.731244708825419,US500_x100,risk_only,1000,3
2025-02,-156.12885322846523,11,18,1225.4429883026678,1381.571841531133,-11.300813213986379,US500_x100,risk_only,1000,3
2025-03,81.21032463197298,9,31,1306.6533129346408,1225.4429883026678,6.627017772932504,US500_x100,risk_only,1000,3
2025-04,-33.11092871438086,1,22,1273.54238422026,1306.6533129346408,-2.534025543471536,US500_x100,risk_only,1000,3
2025-05,109.57087045308344,16,21,1383.1132546733434,1273.54238422026,8.60362967190679,US500_x100,risk_only,1000,3
2025-06,-268.94771335937185,23,27,1114.1655413139715,1383.1132546733434,-19.44509695432646,US500_x100,risk_only,1000,3
2025-07,270.6292733211531,20,20,1384.7948146351246,1114.1655413139715,24.28986207938106,US500_x100,risk_only,1000,3
2025-08,-97.06579107279414,24,25,1287.7290235623304,1384.7948146351246,-7.009398796627478,US500_x100,risk_only,1000,3
2025-09,635.6497461482641,19,19,1923.3787697105945,1287.7290235623304,49.362073426738796,US500_x100,risk_only,1000,3
2025-10,112.25336642303316,23,25,2035.6321361336277,1923.3787697105945,5.836258993329931,US500_x100,risk_only,1000,3
2025-11,611.5025917236972,15,16,2647.134727857325,2035.6321361336277,30.039936040956444,US500_x100,risk_only,1000,3
2025-12,-59.67544291759073,24,24,2587.459284939734,2647.134727857325,-2.2543409781750676,US500_x100,risk_only,1000,3
2026-01,-316.57914286575124,23,23,2270.880142073983,2587.459284939734,-12.235135242838222,US500_x100,risk_only,1000,3
2026-02,241.60932817290274,16,16,2512.4894702468855,2270.880142073983,10.63945752558487,US500_x100,risk_only,1000,3
2026-03,373.25074570666675,19,20,2885.7402159535523,2512.4894702468855,14.855813332821247,US500_x100,risk_only,1000,3
2026-04,1741.8654037377792,22,22,4627.605619691331,2885.7402159535523,60.36113001815045,US500_x100,risk_only,1000,3
2026-05,-995.4829638481706,23,23,3632.122655843161,4627.605619691331,-21.511836696113505,US500_x100,risk_only,1000,3
2026-06,-515.5206508985075,14,14,3116.6020049446533,3632.122655843161,-14.193371197670485,US500_x100,risk_only,1000,3
2026-07,-616.4116945200968,21,22,2500.1903104245566,3116.6020049446533,-19.778325674633052,US500_x100,risk_only,1000,3
2026-08,1139.7214129430106,18,18,3639.911723367567,2500.1903104245566,45.585386368027116,US500_x100,risk_only,1000,3
2024-01,118.90933335258615,29,29,1118.9093333525861,1000.0,11.890933335258614,US500_x100,risk_only,1000,4
2024-02,237.2324229895221,19,19,1356.1417563421082,1118.9093333525861,21.202113157703582,US500_x100,risk_only,1000,4
2024-03,-230.49948050170954,20,20,1125.6422758403987,1356.1417563421082,-16.996709925327483,US500_x100,risk_only,1000,4
2024-04,-130.75988870213223,16,18,994.8823871382665,1125.6422758403987,-11.616469237929747,US500_x100,risk_only,1000,4
2024-05,69.08020215744548,20,20,1063.962589295712,994.8823871382665,6.943554640277784,US500_x100,risk_only,1000,4
2024-06,1016.5258087872188,23,23,2080.488398082931,1063.962589295712,95.5414992044134,US500_x100,risk_only,1000,4
2024-07,-663.2040923318674,35,35,1417.2843057510636,2080.488398082931,-31.87732711910231,US500_x100,risk_only,1000,4
2024-08,8.611040100098762,19,27,1425.8953458511623,1417.2843057510636,0.6075732346119151,US500_x100,risk_only,1000,4
2024-09,-49.6712204241848,18,18,1376.2241254269775,1425.8953458511623,-3.4835109441032976,US500_x100,risk_only,1000,4
2024-10,89.89993718000629,22,22,1466.1240626069837,1376.2241254269775,6.532361663992381,US500_x100,risk_only,1000,4
2024-11,-35.51064432038401,18,18,1430.6134182865997,1466.1240626069837,-2.422076359434472,US500_x100,risk_only,1000,4
2024-12,-236.07529527382025,16,16,1194.5381230127796,1430.6134182865997,-16.50168328188618,US500_x100,risk_only,1000,4
2025-01,-90.03349275307392,15,17,1104.5046302597057,1194.5381230127796,-7.537096641670825,US500_x100,risk_only,1000,4
2025-02,-244.44805604934027,13,18,860.0565742103653,1104.5046302597057,-22.13191772603637,US500_x100,risk_only,1000,4
2025-03,68.49159898534799,8,31,928.5481731957133,860.0565742103653,7.963615538690751,US500_x100,risk_only,1000,4
2025-04,-33.11092871438086,1,22,895.4372444813324,928.5481731957133,-3.5658816279208763,US500_x100,risk_only,1000,4
2025-05,90.68066757836641,16,21,986.1179120596988,895.4372444813324,10.126970721537468,US500_x100,risk_only,1000,4
2025-06,-242.87081778831998,23,27,743.2470942713788,986.1179120596988,-24.62898349356996,US500_x100,risk_only,1000,4
2025-07,256.1106370361077,20,20,999.3577313074866,743.2470942713788,34.458343532062976,US500_x100,risk_only,1000,4
2025-08,-126.86775133910396,24,25,872.4899799683826,999.3577313074866,-12.694928689161134,US500_x100,risk_only,1000,4
2025-09,560.6302705516482,19,19,1433.1202505200308,872.4899799683826,64.25635633912546,US500_x100,risk_only,1000,4
2025-10,17.87959368418975,24,25,1450.9998442042206,1433.1202505200308,1.2475989839444284,US500_x100,risk_only,1000,4
2025-11,691.2891711712637,15,16,2142.2890153754843,1450.9998442042206,47.64226363858716,US500_x100,risk_only,1000,4
2025-12,-109.38521641474651,24,24,2032.9037989607377,2142.2890153754843,-5.105997166100126,US500_x100,risk_only,1000,4
2026-01,-346.4451429921765,23,23,1686.4586559685613,2032.9037989607377,-17.04188575815965,US500_x100,risk_only,1000,4
2026-02,234.56341389225696,16,16,1921.0220698608182,1686.4586559685613,13.908637075810393,US500_x100,risk_only,1000,4
2026-03,373.25074570666675,19,20,2294.272815567485,1921.0220698608182,19.429799977972635,US500_x100,risk_only,1000,4
2026-04,1852.3550764431711,22,22,4146.627892010656,2294.272815567485,80.73822188338983,US500_x100,risk_only,1000,4
2026-05,-1158.2372254256825,23,23,2988.3906665849736,4146.627892010656,-27.932027073306198,US500_x100,risk_only,1000,4
2026-06,-587.0549906060223,14,14,2401.3356759789513,2988.3906665849736,-19.644519612855298,US500_x100,risk_only,1000,4
2026-07,-641.261124884206,21,22,1760.0745510947454,2401.3356759789513,-26.7043517197063,US500_x100,risk_only,1000,4
2026-08,986.1621727579615,18,18,2746.2367238527067,1760.0745510947454,56.02956830121658,US500_x100,risk_only,1000,4
2024-01,192.9791157671971,29,29,1192.979115767197,1000.0,19.29791157671971,US500_x100,risk_only,1000,5
2024-02,283.5150423398045,19,19,1476.4941581070016,1192.979115767197,23.765298033526584,US500_x100,risk_only,1000,5
2024-03,-343.1213664427396,20,20,1133.372791664262,1476.4941581070016,-23.238924756915537,US500_x100,risk_only,1000,5
2024-04,-120.75821044945675,18,18,1012.6145812148052,1133.372791664262,-10.654765257963671,US500_x100,risk_only,1000,5
2024-05,97.61367535287897,20,20,1110.2282565676842,1012.6145812148052,9.639765925133588,US500_x100,risk_only,1000,5
2024-06,1323.089795365362,23,23,2433.3180519330463,1110.2282565676842,119.17277258423849,US500_x100,risk_only,1000,5
2024-07,-928.71635115539,35,35,1504.6017007776563,2433.3180519330463,-38.166665077654386,US500_x100,risk_only,1000,5
2024-08,-23.99197789857864,23,27,1480.6097228790777,1504.6017007776563,-1.5945733602572918,US500_x100,risk_only,1000,5
2024-09,-95.23025513648915,18,18,1385.3794677425885,1480.6097228790777,-6.431826947030434,US500_x100,risk_only,1000,5
2024-10,116.4498615248257,22,22,1501.829329267414,1385.3794677425885,8.405629232731112,US500_x100,risk_only,1000,5
2024-11,-90.4624167639458,18,18,1411.3669125034683,1501.829329267414,-6.023481829860986,US500_x100,risk_only,1000,5
2024-12,-318.16933692075236,16,16,1093.197575582716,1411.3669125034683,-22.543346744354864,US500_x100,risk_only,1000,5
2025-01,-36.487876261002384,17,17,1056.7096993217135,1093.197575582716,-3.337720195871543,US500_x100,risk_only,1000,5
2025-02,-274.71274181815807,13,18,781.9969575035554,1056.7096993217135,-25.996992550980856,US500_x100,risk_only,1000,5
2025-03,213.95379232418054,11,31,995.950749827736,781.9969575035554,27.35992643848717,US500_x100,risk_only,1000,5
2025-04,67.72974435289416,7,22,1063.6804941806301,995.950749827736,6.800511407276814,US500_x100,risk_only,1000,5
2025-05,11.230291730870675,18,21,1074.9107859115009,1063.6804941806301,1.055795588272167,US500_x100,risk_only,1000,5
2025-06,-388.3519284533404,26,27,686.5588574581604,1074.9107859115009,-36.12875910664776,US500_x100,risk_only,1000,5
2025-07,261.56334329618676,20,20,948.1222007543472,686.5588574581604,38.09773050843302,US500_x100,risk_only,1000,5
2025-08,-159.11485909160456,25,25,789.0073416627426,948.1222007543472,-16.782104560467968,US500_x100,risk_only,1000,5
2025-09,650.3494899263496,19,19,1439.3568315890923,789.0073416627426,82.42629131381877,US500_x100,risk_only,1000,5
2025-10,198.45587059968878,25,25,1637.812702188781,1439.3568315890923,13.787815935857106,US500_x100,risk_only,1000,5
2025-11,953.4065974770565,16,16,2591.2192996658378,1637.812702188781,58.21218727898002,US500_x100,risk_only,1000,5
2025-12,-145.5081244787133,24,24,2445.7111751871244,2591.2192996658378,-5.615430716245359,US500_x100,risk_only,1000,5
2026-01,-545.6918575121335,23,23,1900.0193176749906,2445.7111751871244,-22.31219544844178,US500_x100,risk_only,1000,5
2026-02,315.44183640484897,16,16,2215.4611540798396,1900.0193176749906,16.60203311989732,US500_x100,risk_only,1000,5
2026-03,331.7475340417095,20,20,2547.208688121549,2215.4611540798396,14.9741977389577,US500_x100,risk_only,1000,5
2026-04,2720.44576413255,22,22,5267.654452254099,2547.208688121549,106.8010554776631,US500_x100,risk_only,1000,5
2026-05,-1815.2145561600264,23,23,3452.4398960940725,5267.654452254099,-34.45963611723377,US500_x100,risk_only,1000,5
2026-06,-840.8807719497472,14,14,2611.5591241443253,3452.4398960940725,-24.356130657077625,US500_x100,risk_only,1000,5
2026-07,-932.6152972116051,22,22,1678.9438269327202,2611.5591241443253,-35.711054311940025,US500_x100,risk_only,1000,5
2026-08,1130.3559446482006,18,18,2809.2997715809206,1678.9438269327202,67.32541771294753,US500_x100,risk_only,1000,5
2024-01,151.77957378527123,29,29,3151.779573785271,3000.0,5.059319126175708,US500_x100,risk_only,3000,1
2024-02,90.37115130012806,18,19,3242.1507250853992,3151.779573785271,2.86730557085224,US500_x100,risk_only,3000,1
2024-03,-148.74565512479603,19,20,3093.405069960603,3242.1507250853992,-4.58786983510392,US500_x100,risk_only,3000,1
2024-04,-3.1678883649392304,11,18,3090.237181595664,3093.405069960603,-0.10240780930056391,US500_x100,risk_only,3000,1
2024-05,88.44860722576962,19,20,3178.6857888214336,3090.237181595664,2.8621947775574497,US500_x100,risk_only,3000,1
2024-06,687.7278662528588,23,23,3866.4136550742924,3178.6857888214336,21.63560389238248,US500_x100,risk_only,3000,1
2024-07,-282.985132698972,33,35,3583.4285223753204,3866.4136550742924,-7.319059933682509,US500_x100,risk_only,3000,1
2024-08,140.8201346445967,14,27,3724.248657019917,3583.4285223753204,3.929759830991475,US500_x100,risk_only,3000,1
2024-09,-12.721913997364936,14,18,3711.526743022552,3724.248657019917,-0.34159679358103884,US500_x100,risk_only,3000,1
2024-10,95.5076282651989,22,22,3807.034371287751,3711.526743022552,2.5732706478472105,US500_x100,risk_only,3000,1
2024-11,-90.15806713891014,16,18,3716.876304148841,3807.034371287751,-2.368196825825181,US500_x100,risk_only,3000,1
2024-12,0.2900083343147628,11,16,3717.1663124831557,3716.876304148841,0.007802474728337085,US500_x100,risk_only,3000,1
2025-01,61.48894615438712,12,17,3778.655258637543,3717.1663124831557,1.654188728330292,US500_x100,risk_only,3000,1
2025-02,-123.17383262237126,10,18,3655.4814260151716,3778.655258637543,-3.259726653835673,US500_x100,risk_only,3000,1
2025-03,120.80454901048779,8,31,3776.2859750256594,3655.4814260151716,3.3047507272435093,US500_x100,risk_only,3000,1
2025-04,-33.11092871438086,1,22,3743.1750463112785,3776.2859750256594,-0.8768120034700464,US500_x100,risk_only,3000,1
2025-05,128.71709743818428,16,21,3871.892143749463,3743.1750463112785,3.438714349333699,US500_x100,risk_only,3000,1
2025-06,-298.9579523448265,24,27,3572.9341914046363,3871.892143749463,-7.7212365749248795,US500_x100,risk_only,3000,1
2025-07,285.41049842688886,20,20,3858.344689831525,3572.9341914046363,7.988126372814181,US500_x100,risk_only,3000,1
2025-08,-47.02572560689987,24,25,3811.3189642246252,3858.344689831525,-1.2188057155918137,US500_x100,risk_only,3000,1
2025-09,573.1076640856545,19,19,4384.42662831028,3811.3189642246252,15.03699032973084,US500_x100,risk_only,3000,1
2025-10,70.37172644891416,21,25,4454.798354759194,4384.42662831028,1.605038296102923,US500_x100,risk_only,3000,1
2025-11,356.15819300362637,10,16,4810.95654776282,4454.798354759194,7.994934105673536,US500_x100,risk_only,3000,1
2025-12,50.65630560762753,23,24,4861.612853370448,4810.95654776282,1.052936253003233,US500_x100,risk_only,3000,1
2026-01,-202.0657670087603,23,23,4659.547086361687,4861.612853370448,-4.1563524925410835,US500_x100,risk_only,3000,1
2026-02,192.07708366080266,11,16,4851.62417002249,4659.547086361687,4.122226476109766,US500_x100,risk_only,3000,1
2026-03,309.69545303081213,8,20,5161.319623053302,4851.62417002249,6.383335604278197,US500_x100,risk_only,3000,1
2026-04,941.279281343599,22,22,6102.598904396901,5161.319623053302,18.237182544156465,US500_x100,risk_only,3000,1
2026-05,-382.0786571346098,22,23,5720.520247262291,6102.598904396901,-6.260917080087361,US500_x100,risk_only,3000,1
2026-06,-206.74276311969973,7,14,5513.777484142592,5720.520247262291,-3.614055263918383,US500_x100,risk_only,3000,1
2026-07,-376.31955799858315,21,22,5137.4579261440085,5513.777484142592,-6.8250769836262615,US500_x100,risk_only,3000,1
2026-08,717.5254011063728,17,18,5854.983327250381,5137.4579261440085,13.96654554492715,US500_x100,risk_only,3000,1
2024-01,289.69161905989495,29,29,3289.691619059895,3000.0,9.656387301996498,US500_x100,risk_only,3000,2
2024-02,350.4838001328244,19,19,3640.1754191927193,3289.691619059895,10.654001673049926,US500_x100,risk_only,3000,2
2024-03,-316.3296703460946,20,20,3323.8457488466247,3640.1754191927193,-8.689956771815325,US500_x100,risk_only,3000,2
2024-04,-103.19693063847168,18,18,3220.648818208153,3323.8457488466247,-3.1047448779559352,US500_x100,risk_only,3000,2
2024-05,146.04998508554854,20,20,3366.6988032937015,3220.648818208153,4.534800076923793,US500_x100,risk_only,3000,2
2024-06,1430.5484114416513,23,23,4797.247214735353,3366.6988032937015,42.4911313730269,US500_x100,risk_only,3000,2
2024-07,-768.9478439941005,35,35,4028.2993707412525,4797.247214735353,-16.028939297357443,US500_x100,risk_only,3000,2
2024-08,389.72965124238465,26,27,4418.029021983637,4028.2993707412525,9.67479363805749,US500_x100,risk_only,3000,2
2024-09,-47.71200350143042,18,18,4370.317018482207,4418.029021983637,-1.0799386618788744,US500_x100,risk_only,3000,2
2024-10,194.4108290354233,22,22,4564.72784751763,4370.317018482207,4.448437681139694,US500_x100,risk_only,3000,2
2024-11,-65.96028653706247,18,18,4498.767560980567,4564.72784751763,-1.4449993239560317,US500_x100,risk_only,3000,2
2024-12,-362.2103215647448,16,16,4136.557239415823,4498.767560980567,-8.051323315886009,US500_x100,risk_only,3000,2
2025-01,-32.88275984849585,17,17,4103.674479567327,4136.557239415823,-0.7949306136795935,US500_x100,risk_only,3000,2
2025-02,-485.81388549886105,18,18,3617.8605940684656,4103.674479567327,-11.838509314464025,US500_x100,risk_only,3000,2
2025-03,16.972258459047296,27,31,3634.832852527513,3617.8605940684656,0.46912416931911527,US500_x100,risk_only,3000,2
2025-04,350.7998093399765,9,22,3985.6326618674893,3634.832852527513,9.651057519633806,US500_x100,risk_only,3000,2
2025-05,43.34866407358818,21,21,4028.9813259410776,3985.6326618674893,1.0876231642801957,US500_x100,risk_only,3000,2
2025-06,-584.5941166639059,27,27,3444.3872092771717,4028.9813259410776,-14.50972514813923,US500_x100,risk_only,3000,2
2025-07,573.8042243508035,20,20,4018.191433627975,3444.3872092771717,16.65910913863892,US500_x100,risk_only,3000,2
2025-08,-211.06328931741245,25,25,3807.1281443105627,4018.191433627975,-5.252693725615906,US500_x100,risk_only,3000,2
2025-09,1188.1535513851004,19,19,4995.281695695663,3807.1281443105627,31.208656665804575,US500_x100,risk_only,3000,2
2025-10,389.83508853839976,25,25,5385.116784234063,4995.281695695663,7.804066162561224,US500_x100,risk_only,3000,2
2025-11,1127.9739081349444,16,16,6513.090692369007,5385.116784234063,20.946136422469035,US500_x100,risk_only,3000,2
2025-12,1.7389108188118314,24,24,6514.829603187819,6513.090692369007,0.026698704208882082,US500_x100,risk_only,3000,2
2026-01,-549.4685849177658,23,23,5965.361018270053,6514.829603187819,-8.43412058926148,US500_x100,risk_only,3000,2
2026-02,462.875153294842,16,16,6428.236171564895,5965.361018270053,7.759382070543573,US500_x100,risk_only,3000,2
2026-03,514.5100817617049,20,20,6942.7462533266,6428.236171564895,8.003907573241078,US500_x100,risk_only,3000,2
2026-04,2728.68830273413,22,22,9671.434556060729,6942.7462533266,39.30272262833581,US500_x100,risk_only,3000,2
2026-05,-1401.178426601704,23,23,8270.256129459027,9671.434556060729,-14.487803422333426,US500_x100,risk_only,3000,2
2026-06,-822.1333196244905,14,14,7448.1228098345355,8270.256129459027,-9.94084471817039,US500_x100,risk_only,3000,2
2026-07,-1119.615621943689,22,22,6328.507187890847,7448.1228098345355,-15.032185297285153,US500_x100,risk_only,3000,2
2026-08,1939.1670905797403,18,18,8267.674278470586,6328.507187890847,30.641777484115057,US500_x100,risk_only,3000,2
2024-01,393.362990634486,29,29,3393.362990634486,3000.0,13.112099687816201,US500_x100,risk_only,3000,3
2024-02,507.20849028704646,19,19,3900.5714809215324,3393.362990634486,14.947074382755893,US500_x100,risk_only,3000,3
2024-03,-510.3707141749537,20,20,3390.2007667465787,3900.5714809215324,-13.08451124844854,US500_x100,risk_only,3000,3
2024-04,-189.09786320944656,18,18,3201.102903537132,3390.2007667465787,-5.577777725267733,US500_x100,risk_only,3000,3
2024-05,218.32633035023986,20,20,3419.429233887372,3201.102903537132,6.820347140636909,US500_x100,risk_only,3000,3
2024-06,2339.208459674044,23,23,5758.637693561416,3419.429233887372,68.40932505612112,US500_x100,risk_only,3000,3
2024-07,-1451.2647520255462,35,35,4307.37294153587,5758.637693561416,-25.201529063864665,US500_x100,risk_only,3000,3
2024-08,450.2875371377878,27,27,4757.660478673658,4307.37294153587,10.45387857632847,US500_x100,risk_only,3000,3
2024-09,-126.44914162288381,18,18,4631.211337050774,4757.660478673658,-2.657800870610577,US500_x100,risk_only,3000,3
2024-10,301.03687915464144,22,22,4932.248216205416,4631.211337050774,6.500175812454853,US500_x100,risk_only,3000,3
2024-11,-169.52823476759104,18,18,4762.719981437825,4932.248216205416,-3.4371391571614005,US500_x100,risk_only,3000,3
2024-12,-614.4188967165136,16,16,4148.301084721311,4762.719981437825,-12.900588300616947,US500_x100,risk_only,3000,3
2025-01,-102.43680175592272,17,17,4045.864282965388,4148.301084721311,-2.4693675715393395,US500_x100,risk_only,3000,3
2025-02,-737.8119414796483,18,18,3308.05234148574,4045.864282965388,-18.23620096665413,US500_x100,risk_only,3000,3
2025-03,-241.5681601905144,31,31,3066.4841812952254,3308.05234148574,-7.302428597064438,US500_x100,risk_only,3000,3
2025-04,657.2117934450953,13,22,3723.6959747403207,3066.4841812952254,21.432094691827217,US500_x100,risk_only,3000,3
2025-05,-41.75623090482446,21,21,3681.9397438354963,3723.6959747403207,-1.1213652024246263,US500_x100,risk_only,3000,3
2025-06,-803.7997510275218,27,27,2878.1399928079745,3681.9397438354963,-21.83087738937844,US500_x100,risk_only,3000,3
2025-07,732.0608002596965,20,20,3610.200793067671,2878.1399928079745,25.435204753382497,US500_x100,risk_only,3000,3
2025-08,-302.7997119909178,25,25,3307.401081076753,3610.200793067671,-8.387337141256952,US500_x100,risk_only,3000,3
2025-09,1690.6674263729649,19,19,4998.068507449718,3307.401081076753,51.117701933584456,US500_x100,risk_only,3000,3
2025-10,541.0114859833568,25,25,5539.079993433075,4998.068507449718,10.824411173575726,US500_x100,risk_only,3000,3
2025-11,1860.8240653984476,16,16,7399.904058831523,5539.079993433075,33.594460950276414,US500_x100,risk_only,3000,3
2025-12,-81.50663366130516,24,24,7318.3974251702175,7399.904058831523,-1.1014552758157707,US500_x100,risk_only,3000,3
2026-01,-952.4620177852503,23,23,6365.935407384967,7318.3974251702175,-13.014625504067881,US500_x100,risk_only,3000,3
2026-02,717.2431062135367,16,16,7083.178513598504,6365.935407384967,11.26689261379373,US500_x100,risk_only,3000,3
2026-03,801.229936912554,20,20,7884.408450511058,7083.178513598504,11.311728701660252,US500_x100,risk_only,3000,3
2026-04,4734.046910103285,22,22,12618.455360614342,7884.408450511058,60.04314641761653,US500_x100,risk_only,3000,3
2026-05,-2777.2124892293023,23,23,9841.242871385039,12618.455360614342,-22.009131940964373,US500_x100,risk_only,3000,3
2026-06,-1527.9904222288706,14,14,8313.252449156169,9841.242871385039,-15.526396840298931,US500_x100,risk_only,3000,3
2026-07,-1949.2729929692669,22,22,6363.979456186902,8313.252449156169,-23.447778169747828,US500_x100,risk_only,3000,3
2026-08,2896.3767936822987,18,18,9260.3562498692,6363.979456186902,45.51203871135243,US500_x100,risk_only,3000,3
2024-01,443.7322540678716,29,29,3443.7322540678715,3000.0,14.791075135595722,US500_x100,risk_only,3000,4
2024-02,694.034454146884,19,19,4137.766708214755,3443.7322540678715,20.153554427091805,US500_x100,risk_only,3000,4
2024-03,-720.7212831176421,20,20,3417.0454250971134,4137.766708214755,-17.418122720326064,US500_x100,risk_only,3000,4
2024-04,-293.33748977926456,18,18,3123.7079353178488,3417.0454250971134,-8.584535857346053,US500_x100,risk_only,3000,4
2024-05,236.66949083401684,20,20,3360.3774261518656,3123.7079353178488,7.576556314953141,US500_x100,risk_only,3000,4
2024-06,3229.7191808252282,23,23,6590.096606977094,3360.3774261518656,96.11179850484055,US500_x100,risk_only,3000,4
2024-07,-2126.6442330842992,35,35,4463.452373892795,6590.096606977094,-32.27030436599017,US500_x100,risk_only,3000,4
2024-08,659.467460107687,27,27,5122.919834000481,4463.452373892795,14.774829097874594,US500_x100,risk_only,3000,4
2024-09,-216.8537843613112,18,18,4906.06604963917,5122.919834000481,-4.23301147369254,US500_x100,risk_only,3000,4
2024-10,396.5484042973791,22,22,5302.614453936549,4906.06604963917,8.082818296474919,US500_x100,risk_only,3000,4
2024-11,-261.4095152730432,18,18,5041.204938663506,5302.614453936549,-4.929823156933055,US500_x100,risk_only,3000,4
2024-12,-943.7509747561844,16,16,4097.453963907321,5041.204938663506,-18.720742089219367,US500_x100,risk_only,3000,4
2025-01,-115.05637197011856,17,17,3982.397591937203,4097.453963907321,-2.807996697061146,US500_x100,risk_only,3000,4
2025-02,-952.9404551844264,18,18,3029.4571367527765,3982.397591937203,-23.928812560397233,US500_x100,risk_only,3000,4
2025-03,-374.7975493095764,31,31,2654.6595874432,3029.4571367527765,-12.371772644102023,US500_x100,risk_only,3000,4
2025-04,807.0924626014366,14,22,3461.7520500446367,2654.6595874432,30.402860932492555,US500_x100,risk_only,3000,4
2025-05,-28.622720695395344,21,21,3433.1293293492413,3461.7520500446367,-0.8268275798385467,US500_x100,risk_only,3000,4
2025-06,-957.3573549234015,27,27,2475.7719744258397,3433.1293293492413,-27.885851742872475,US500_x100,risk_only,3000,4
2025-07,847.9723922631994,20,20,3323.744366689039,2475.7719744258397,34.25082766193982,US500_x100,risk_only,3000,4
2025-08,-484.41698983409515,25,25,2839.327376854944,3323.744366689039,-14.574435828729182,US500_x100,risk_only,3000,4
2025-09,1942.5726744966735,19,19,4781.900051351618,2839.327376854944,68.41665002534563,US500_x100,risk_only,3000,4
2025-10,710.8610784062212,25,25,5492.761129757839,4781.900051351618,14.865661573275549,US500_x100,risk_only,3000,4
2025-11,2654.120658675074,16,16,8146.881788432913,5492.761129757839,48.320336456941234,US500_x100,risk_only,3000,4
2025-12,-308.4608078370801,24,24,7838.420980595833,8146.881788432913,-3.786243815088102,US500_x100,risk_only,3000,4
2026-01,-1413.003302859689,23,23,6425.417677736144,7838.420980595833,-18.026631975465556,US500_x100,risk_only,3000,4
2026-02,955.3857444272984,16,16,7380.803422163442,6425.417677736144,14.868850436566605,US500_x100,risk_only,3000,4
2026-03,1088.4860306617902,20,20,8469.289452825233,7380.803422163442,14.747527720264578,US500_x100,risk_only,3000,4
2026-04,7124.701616404225,22,22,15593.991069229458,8469.289452825233,84.12395934853222,US500_x100,risk_only,3000,4
2026-05,-4510.026621698579,23,23,11083.964447530878,15593.991069229458,-28.92156729907267,US500_x100,risk_only,3000,4
2026-06,-2255.292570731358,14,14,8828.67187679952,11083.964447530878,-20.347345766105907,US500_x100,risk_only,3000,4
2026-07,-2713.150080248921,22,22,6115.5217965506,8828.67187679952,-30.73112375349104,US500_x100,risk_only,3000,4
2026-08,3530.44992534702,18,18,9645.97172189762,6115.5217965506,57.72933271758324,US500_x100,risk_only,3000,4
2024-01,417.1206733117106,29,29,3417.1206733117106,3000.0,13.904022443723688,US500_x100,risk_only,3000,5
2024-02,876.0990455743513,19,19,4293.219718886062,3417.1206733117106,25.63851643920078,US500_x100,risk_only,3000,5
2024-03,-963.0553870795329,20,20,3330.164331806529,4293.219718886062,-22.432007913385146,US500_x100,risk_only,3000,5
2024-04,-415.0934536763216,18,18,2915.0708781302073,3330.164331806529,-12.464653762330823,US500_x100,risk_only,3000,5
2024-05,235.11707439150092,20,20,3150.187952521708,2915.0708781302073,8.065569731268777,US500_x100,risk_only,3000,5
2024-06,3981.3957312148405,23,23,7131.583683736549,3150.187952521708,126.3859741456936,US500_x100,risk_only,3000,5
2024-07,-2832.0705732969873,35,35,4299.513110439561,7131.583683736549,-39.71166432156541,US500_x100,risk_only,3000,5
2024-08,616.0866389221537,27,27,4915.599749361715,4299.513110439561,14.329218753310604,US500_x100,risk_only,3000,5
2024-09,-303.41879241790673,18,18,4612.180956943808,4915.599749361715,-6.172569124597773,US500_x100,risk_only,3000,5
2024-10,396.25952263530564,22,22,5008.440479579114,4612.180956943808,8.591586634056982,US500_x100,risk_only,3000,5
2024-11,-315.84475087875364,18,18,4692.59572870036,5008.440479579114,-6.30624946361139,US500_x100,risk_only,3000,5
2024-12,-1082.1756796129382,16,16,3610.420049087422,4692.59572870036,-23.0613447690422,US500_x100,risk_only,3000,5
2025-01,-162.75238211919168,17,17,3447.66766696823,3610.420049087422,-4.507851715490261,US500_x100,risk_only,3000,5
2025-02,-1002.6057839449231,18,18,2445.061883023307,3447.66766696823,-29.080696888241057,US500_x100,risk_only,3000,5
2025-03,-374.49359266583815,31,31,2070.568290357469,2445.061883023307,-15.316323699863934,US500_x100,risk_only,3000,5
2025-04,786.7098883316412,13,22,2857.27817868911,2070.568290357469,37.994877637956165,US500_x100,risk_only,3000,5
2025-05,-80.2077703901868,21,21,2777.0704082989237,2857.27817868911,-2.807139010419535,US500_x100,risk_only,3000,5
2025-06,-959.534692412225,27,27,1817.5357158866984,2777.0704082989237,-34.55204770987358,US500_x100,risk_only,3000,5
2025-07,811.4751321932082,20,20,2629.0108480799067,1817.5357158866984,44.64699786090993,US500_x100,risk_only,3000,5
2025-08,-501.27136242717734,25,25,2127.7394856527294,2629.0108480799067,-19.066918753617163,US500_x100,risk_only,3000,5
2025-09,1925.41346477557,19,19,4053.1529504282994,2127.7394856527294,90.4910341589543,US500_x100,risk_only,3000,5
2025-10,657.106107294292,25,25,4710.259057722591,4053.1529504282994,16.212220839700983,US500_x100,risk_only,3000,5
2025-11,2869.708150449075,16,16,7579.967208171667,4710.259057722591,60.924635254277895,US500_x100,risk_only,3000,5
2025-12,-432.97171603186007,24,24,7146.9954921398075,7579.967208171667,-5.712052626891184,US500_x100,risk_only,3000,5
2026-01,-1632.8679811033808,23,23,5514.127511036427,7146.9954921398075,-22.846914943477888,US500_x100,risk_only,3000,5
2026-02,1003.6499375771477,16,16,6517.777448613575,5514.127511036427,18.201427797386994,US500_x100,risk_only,3000,5
2026-03,1175.929228457635,20,20,7693.70667707121,6517.777448613575,18.04187451518112,US500_x100,risk_only,3000,5
2026-04,8337.50904596629,22,22,16031.2157230375,7693.70667707121,108.36790894061168,US500_x100,risk_only,3000,5
2026-05,-5626.0373784720805,23,23,10405.178344565418,16031.2157230375,-35.09426531131534,US500_x100,risk_only,3000,5
2026-06,-2603.0965421552664,14,14,7802.081802410153,10405.178344565418,-25.017317877255348,US500_x100,risk_only,3000,5
2026-07,-2926.2133755637697,22,22,4875.868426846383,7802.081802410153,-37.505545951336074,US500_x100,risk_only,3000,5
2026-08,3347.590763838274,18,18,8223.459190684658,4875.868426846383,68.65629813566217,US500_x100,risk_only,3000,5
2024-01,0.0,0,29,500.0,500.0,0.0,US500_x100,margin_400,500,1
2024-02,0.0,0,19,500.0,500.0,0.0,US500_x100,margin_400,500,1
2024-03,0.0,0,20,500.0,500.0,0.0,US500_x100,margin_400,500,1
2024-04,0.0,0,18,500.0,500.0,0.0,US500_x100,margin_400,500,1
2024-05,0.0,0,20,500.0,500.0,0.0,US500_x100,margin_400,500,1
2024-06,0.0,0,23,500.0,500.0,0.0,US500_x100,margin_400,500,1
2024-07,0.0,0,35,500.0,500.0,0.0,US500_x100,margin_400,500,1
2024-08,0.0,0,27,500.0,500.0,0.0,US500_x100,margin_400,500,1
2024-09,0.0,0,18,500.0,500.0,0.0,US500_x100,margin_400,500,1
2024-10,0.0,0,22,500.0,500.0,0.0,US500_x100,margin_400,500,1
2024-11,0.0,0,18,500.0,500.0,0.0,US500_x100,margin_400,500,1
2024-12,0.0,0,16,500.0,500.0,0.0,US500_x100,margin_400,500,1
2025-01,0.0,0,17,500.0,500.0,0.0,US500_x100,margin_400,500,1
2025-02,0.0,0,18,500.0,500.0,0.0,US500_x100,margin_400,500,1
2025-03,0.0,0,31,500.0,500.0,0.0,US500_x100,margin_400,500,1
2025-04,0.0,0,22,500.0,500.0,0.0,US500_x100,margin_400,500,1
2025-05,0.0,0,21,500.0,500.0,0.0,US500_x100,margin_400,500,1
2025-06,0.0,0,27,500.0,500.0,0.0,US500_x100,margin_400,500,1
2025-07,0.0,0,20,500.0,500.0,0.0,US500_x100,margin_400,500,1
2025-08,0.0,0,25,500.0,500.0,0.0,US500_x100,margin_400,500,1
2025-09,0.0,0,19,500.0,500.0,0.0,US500_x100,margin_400,500,1
2025-10,0.0,0,25,500.0,500.0,0.0,US500_x100,margin_400,500,1
2025-11,0.0,0,16,500.0,500.0,0.0,US500_x100,margin_400,500,1
2025-12,0.0,0,24,500.0,500.0,0.0,US500_x100,margin_400,500,1
2026-01,0.0,0,23,500.0,500.0,0.0,US500_x100,margin_400,500,1
2026-02,0.0,0,16,500.0,500.0,0.0,US500_x100,margin_400,500,1
2026-03,0.0,0,20,500.0,500.0,0.0,US500_x100,margin_400,500,1
2026-04,0.0,0,22,500.0,500.0,0.0,US500_x100,margin_400,500,1
2026-05,0.0,0,23,500.0,500.0,0.0,US500_x100,margin_400,500,1
2026-06,0.0,0,14,500.0,500.0,0.0,US500_x100,margin_400,500,1
2026-07,0.0,0,22,500.0,500.0,0.0,US500_x100,margin_400,500,1
2026-08,0.0,0,18,500.0,500.0,0.0,US500_x100,margin_400,500,1
2024-01,0.0,0,29,500.0,500.0,0.0,US500_x100,margin_400,500,2
2024-02,4.2210406699796295,1,19,504.22104066997963,500.0,0.844208133995926,US500_x100,margin_400,500,2
2024-03,0.0,0,20,504.22104066997963,504.22104066997963,0.0,US500_x100,margin_400,500,2
2024-04,0.0,0,18,504.22104066997963,504.22104066997963,0.0,US500_x100,margin_400,500,2
2024-05,0.5180253222852114,1,20,504.73906599226484,504.22104066997963,0.10273774406496196,US500_x100,margin_400,500,2
2024-06,33.40994347149535,1,23,538.1490094637602,504.73906599226484,6.619250563816545,US500_x100,margin_400,500,2
2024-07,-18.411709432371026,2,35,519.7373000313892,538.1490094637602,-3.421303228025527,US500_x100,margin_400,500,2
2024-08,0.0,0,27,519.7373000313892,519.7373000313892,0.0,US500_x100,margin_400,500,2
2024-09,0.0,0,18,519.7373000313892,519.7373000313892,0.0,US500_x100,margin_400,500,2
2024-10,0.0,0,22,519.7373000313892,519.7373000313892,0.0,US500_x100,margin_400,500,2
2024-11,0.0,0,18,519.7373000313892,519.7373000313892,0.0,US500_x100,margin_400,500,2
2024-12,-10.129870842575656,1,16,509.6074291888135,519.7373000313892,-1.9490367233530994,US500_x100,margin_400,500,2
2025-01,0.0,0,17,509.6074291888135,509.6074291888135,0.0,US500_x100,margin_400,500,2
2025-02,0.0,0,18,509.6074291888135,509.6074291888135,0.0,US500_x100,margin_400,500,2
2025-03,0.0,0,31,509.6074291888135,509.6074291888135,0.0,US500_x100,margin_400,500,2
2025-04,0.0,0,22,509.6074291888135,509.6074291888135,0.0,US500_x100,margin_400,500,2
2025-05,0.0,0,21,509.6074291888135,509.6074291888135,0.0,US500_x100,margin_400,500,2
2025-06,0.0,0,27,509.6074291888135,509.6074291888135,0.0,US500_x100,margin_400,500,2
2025-07,0.0,0,20,509.6074291888135,509.6074291888135,0.0,US500_x100,margin_400,500,2
2025-08,0.0,0,25,509.6074291888135,509.6074291888135,0.0,US500_x100,margin_400,500,2
2025-09,0.0,0,19,509.6074291888135,509.6074291888135,0.0,US500_x100,margin_400,500,2
2025-10,0.0,0,25,509.6074291888135,509.6074291888135,0.0,US500_x100,margin_400,500,2
2025-11,0.0,0,16,509.6074291888135,509.6074291888135,0.0,US500_x100,margin_400,500,2
2025-12,0.0,0,24,509.6074291888135,509.6074291888135,0.0,US500_x100,margin_400,500,2
2026-01,0.0,0,23,509.6074291888135,509.6074291888135,0.0,US500_x100,margin_400,500,2
2026-02,0.0,0,16,509.6074291888135,509.6074291888135,0.0,US500_x100,margin_400,500,2
2026-03,0.0,0,20,509.6074291888135,509.6074291888135,0.0,US500_x100,margin_400,500,2
2026-04,0.0,0,22,509.6074291888135,509.6074291888135,0.0,US500_x100,margin_400,500,2
2026-05,0.0,0,23,509.6074291888135,509.6074291888135,0.0,US500_x100,margin_400,500,2
2026-06,0.0,0,14,509.6074291888135,509.6074291888135,0.0,US500_x100,margin_400,500,2
2026-07,0.0,0,22,509.6074291888135,509.6074291888135,0.0,US500_x100,margin_400,500,2
2026-08,0.0,0,18,509.6074291888135,509.6074291888135,0.0,US500_x100,margin_400,500,2
2024-01,25.670306293278365,13,29,525.6703062932784,500.0,5.134061258655673,US500_x100,margin_400,500,3
2024-02,76.44247604491466,12,19,602.112782338193,525.6703062932784,14.541904903083186,US500_x100,margin_400,500,3
2024-03,-3.044270912491811,6,20,599.0685114257012,602.112782338193,-0.5055981207822812,US500_x100,margin_400,500,3
2024-04,65.68630258826488,2,18,664.7548140139661,599.0685114257012,10.964739647547232,US500_x100,margin_400,500,3
2024-05,91.5310466541523,15,20,756.2858606681184,664.7548140139661,13.769143859442481,US500_x100,margin_400,500,3
2024-06,195.02573101834332,18,23,951.3115916864617,756.2858606681184,25.78730360581561,US500_x100,margin_400,500,3
2024-07,-242.63901059262574,20,35,708.672581093836,951.3115916864617,-25.505734683888516,US500_x100,margin_400,500,3
2024-08,13.37392847005139,5,27,722.0465095638874,708.672581093836,1.8871801769737913,US500_x100,margin_400,500,3
2024-09,-39.30677209019268,2,18,682.7397374736947,722.0465095638874,-5.443800582033667,US500_x100,margin_400,500,3
2024-10,29.618311885560587,12,22,712.3580493592553,682.7397374736947,4.338155560588232,US500_x100,margin_400,500,3
2024-11,-65.66978054651008,5,18,646.6882688127453,712.3580493592553,-9.218647926499612,US500_x100,margin_400,500,3
2024-12,-46.9494148775093,7,16,599.738853935236,646.6882688127453,-7.259976273221054,US500_x100,margin_400,500,3
2025-01,-6.846177219689707,2,17,592.8926767155463,599.738853935236,-1.1415263784842271,US500_x100,margin_400,500,3
2025-02,-3.287341916090554,2,18,589.6053347994557,592.8926767155463,-0.5544581751796086,US500_x100,margin_400,500,3
2025-03,0.0,0,31,589.6053347994557,589.6053347994557,0.0,US500_x100,margin_400,500,3
2025-04,0.0,0,22,589.6053347994557,589.6053347994557,0.0,US500_x100,margin_400,500,3
2025-05,0.0,0,21,589.6053347994557,589.6053347994557,0.0,US500_x100,margin_400,500,3
2025-06,7.2063863587382,1,27,596.8117211581939,589.6053347994557,1.2222390018213336,US500_x100,margin_400,500,3
2025-07,76.59725090412395,9,20,673.4089720623178,596.8117211581939,12.834407936137149,US500_x100,margin_400,500,3
2025-08,-51.574218560710506,3,25,621.8347535016073,673.4089720623178,-7.658677074462528,US500_x100,margin_400,500,3
2025-09,172.5561922328252,6,19,794.3909457344325,621.8347535016073,27.749525297701,US500_x100,margin_400,500,3
2025-10,-30.141197182488213,6,25,764.2497485519443,794.3909457344325,-3.7942523570207602,US500_x100,margin_400,500,3
2025-11,33.779999999997926,1,16,798.0297485519422,764.2497485519443,4.420021081328753,US500_x100,margin_400,500,3
2025-12,18.753493637881554,8,24,816.7832421898238,798.0297485519422,2.3499742549586076,US500_x100,margin_400,500,3
2026-01,-51.25122042518342,10,23,765.5320217646404,816.7832421898238,-6.274763949340727,US500_x100,margin_400,500,3
2026-02,0.0,0,16,765.5320217646404,765.5320217646404,0.0,US500_x100,margin_400,500,3
2026-03,-22.47108904570996,1,20,743.0609327189304,765.5320217646404,-2.9353558579968326,US500_x100,margin_400,500,3
2026-04,208.23955579220183,3,22,951.3004885111322,743.0609327189304,28.024559847364543,US500_x100,margin_400,500,3
2026-05,-84.92219647892307,8,23,866.3782920322092,951.3004885111322,-8.92695814882148,US500_x100,margin_400,500,3
2026-06,-46.8017042737838,2,14,819.5765877584254,866.3782920322092,-5.40199410629322,US500_x100,margin_400,500,3
2026-07,0.984407145220757,1,22,820.5609949036461,819.5765877584254,0.12011167228594827,US500_x100,margin_400,500,3
2026-08,319.4577577749788,14,18,1140.0187526786249,820.5609949036461,38.931628454078655,US500_x100,margin_400,500,3
2024-01,125.17209870817078,24,29,625.1720987081708,500.0,25.034419741634157,US500_x100,margin_400,500,4
2024-02,61.70396743536094,18,19,686.8760661435317,625.1720987081708,9.869917029704846,US500_x100,margin_400,500,4
2024-03,-99.50306161921344,18,20,587.3730045243183,686.8760661435317,-14.486319515815097,US500_x100,margin_400,500,4
2024-04,58.841006259706774,5,18,646.214010784025,587.3730045243183,10.017655868839075,US500_x100,margin_400,500,4
2024-05,92.12580490591608,18,20,738.3398156899411,646.214010784025,14.256237619197332,US500_x100,margin_400,500,4
2024-06,447.75593837824727,22,23,1186.0957540681884,738.3398156899411,60.64361271914369,US500_x100,margin_400,500,4
2024-07,-304.24038266892427,33,35,881.8553713992642,1186.0957540681884,-25.650575143314576,US500_x100,margin_400,500,4
2024-08,90.86377233250187,15,27,972.719143731766,881.8553713992642,10.303704584610719,US500_x100,margin_400,500,4
2024-09,-47.26926860996172,15,18,925.4498751218043,972.719143731766,-4.859498131044961,US500_x100,margin_400,500,4
2024-10,55.23873677240313,22,22,980.6886118942074,925.4498751218043,5.968852366545818,US500_x100,margin_400,500,4
2024-11,-21.69745769332892,18,18,958.9911542008784,980.6886118942074,-2.2124716683943255,US500_x100,margin_400,500,4
2024-12,5.440877621961619,11,16,964.43203182284,958.9911542008784,0.5673543075061489,US500_x100,margin_400,500,4
2025-01,12.863014942568043,13,17,977.2950467654081,964.43203182284,1.3337399130404346,US500_x100,margin_400,500,4
2025-02,-174.69195283513454,10,18,802.6030939302735,977.2950467654081,-17.875047398768608,US500_x100,margin_400,500,4
2025-03,65.01810692508298,8,31,867.6212008553565,802.6030939302735,8.100904097777057,US500_x100,margin_400,500,4
2025-04,-33.11092871438086,1,22,834.5102721409756,867.6212008553565,-3.8162885694515056,US500_x100,margin_400,500,4
2025-05,154.1715615536059,14,21,988.6818336945815,834.5102721409756,18.4744953657756,US500_x100,margin_400,500,4
2025-06,-249.7406137077778,23,27,738.9412199868037,988.6818336945815,-25.259957773728694,US500_x100,margin_400,500,4
2025-07,270.374617875089,20,20,1009.3158378618928,738.9412199868037,36.589462133390995,US500_x100,margin_400,500,4
2025-08,-83.41258391747125,24,25,925.9032539444215,1009.3158378618928,-8.26426979429652,US500_x100,margin_400,500,4
2025-09,624.7150912913003,19,19,1550.6183452357218,925.9032539444215,67.4708819339347,US500_x100,margin_400,500,4
2025-10,204.8778660707831,25,25,1755.4962113065048,1550.6183452357218,13.21265588661909,US500_x100,margin_400,500,4
2025-11,676.9529485471467,15,16,2432.4491598536515,1755.4962113065048,38.561914528048646,US500_x100,margin_400,500,4
2025-12,-114.32717790153572,24,24,2318.1219819521157,2432.4491598536515,-4.700084992050326,US500_x100,margin_400,500,4
2026-01,-415.90962379648045,23,23,1902.2123581556352,2318.1219819521157,-17.94166256282331,US500_x100,margin_400,500,4
2026-02,299.7059450075322,16,16,2201.9183031631674,1902.2123581556352,15.755651240649277,US500_x100,margin_400,500,4
2026-03,287.5172437814217,20,20,2489.435546944589,2201.9183031631674,13.057579991427865,US500_x100,margin_400,500,4
2026-04,2009.0119852296957,22,22,4498.447532174285,2489.435546944589,80.70150631919185,US500_x100,margin_400,500,4
2026-05,-1250.8563767189307,23,23,3247.591155455354,4498.447532174285,-27.806401381196956,US500_x100,margin_400,500,4
2026-06,-602.653897045454,14,14,2644.9372584099,3247.591155455354,-18.556950927554613,US500_x100,margin_400,500,4
2026-07,-696.0746166778526,21,22,1948.8626417320475,2644.9372584099,-26.317244935190754,US500_x100,margin_400,500,4
2026-08,1057.8239958207034,18,18,3006.6866375527507,1948.8626417320475,54.27904323111067,US500_x100,margin_400,500,4
2024-01,119.52020110249215,28,29,619.5202011024921,500.0,23.90404022049843,US500_x100,margin_400,500,5
2024-02,47.00173586027177,18,19,666.5219369627639,619.5202011024921,7.586796326677958,US500_x100,margin_400,500,5
2024-03,-145.11118698232804,19,20,521.4107499804359,666.5219369627639,-21.771404500739614,US500_x100,margin_400,500,5
2024-04,6.280433652557818,9,18,527.6911836329937,521.4107499804359,1.204507895702854,US500_x100,margin_400,500,5
2024-05,63.169848461132474,19,20,590.8610320941261,527.6911836329937,11.97098803626531,US500_x100,margin_400,500,5
2024-06,113.6063077038634,21,23,704.4673397979896,590.8610320941261,19.227246599969643,US500_x100,margin_400,500,5
2024-07,-271.3510875411712,22,35,433.11625225681837,704.4673397979896,-38.51861856633166,US500_x100,margin_400,500,5
2024-08,13.37392847005139,5,27,446.49018072686977,433.11625225681837,3.0878380574186473,US500_x100,margin_400,500,5
2024-09,-60.335461766787375,3,18,386.1547189600824,446.49018072686977,-13.513278538077463,US500_x100,margin_400,500,5
2024-10,50.83327044196628,11,22,436.9879894020487,386.1547189600824,13.163964583641672,US500_x100,margin_400,500,5
2024-11,-71.1106487750867,5,18,365.877340626962,436.9879894020487,-16.27290692185631,US500_x100,margin_400,500,5
2024-12,-43.340947251111174,7,16,322.5363933758508,365.877340626962,-11.845758793600819,US500_x100,margin_400,500,5
2025-01,0.0,0,17,322.5363933758508,322.5363933758508,0.0,US500_x100,margin_400,500,5
2025-02,-15.3599368527166,1,18,307.1764565231342,322.5363933758508,-4.762233710109639,US500_x100,margin_400,500,5
2025-03,0.0,0,31,307.1764565231342,307.1764565231342,0.0,US500_x100,margin_400,500,5
2025-04,0.0,0,22,307.1764565231342,307.1764565231342,0.0,US500_x100,margin_400,500,5
2025-05,0.0,0,21,307.1764565231342,307.1764565231342,0.0,US500_x100,margin_400,500,5
2025-06,7.2063863587382,1,27,314.3828428818724,307.1764565231342,2.346008688395515,US500_x100,margin_400,500,5
2025-07,-33.33783724242039,4,20,281.04500563945203,314.3828428818724,-10.604216482305587,US500_x100,margin_400,500,5
2025-08,-13.419832385256996,1,25,267.62517325419503,281.04500563945203,-4.774976290620541,US500_x100,margin_400,500,5
2025-09,45.0960357777094,1,19,312.72120903190444,267.62517325419503,16.850446177899865,US500_x100,margin_400,500,5
2025-10,-8.265150987863308,2,25,304.45605804404113,312.72120903190444,-2.6429774345813817,US500_x100,margin_400,500,5
2025-11,0.0,0,16,304.45605804404113,304.45605804404113,0.0,US500_x100,margin_400,500,5
2025-12,3.8987029833078815,4,24,308.354761027349,304.45605804404113,1.2805470215816543,US500_x100,margin_400,500,5
2026-01,-15.270000000003165,1,23,293.08476102734585,308.354761027349,-4.9520882859495785,US500_x100,margin_400,500,5
2026-02,0.0,0,16,293.08476102734585,293.08476102734585,0.0,US500_x100,margin_400,500,5
2026-03,0.0,0,20,293.08476102734585,293.08476102734585,0.0,US500_x100,margin_400,500,5
2026-04,0.0,0,22,293.08476102734585,293.08476102734585,0.0,US500_x100,margin_400,500,5
2026-05,0.0,0,23,293.08476102734585,293.08476102734585,0.0,US500_x100,margin_400,500,5
2026-06,0.0,0,14,293.08476102734585,293.08476102734585,0.0,US500_x100,margin_400,500,5
2026-07,0.0,0,22,293.08476102734585,293.08476102734585,0.0,US500_x100,margin_400,500,5
2026-08,0.0,0,18,293.08476102734585,293.08476102734585,0.0,US500_x100,margin_400,500,5
2024-01,0.0,0,29,1000.0,1000.0,0.0,US500_x100,margin_400,1000,1
2024-02,4.2210406699796295,1,19,1004.2210406699796,1000.0,0.422104066997963,US500_x100,margin_400,1000,1
2024-03,0.0,0,20,1004.2210406699796,1004.2210406699796,0.0,US500_x100,margin_400,1000,1
2024-04,0.0,0,18,1004.2210406699796,1004.2210406699796,0.0,US500_x100,margin_400,1000,1
2024-05,0.5180253222852114,1,20,1004.7390659922648,1004.2210406699796,0.051584790728902055,US500_x100,margin_400,1000,1
2024-06,33.40994347149535,1,23,1038.1490094637602,1004.7390659922648,3.3252358350872133,US500_x100,margin_400,1000,1
2024-07,-18.411709432371026,2,35,1019.7373000313892,1038.1490094637602,-1.7735131724376745,US500_x100,margin_400,1000,1
2024-08,0.0,0,27,1019.7373000313892,1019.7373000313892,0.0,US500_x100,margin_400,1000,1
2024-09,0.0,0,18,1019.7373000313892,1019.7373000313892,0.0,US500_x100,margin_400,1000,1
2024-10,0.0,0,22,1019.7373000313892,1019.7373000313892,0.0,US500_x100,margin_400,1000,1
2024-11,0.0,0,18,1019.7373000313892,1019.7373000313892,0.0,US500_x100,margin_400,1000,1
2024-12,-10.129870842575656,1,16,1009.6074291888135,1019.7373000313892,-0.9933804365363355,US500_x100,margin_400,1000,1
2025-01,0.0,0,17,1009.6074291888135,1009.6074291888135,0.0,US500_x100,margin_400,1000,1
2025-02,0.0,0,18,1009.6074291888135,1009.6074291888135,0.0,US500_x100,margin_400,1000,1
2025-03,0.0,0,31,1009.6074291888135,1009.6074291888135,0.0,US500_x100,margin_400,1000,1
2025-04,0.0,0,22,1009.6074291888135,1009.6074291888135,0.0,US500_x100,margin_400,1000,1
2025-05,0.0,0,21,1009.6074291888135,1009.6074291888135,0.0,US500_x100,margin_400,1000,1
2025-06,0.0,0,27,1009.6074291888135,1009.6074291888135,0.0,US500_x100,margin_400,1000,1
2025-07,0.0,0,20,1009.6074291888135,1009.6074291888135,0.0,US500_x100,margin_400,1000,1
2025-08,0.0,0,25,1009.6074291888135,1009.6074291888135,0.0,US500_x100,margin_400,1000,1
2025-09,0.0,0,19,1009.6074291888135,1009.6074291888135,0.0,US500_x100,margin_400,1000,1
2025-10,0.0,0,25,1009.6074291888135,1009.6074291888135,0.0,US500_x100,margin_400,1000,1
2025-11,0.0,0,16,1009.6074291888135,1009.6074291888135,0.0,US500_x100,margin_400,1000,1
2025-12,0.0,0,24,1009.6074291888135,1009.6074291888135,0.0,US500_x100,margin_400,1000,1
2026-01,0.0,0,23,1009.6074291888135,1009.6074291888135,0.0,US500_x100,margin_400,1000,1
2026-02,0.0,0,16,1009.6074291888135,1009.6074291888135,0.0,US500_x100,margin_400,1000,1
2026-03,0.0,0,20,1009.6074291888135,1009.6074291888135,0.0,US500_x100,margin_400,1000,1
2026-04,0.0,0,22,1009.6074291888135,1009.6074291888135,0.0,US500_x100,margin_400,1000,1
2026-05,0.0,0,23,1009.6074291888135,1009.6074291888135,0.0,US500_x100,margin_400,1000,1
2026-06,0.0,0,14,1009.6074291888135,1009.6074291888135,0.0,US500_x100,margin_400,1000,1
2026-07,0.0,0,22,1009.6074291888135,1009.6074291888135,0.0,US500_x100,margin_400,1000,1
2026-08,0.0,0,18,1009.6074291888135,1009.6074291888135,0.0,US500_x100,margin_400,1000,1
2024-01,164.58651714857388,23,29,1164.5865171485739,1000.0,16.458651714857385,US500_x100,margin_400,1000,2
2024-02,80.72082968240102,16,19,1245.307346830975,1164.5865171485739,6.931286640690426,US500_x100,margin_400,1000,2
2024-03,-47.907549447254496,15,20,1197.3997973837204,1245.307346830975,-3.8470462387593196,US500_x100,margin_400,1000,2
2024-04,84.83520280892117,4,18,1282.2350001926416,1197.3997973837204,7.084952160029033,US500_x100,margin_400,1000,2
2024-05,130.18373832421366,17,20,1412.4187385168552,1282.2350001926416,10.152876680534769,US500_x100,margin_400,1000,2
2024-06,412.9880533447222,22,23,1825.4067918615774,1412.4187385168552,29.23977444383033,US500_x100,margin_400,1000,2
2024-07,-317.830627521972,28,35,1507.5761643396054,1825.4067918615774,-17.41149583418847,US500_x100,margin_400,1000,2
2024-08,55.61671264751931,10,27,1563.1928769871247,1507.5761643396054,3.6891477832486324,US500_x100,margin_400,1000,2
2024-09,-27.141812346164443,11,18,1536.0510646409602,1563.1928769871247,-1.736306040395807,US500_x100,margin_400,1000,2
2024-10,129.73999658788028,20,22,1665.7910612288406,1536.0510646409602,8.446333561065952,US500_x100,margin_400,1000,2
2024-11,-47.52760503713944,13,18,1618.2634561917012,1665.7910612288406,-2.8531552451769495,US500_x100,margin_400,1000,2
2024-12,1.809914375031454,11,16,1620.0733705667326,1618.2634561917012,0.11184299862339903,US500_x100,margin_400,1000,2
2025-01,-68.66132755006674,8,17,1551.4120430166658,1620.0733705667326,-4.238161604128318,US500_x100,margin_400,1000,2
2025-02,-103.89885957754086,7,18,1447.513183439125,1551.4120430166658,-6.697051247295542,US500_x100,margin_400,1000,2
2025-03,83.42317873470802,6,31,1530.936362173833,1447.513183439125,5.763206835636836,US500_x100,margin_400,1000,2
2025-04,0.0,0,22,1530.936362173833,1530.936362173833,0.0,US500_x100,margin_400,1000,2
2025-05,91.15814297291854,9,21,1622.0945051467515,1530.936362173833,5.954404456334144,US500_x100,margin_400,1000,2
2025-06,-199.53019681570004,15,27,1422.5643083310515,1622.0945051467515,-12.30077508940507,US500_x100,margin_400,1000,2
2025-07,218.2398122549539,20,20,1640.8041205860054,1422.5643083310515,15.341296767876333,US500_x100,margin_400,1000,2
2025-08,-79.12400724176041,22,25,1561.680113344245,1640.8041205860054,-4.822270144805685,US500_x100,margin_400,1000,2
2025-09,529.398455353783,17,19,2091.078568698028,1561.680113344245,33.89928903046013,US500_x100,margin_400,1000,2
2025-10,90.02153465167794,21,25,2181.100103349706,2091.078568698028,4.30502880184594,US500_x100,margin_400,1000,2
2025-11,356.15819300362637,10,16,2537.2582963533323,2181.100103349706,16.329291464277276,US500_x100,margin_400,1000,2
2025-12,65.7493726560133,23,24,2603.0076690093456,2537.2582963533323,2.5913551155005154,US500_x100,margin_400,1000,2
2026-01,-222.4501442040992,23,23,2380.5575248052464,2603.0076690093456,-8.545888928892762,US500_x100,margin_400,1000,2
2026-02,327.6723639302273,12,16,2708.2298887354737,2380.5575248052464,13.764521987639606,US500_x100,margin_400,1000,2
2026-03,373.2405219217844,10,20,3081.470410657258,2708.2298887354737,13.781714893341562,US500_x100,margin_400,1000,2
2026-04,1215.8040313190058,22,22,4297.274441976264,3081.470410657258,39.45532065192482,US500_x100,margin_400,1000,2
2026-05,-588.5229346826909,23,23,3708.751507293573,4297.274441976264,-13.695260626920453,US500_x100,margin_400,1000,2
2026-06,-346.9172304368294,12,14,3361.8342768567436,3708.751507293573,-9.354016567424035,US500_x100,margin_400,1000,2
2026-07,-467.1800854659641,21,22,2894.6541913907795,3361.8342768567436,-13.896582847110755,US500_x100,margin_400,1000,2
2026-08,847.1323976175983,18,18,3741.7865890083776,2894.6541913907795,29.26540932375003,US500_x100,margin_400,1000,2
2024-01,141.4202701121349,29,29,1141.4202701121349,1000.0,14.14202701121349,US500_x100,margin_400,1000,3
2024-02,176.61652297682943,19,19,1318.0367930889643,1141.4202701121349,15.473399903742585,US500_x100,margin_400,1000,3
2024-03,-186.5650741864865,19,20,1131.4717189024777,1318.0367930889643,-14.154769818621734,US500_x100,margin_400,1000,3
2024-04,-48.644658851258086,14,18,1082.8270600512196,1131.4717189024777,-4.299237713024164,US500_x100,margin_400,1000,3
2024-05,89.11060047976753,20,20,1171.9376605309872,1082.8270600512196,8.229439747797993,US500_x100,margin_400,1000,3
2024-06,760.1240338960934,23,23,1932.0616944270805,1171.9376605309872,64.8604494501604,US500_x100,margin_400,1000,3
2024-07,-379.2483409387742,34,35,1552.8133534883063,1932.0616944270805,-19.629204493453496,US500_x100,margin_400,1000,3
2024-08,88.18420611949023,17,27,1640.9975596077966,1552.8133534883063,5.678995863951675,US500_x100,margin_400,1000,3
2024-09,-74.48811718505566,17,18,1566.509442422741,1640.9975596077966,-4.539197316226269,US500_x100,margin_400,1000,3
2024-10,87.55660837701717,22,22,1654.0660507997582,1566.509442422741,5.589280600926566,US500_x100,margin_400,1000,3
2024-11,-16.53598468668587,18,18,1637.5300661130723,1654.0660507997582,-0.9997173135069516,US500_x100,margin_400,1000,3
2024-12,-217.16456704259508,16,16,1420.3654990704772,1637.5300661130723,-13.261714794530056,US500_x100,margin_400,1000,3
2025-01,-38.79365753934417,14,17,1381.571841531133,1420.3654990704772,-2.731244708825419,US500_x100,margin_400,1000,3
2025-02,-156.12885322846523,11,18,1225.4429883026678,1381.571841531133,-11.300813213986379,US500_x100,margin_400,1000,3
2025-03,81.21032463197298,9,31,1306.6533129346408,1225.4429883026678,6.627017772932504,US500_x100,margin_400,1000,3
2025-04,-33.11092871438086,1,22,1273.54238422026,1306.6533129346408,-2.534025543471536,US500_x100,margin_400,1000,3
2025-05,109.57087045308344,16,21,1383.1132546733434,1273.54238422026,8.60362967190679,US500_x100,margin_400,1000,3
2025-06,-268.94771335937185,23,27,1114.1655413139715,1383.1132546733434,-19.44509695432646,US500_x100,margin_400,1000,3
2025-07,270.6292733211531,20,20,1384.7948146351246,1114.1655413139715,24.28986207938106,US500_x100,margin_400,1000,3
2025-08,-97.06579107279414,24,25,1287.7290235623304,1384.7948146351246,-7.009398796627478,US500_x100,margin_400,1000,3
2025-09,635.6497461482641,19,19,1923.3787697105945,1287.7290235623304,49.362073426738796,US500_x100,margin_400,1000,3
2025-10,112.25336642303316,23,25,2035.6321361336277,1923.3787697105945,5.836258993329931,US500_x100,margin_400,1000,3
2025-11,611.5025917236972,15,16,2647.134727857325,2035.6321361336277,30.039936040956444,US500_x100,margin_400,1000,3
2025-12,-59.67544291759073,24,24,2587.459284939734,2647.134727857325,-2.2543409781750676,US500_x100,margin_400,1000,3
2026-01,-316.57914286575124,23,23,2270.880142073983,2587.459284939734,-12.235135242838222,US500_x100,margin_400,1000,3
2026-02,241.60932817290274,16,16,2512.4894702468855,2270.880142073983,10.63945752558487,US500_x100,margin_400,1000,3
2026-03,373.25074570666675,19,20,2885.7402159535523,2512.4894702468855,14.855813332821247,US500_x100,margin_400,1000,3
2026-04,1741.8654037377792,22,22,4627.605619691331,2885.7402159535523,60.36113001815045,US500_x100,margin_400,1000,3
2026-05,-995.4829638481706,23,23,3632.122655843161,4627.605619691331,-21.511836696113505,US500_x100,margin_400,1000,3
2026-06,-515.5206508985075,14,14,3116.6020049446533,3632.122655843161,-14.193371197670485,US500_x100,margin_400,1000,3
2026-07,-616.4116945200968,21,22,2500.1903104245566,3116.6020049446533,-19.778325674633052,US500_x100,margin_400,1000,3
2026-08,1139.7214129430106,18,18,3639.911723367567,2500.1903104245566,45.585386368027116,US500_x100,margin_400,1000,3
2024-01,118.90933335258615,29,29,1118.9093333525861,1000.0,11.890933335258614,US500_x100,margin_400,1000,4
2024-02,237.2324229895221,19,19,1356.1417563421082,1118.9093333525861,21.202113157703582,US500_x100,margin_400,1000,4
2024-03,-230.49948050170954,20,20,1125.6422758403987,1356.1417563421082,-16.996709925327483,US500_x100,margin_400,1000,4
2024-04,-130.75988870213223,16,18,994.8823871382665,1125.6422758403987,-11.616469237929747,US500_x100,margin_400,1000,4
2024-05,69.08020215744548,20,20,1063.962589295712,994.8823871382665,6.943554640277784,US500_x100,margin_400,1000,4
2024-06,1016.5258087872188,23,23,2080.488398082931,1063.962589295712,95.5414992044134,US500_x100,margin_400,1000,4
2024-07,-663.2040923318674,35,35,1417.2843057510636,2080.488398082931,-31.87732711910231,US500_x100,margin_400,1000,4
2024-08,8.611040100098762,19,27,1425.8953458511623,1417.2843057510636,0.6075732346119151,US500_x100,margin_400,1000,4
2024-09,-49.6712204241848,18,18,1376.2241254269775,1425.8953458511623,-3.4835109441032976,US500_x100,margin_400,1000,4
2024-10,89.89993718000629,22,22,1466.1240626069837,1376.2241254269775,6.532361663992381,US500_x100,margin_400,1000,4
2024-11,-35.51064432038401,18,18,1430.6134182865997,1466.1240626069837,-2.422076359434472,US500_x100,margin_400,1000,4
2024-12,-236.07529527382025,16,16,1194.5381230127796,1430.6134182865997,-16.50168328188618,US500_x100,margin_400,1000,4
2025-01,-90.03349275307392,15,17,1104.5046302597057,1194.5381230127796,-7.537096641670825,US500_x100,margin_400,1000,4
2025-02,-244.44805604934027,13,18,860.0565742103653,1104.5046302597057,-22.13191772603637,US500_x100,margin_400,1000,4
2025-03,68.49159898534799,8,31,928.5481731957133,860.0565742103653,7.963615538690751,US500_x100,margin_400,1000,4
2025-04,-33.11092871438086,1,22,895.4372444813324,928.5481731957133,-3.5658816279208763,US500_x100,margin_400,1000,4
2025-05,90.68066757836641,16,21,986.1179120596988,895.4372444813324,10.126970721537468,US500_x100,margin_400,1000,4
2025-06,-242.87081778831998,23,27,743.2470942713788,986.1179120596988,-24.62898349356996,US500_x100,margin_400,1000,4
2025-07,256.1106370361077,20,20,999.3577313074866,743.2470942713788,34.458343532062976,US500_x100,margin_400,1000,4
2025-08,-126.86775133910396,24,25,872.4899799683826,999.3577313074866,-12.694928689161134,US500_x100,margin_400,1000,4
2025-09,560.6302705516482,19,19,1433.1202505200308,872.4899799683826,64.25635633912546,US500_x100,margin_400,1000,4
2025-10,17.87959368418975,24,25,1450.9998442042206,1433.1202505200308,1.2475989839444284,US500_x100,margin_400,1000,4
2025-11,691.2891711712637,15,16,2142.2890153754843,1450.9998442042206,47.64226363858716,US500_x100,margin_400,1000,4
2025-12,-109.38521641474651,24,24,2032.9037989607377,2142.2890153754843,-5.105997166100126,US500_x100,margin_400,1000,4
2026-01,-346.4451429921765,23,23,1686.4586559685613,2032.9037989607377,-17.04188575815965,US500_x100,margin_400,1000,4
2026-02,234.56341389225696,16,16,1921.0220698608182,1686.4586559685613,13.908637075810393,US500_x100,margin_400,1000,4
2026-03,373.25074570666675,19,20,2294.272815567485,1921.0220698608182,19.429799977972635,US500_x100,margin_400,1000,4
2026-04,1852.3550764431711,22,22,4146.627892010656,2294.272815567485,80.73822188338983,US500_x100,margin_400,1000,4
2026-05,-1158.2372254256825,23,23,2988.3906665849736,4146.627892010656,-27.932027073306198,US500_x100,margin_400,1000,4
2026-06,-587.0549906060223,14,14,2401.3356759789513,2988.3906665849736,-19.644519612855298,US500_x100,margin_400,1000,4
2026-07,-641.261124884206,21,22,1760.0745510947454,2401.3356759789513,-26.7043517197063,US500_x100,margin_400,1000,4
2026-08,986.1621727579615,18,18,2746.2367238527067,1760.0745510947454,56.02956830121658,US500_x100,margin_400,1000,4
2024-01,192.9791157671971,29,29,1192.979115767197,1000.0,19.29791157671971,US500_x100,margin_400,1000,5
2024-02,283.5150423398045,19,19,1476.4941581070016,1192.979115767197,23.765298033526584,US500_x100,margin_400,1000,5
2024-03,-343.1213664427396,20,20,1133.372791664262,1476.4941581070016,-23.238924756915537,US500_x100,margin_400,1000,5
2024-04,-120.75821044945675,18,18,1012.6145812148052,1133.372791664262,-10.654765257963671,US500_x100,margin_400,1000,5
2024-05,97.61367535287897,20,20,1110.2282565676842,1012.6145812148052,9.639765925133588,US500_x100,margin_400,1000,5
2024-06,1323.089795365362,23,23,2433.3180519330463,1110.2282565676842,119.17277258423849,US500_x100,margin_400,1000,5
2024-07,-928.71635115539,35,35,1504.6017007776563,2433.3180519330463,-38.166665077654386,US500_x100,margin_400,1000,5
2024-08,-23.99197789857864,23,27,1480.6097228790777,1504.6017007776563,-1.5945733602572918,US500_x100,margin_400,1000,5
2024-09,-95.23025513648915,18,18,1385.3794677425885,1480.6097228790777,-6.431826947030434,US500_x100,margin_400,1000,5
2024-10,116.4498615248257,22,22,1501.829329267414,1385.3794677425885,8.405629232731112,US500_x100,margin_400,1000,5
2024-11,-90.4624167639458,18,18,1411.3669125034683,1501.829329267414,-6.023481829860986,US500_x100,margin_400,1000,5
2024-12,-318.16933692075236,16,16,1093.197575582716,1411.3669125034683,-22.543346744354864,US500_x100,margin_400,1000,5
2025-01,-36.487876261002384,17,17,1056.7096993217135,1093.197575582716,-3.337720195871543,US500_x100,margin_400,1000,5
2025-02,-274.71274181815807,13,18,781.9969575035554,1056.7096993217135,-25.996992550980856,US500_x100,margin_400,1000,5
2025-03,213.95379232418054,11,31,995.950749827736,781.9969575035554,27.35992643848717,US500_x100,margin_400,1000,5
2025-04,67.72974435289416,7,22,1063.6804941806301,995.950749827736,6.800511407276814,US500_x100,margin_400,1000,5
2025-05,11.230291730870675,18,21,1074.9107859115009,1063.6804941806301,1.055795588272167,US500_x100,margin_400,1000,5
2025-06,-388.3519284533404,26,27,686.5588574581604,1074.9107859115009,-36.12875910664776,US500_x100,margin_400,1000,5
2025-07,261.56334329618676,20,20,948.1222007543472,686.5588574581604,38.09773050843302,US500_x100,margin_400,1000,5
2025-08,-159.11485909160456,25,25,789.0073416627426,948.1222007543472,-16.782104560467968,US500_x100,margin_400,1000,5
2025-09,650.3494899263496,19,19,1439.3568315890923,789.0073416627426,82.42629131381877,US500_x100,margin_400,1000,5
2025-10,198.45587059968878,25,25,1637.812702188781,1439.3568315890923,13.787815935857106,US500_x100,margin_400,1000,5
2025-11,953.4065974770565,16,16,2591.2192996658378,1637.812702188781,58.21218727898002,US500_x100,margin_400,1000,5
2025-12,-145.5081244787133,24,24,2445.7111751871244,2591.2192996658378,-5.615430716245359,US500_x100,margin_400,1000,5
2026-01,-545.6918575121335,23,23,1900.0193176749906,2445.7111751871244,-22.31219544844178,US500_x100,margin_400,1000,5
2026-02,315.44183640484897,16,16,2215.4611540798396,1900.0193176749906,16.60203311989732,US500_x100,margin_400,1000,5
2026-03,331.7475340417095,20,20,2547.208688121549,2215.4611540798396,14.9741977389577,US500_x100,margin_400,1000,5
2026-04,2720.44576413255,22,22,5267.654452254099,2547.208688121549,106.8010554776631,US500_x100,margin_400,1000,5
2026-05,-1815.2145561600264,23,23,3452.4398960940725,5267.654452254099,-34.45963611723377,US500_x100,margin_400,1000,5
2026-06,-840.8807719497472,14,14,2611.5591241443253,3452.4398960940725,-24.356130657077625,US500_x100,margin_400,1000,5
2026-07,-932.6152972116051,22,22,1678.9438269327202,2611.5591241443253,-35.711054311940025,US500_x100,margin_400,1000,5
2026-08,1130.3559446482006,18,18,2809.2997715809206,1678.9438269327202,67.32541771294753,US500_x100,margin_400,1000,5
2024-01,151.77957378527123,29,29,3151.779573785271,3000.0,5.059319126175708,US500_x100,margin_400,3000,1
2024-02,90.37115130012806,18,19,3242.1507250853992,3151.779573785271,2.86730557085224,US500_x100,margin_400,3000,1
2024-03,-148.74565512479603,19,20,3093.405069960603,3242.1507250853992,-4.58786983510392,US500_x100,margin_400,3000,1
2024-04,-3.1678883649392304,11,18,3090.237181595664,3093.405069960603,-0.10240780930056391,US500_x100,margin_400,3000,1
2024-05,88.44860722576962,19,20,3178.6857888214336,3090.237181595664,2.8621947775574497,US500_x100,margin_400,3000,1
2024-06,687.7278662528588,23,23,3866.4136550742924,3178.6857888214336,21.63560389238248,US500_x100,margin_400,3000,1
2024-07,-282.985132698972,33,35,3583.4285223753204,3866.4136550742924,-7.319059933682509,US500_x100,margin_400,3000,1
2024-08,140.8201346445967,14,27,3724.248657019917,3583.4285223753204,3.929759830991475,US500_x100,margin_400,3000,1
2024-09,-12.721913997364936,14,18,3711.526743022552,3724.248657019917,-0.34159679358103884,US500_x100,margin_400,3000,1
2024-10,95.5076282651989,22,22,3807.034371287751,3711.526743022552,2.5732706478472105,US500_x100,margin_400,3000,1
2024-11,-90.15806713891014,16,18,3716.876304148841,3807.034371287751,-2.368196825825181,US500_x100,margin_400,3000,1
2024-12,0.2900083343147628,11,16,3717.1663124831557,3716.876304148841,0.007802474728337085,US500_x100,margin_400,3000,1
2025-01,61.48894615438712,12,17,3778.655258637543,3717.1663124831557,1.654188728330292,US500_x100,margin_400,3000,1
2025-02,-123.17383262237126,10,18,3655.4814260151716,3778.655258637543,-3.259726653835673,US500_x100,margin_400,3000,1
2025-03,120.80454901048779,8,31,3776.2859750256594,3655.4814260151716,3.3047507272435093,US500_x100,margin_400,3000,1
2025-04,-33.11092871438086,1,22,3743.1750463112785,3776.2859750256594,-0.8768120034700464,US500_x100,margin_400,3000,1
2025-05,128.71709743818428,16,21,3871.892143749463,3743.1750463112785,3.438714349333699,US500_x100,margin_400,3000,1
2025-06,-298.9579523448265,24,27,3572.9341914046363,3871.892143749463,-7.7212365749248795,US500_x100,margin_400,3000,1
2025-07,285.41049842688886,20,20,3858.344689831525,3572.9341914046363,7.988126372814181,US500_x100,margin_400,3000,1
2025-08,-47.02572560689987,24,25,3811.3189642246252,3858.344689831525,-1.2188057155918137,US500_x100,margin_400,3000,1
2025-09,573.1076640856545,19,19,4384.42662831028,3811.3189642246252,15.03699032973084,US500_x100,margin_400,3000,1
2025-10,70.37172644891416,21,25,4454.798354759194,4384.42662831028,1.605038296102923,US500_x100,margin_400,3000,1
2025-11,356.15819300362637,10,16,4810.95654776282,4454.798354759194,7.994934105673536,US500_x100,margin_400,3000,1
2025-12,50.65630560762753,23,24,4861.612853370448,4810.95654776282,1.052936253003233,US500_x100,margin_400,3000,1
2026-01,-202.0657670087603,23,23,4659.547086361687,4861.612853370448,-4.1563524925410835,US500_x100,margin_400,3000,1
2026-02,192.07708366080266,11,16,4851.62417002249,4659.547086361687,4.122226476109766,US500_x100,margin_400,3000,1
2026-03,309.69545303081213,8,20,5161.319623053302,4851.62417002249,6.383335604278197,US500_x100,margin_400,3000,1
2026-04,941.279281343599,22,22,6102.598904396901,5161.319623053302,18.237182544156465,US500_x100,margin_400,3000,1
2026-05,-382.0786571346098,22,23,5720.520247262291,6102.598904396901,-6.260917080087361,US500_x100,margin_400,3000,1
2026-06,-206.74276311969973,7,14,5513.777484142592,5720.520247262291,-3.614055263918383,US500_x100,margin_400,3000,1
2026-07,-376.31955799858315,21,22,5137.4579261440085,5513.777484142592,-6.8250769836262615,US500_x100,margin_400,3000,1
2026-08,717.5254011063728,17,18,5854.983327250381,5137.4579261440085,13.96654554492715,US500_x100,margin_400,3000,1
2024-01,289.69161905989495,29,29,3289.691619059895,3000.0,9.656387301996498,US500_x100,margin_400,3000,2
2024-02,350.4838001328244,19,19,3640.1754191927193,3289.691619059895,10.654001673049926,US500_x100,margin_400,3000,2
2024-03,-316.3296703460946,20,20,3323.8457488466247,3640.1754191927193,-8.689956771815325,US500_x100,margin_400,3000,2
2024-04,-103.19693063847168,18,18,3220.648818208153,3323.8457488466247,-3.1047448779559352,US500_x100,margin_400,3000,2
2024-05,146.04998508554854,20,20,3366.6988032937015,3220.648818208153,4.534800076923793,US500_x100,margin_400,3000,2
2024-06,1430.5484114416513,23,23,4797.247214735353,3366.6988032937015,42.4911313730269,US500_x100,margin_400,3000,2
2024-07,-768.9478439941005,35,35,4028.2993707412525,4797.247214735353,-16.028939297357443,US500_x100,margin_400,3000,2
2024-08,389.72965124238465,26,27,4418.029021983637,4028.2993707412525,9.67479363805749,US500_x100,margin_400,3000,2
2024-09,-47.71200350143042,18,18,4370.317018482207,4418.029021983637,-1.0799386618788744,US500_x100,margin_400,3000,2
2024-10,194.4108290354233,22,22,4564.72784751763,4370.317018482207,4.448437681139694,US500_x100,margin_400,3000,2
2024-11,-65.96028653706247,18,18,4498.767560980567,4564.72784751763,-1.4449993239560317,US500_x100,margin_400,3000,2
2024-12,-362.2103215647448,16,16,4136.557239415823,4498.767560980567,-8.051323315886009,US500_x100,margin_400,3000,2
2025-01,-32.88275984849585,17,17,4103.674479567327,4136.557239415823,-0.7949306136795935,US500_x100,margin_400,3000,2
2025-02,-485.81388549886105,18,18,3617.8605940684656,4103.674479567327,-11.838509314464025,US500_x100,margin_400,3000,2
2025-03,16.972258459047296,27,31,3634.832852527513,3617.8605940684656,0.46912416931911527,US500_x100,margin_400,3000,2
2025-04,350.7998093399765,9,22,3985.6326618674893,3634.832852527513,9.651057519633806,US500_x100,margin_400,3000,2
2025-05,43.34866407358818,21,21,4028.9813259410776,3985.6326618674893,1.0876231642801957,US500_x100,margin_400,3000,2
2025-06,-584.5941166639059,27,27,3444.3872092771717,4028.9813259410776,-14.50972514813923,US500_x100,margin_400,3000,2
2025-07,573.8042243508035,20,20,4018.191433627975,3444.3872092771717,16.65910913863892,US500_x100,margin_400,3000,2
2025-08,-211.06328931741245,25,25,3807.1281443105627,4018.191433627975,-5.252693725615906,US500_x100,margin_400,3000,2
2025-09,1188.1535513851004,19,19,4995.281695695663,3807.1281443105627,31.208656665804575,US500_x100,margin_400,3000,2
2025-10,389.83508853839976,25,25,5385.116784234063,4995.281695695663,7.804066162561224,US500_x100,margin_400,3000,2
2025-11,1127.9739081349444,16,16,6513.090692369007,5385.116784234063,20.946136422469035,US500_x100,margin_400,3000,2
2025-12,1.7389108188118314,24,24,6514.829603187819,6513.090692369007,0.026698704208882082,US500_x100,margin_400,3000,2
2026-01,-549.4685849177658,23,23,5965.361018270053,6514.829603187819,-8.43412058926148,US500_x100,margin_400,3000,2
2026-02,462.875153294842,16,16,6428.236171564895,5965.361018270053,7.759382070543573,US500_x100,margin_400,3000,2
2026-03,514.5100817617049,20,20,6942.7462533266,6428.236171564895,8.003907573241078,US500_x100,margin_400,3000,2
2026-04,2728.68830273413,22,22,9671.434556060729,6942.7462533266,39.30272262833581,US500_x100,margin_400,3000,2
2026-05,-1401.178426601704,23,23,8270.256129459027,9671.434556060729,-14.487803422333426,US500_x100,margin_400,3000,2
2026-06,-822.1333196244905,14,14,7448.1228098345355,8270.256129459027,-9.94084471817039,US500_x100,margin_400,3000,2
2026-07,-1119.615621943689,22,22,6328.507187890847,7448.1228098345355,-15.032185297285153,US500_x100,margin_400,3000,2
2026-08,1939.1670905797403,18,18,8267.674278470586,6328.507187890847,30.641777484115057,US500_x100,margin_400,3000,2
2024-01,393.362990634486,29,29,3393.362990634486,3000.0,13.112099687816201,US500_x100,margin_400,3000,3
2024-02,507.20849028704646,19,19,3900.5714809215324,3393.362990634486,14.947074382755893,US500_x100,margin_400,3000,3
2024-03,-510.3707141749537,20,20,3390.2007667465787,3900.5714809215324,-13.08451124844854,US500_x100,margin_400,3000,3
2024-04,-189.09786320944656,18,18,3201.102903537132,3390.2007667465787,-5.577777725267733,US500_x100,margin_400,3000,3
2024-05,218.32633035023986,20,20,3419.429233887372,3201.102903537132,6.820347140636909,US500_x100,margin_400,3000,3
2024-06,2339.208459674044,23,23,5758.637693561416,3419.429233887372,68.40932505612112,US500_x100,margin_400,3000,3
2024-07,-1451.2647520255462,35,35,4307.37294153587,5758.637693561416,-25.201529063864665,US500_x100,margin_400,3000,3
2024-08,450.2875371377878,27,27,4757.660478673658,4307.37294153587,10.45387857632847,US500_x100,margin_400,3000,3
2024-09,-126.44914162288381,18,18,4631.211337050774,4757.660478673658,-2.657800870610577,US500_x100,margin_400,3000,3
2024-10,301.03687915464144,22,22,4932.248216205416,4631.211337050774,6.500175812454853,US500_x100,margin_400,3000,3
2024-11,-169.52823476759104,18,18,4762.719981437825,4932.248216205416,-3.4371391571614005,US500_x100,margin_400,3000,3
2024-12,-614.4188967165136,16,16,4148.301084721311,4762.719981437825,-12.900588300616947,US500_x100,margin_400,3000,3
2025-01,-102.43680175592272,17,17,4045.864282965388,4148.301084721311,-2.4693675715393395,US500_x100,margin_400,3000,3
2025-02,-737.8119414796483,18,18,3308.05234148574,4045.864282965388,-18.23620096665413,US500_x100,margin_400,3000,3
2025-03,-241.5681601905144,31,31,3066.4841812952254,3308.05234148574,-7.302428597064438,US500_x100,margin_400,3000,3
2025-04,657.2117934450953,13,22,3723.6959747403207,3066.4841812952254,21.432094691827217,US500_x100,margin_400,3000,3
2025-05,-41.75623090482446,21,21,3681.9397438354963,3723.6959747403207,-1.1213652024246263,US500_x100,margin_400,3000,3
2025-06,-803.7997510275218,27,27,2878.1399928079745,3681.9397438354963,-21.83087738937844,US500_x100,margin_400,3000,3
2025-07,732.0608002596965,20,20,3610.200793067671,2878.1399928079745,25.435204753382497,US500_x100,margin_400,3000,3
2025-08,-302.7997119909178,25,25,3307.401081076753,3610.200793067671,-8.387337141256952,US500_x100,margin_400,3000,3
2025-09,1690.6674263729649,19,19,4998.068507449718,3307.401081076753,51.117701933584456,US500_x100,margin_400,3000,3
2025-10,541.0114859833568,25,25,5539.079993433075,4998.068507449718,10.824411173575726,US500_x100,margin_400,3000,3
2025-11,1860.8240653984476,16,16,7399.904058831523,5539.079993433075,33.594460950276414,US500_x100,margin_400,3000,3
2025-12,-81.50663366130516,24,24,7318.3974251702175,7399.904058831523,-1.1014552758157707,US500_x100,margin_400,3000,3
2026-01,-952.4620177852503,23,23,6365.935407384967,7318.3974251702175,-13.014625504067881,US500_x100,margin_400,3000,3
2026-02,717.2431062135367,16,16,7083.178513598504,6365.935407384967,11.26689261379373,US500_x100,margin_400,3000,3
2026-03,801.229936912554,20,20,7884.408450511058,7083.178513598504,11.311728701660252,US500_x100,margin_400,3000,3
2026-04,4734.046910103285,22,22,12618.455360614342,7884.408450511058,60.04314641761653,US500_x100,margin_400,3000,3
2026-05,-2777.2124892293023,23,23,9841.242871385039,12618.455360614342,-22.009131940964373,US500_x100,margin_400,3000,3
2026-06,-1527.9904222288706,14,14,8313.252449156169,9841.242871385039,-15.526396840298931,US500_x100,margin_400,3000,3
2026-07,-1949.2729929692669,22,22,6363.979456186902,8313.252449156169,-23.447778169747828,US500_x100,margin_400,3000,3
2026-08,2896.3767936822987,18,18,9260.3562498692,6363.979456186902,45.51203871135243,US500_x100,margin_400,3000,3
2024-01,443.7322540678716,29,29,3443.7322540678715,3000.0,14.791075135595722,US500_x100,margin_400,3000,4
2024-02,694.034454146884,19,19,4137.766708214755,3443.7322540678715,20.153554427091805,US500_x100,margin_400,3000,4
2024-03,-720.7212831176421,20,20,3417.0454250971134,4137.766708214755,-17.418122720326064,US500_x100,margin_400,3000,4
2024-04,-293.33748977926456,18,18,3123.7079353178488,3417.0454250971134,-8.584535857346053,US500_x100,margin_400,3000,4
2024-05,236.66949083401684,20,20,3360.3774261518656,3123.7079353178488,7.576556314953141,US500_x100,margin_400,3000,4
2024-06,3229.7191808252282,23,23,6590.096606977094,3360.3774261518656,96.11179850484055,US500_x100,margin_400,3000,4
2024-07,-2126.6442330842992,35,35,4463.452373892795,6590.096606977094,-32.27030436599017,US500_x100,margin_400,3000,4
2024-08,659.467460107687,27,27,5122.919834000481,4463.452373892795,14.774829097874594,US500_x100,margin_400,3000,4
2024-09,-216.8537843613112,18,18,4906.06604963917,5122.919834000481,-4.23301147369254,US500_x100,margin_400,3000,4
2024-10,396.5484042973791,22,22,5302.614453936549,4906.06604963917,8.082818296474919,US500_x100,margin_400,3000,4
2024-11,-261.4095152730432,18,18,5041.204938663506,5302.614453936549,-4.929823156933055,US500_x100,margin_400,3000,4
2024-12,-943.7509747561844,16,16,4097.453963907321,5041.204938663506,-18.720742089219367,US500_x100,margin_400,3000,4
2025-01,-115.05637197011856,17,17,3982.397591937203,4097.453963907321,-2.807996697061146,US500_x100,margin_400,3000,4
2025-02,-952.9404551844264,18,18,3029.4571367527765,3982.397591937203,-23.928812560397233,US500_x100,margin_400,3000,4
2025-03,-374.7975493095764,31,31,2654.6595874432,3029.4571367527765,-12.371772644102023,US500_x100,margin_400,3000,4
2025-04,807.0924626014366,14,22,3461.7520500446367,2654.6595874432,30.402860932492555,US500_x100,margin_400,3000,4
2025-05,-28.622720695395344,21,21,3433.1293293492413,3461.7520500446367,-0.8268275798385467,US500_x100,margin_400,3000,4
2025-06,-957.3573549234015,27,27,2475.7719744258397,3433.1293293492413,-27.885851742872475,US500_x100,margin_400,3000,4
2025-07,847.9723922631994,20,20,3323.744366689039,2475.7719744258397,34.25082766193982,US500_x100,margin_400,3000,4
2025-08,-484.41698983409515,25,25,2839.327376854944,3323.744366689039,-14.574435828729182,US500_x100,margin_400,3000,4
2025-09,1942.5726744966735,19,19,4781.900051351618,2839.327376854944,68.41665002534563,US500_x100,margin_400,3000,4
2025-10,710.8610784062212,25,25,5492.761129757839,4781.900051351618,14.865661573275549,US500_x100,margin_400,3000,4
2025-11,2654.120658675074,16,16,8146.881788432913,5492.761129757839,48.320336456941234,US500_x100,margin_400,3000,4
2025-12,-308.4608078370801,24,24,7838.420980595833,8146.881788432913,-3.786243815088102,US500_x100,margin_400,3000,4
2026-01,-1413.003302859689,23,23,6425.417677736144,7838.420980595833,-18.026631975465556,US500_x100,margin_400,3000,4
2026-02,955.3857444272984,16,16,7380.803422163442,6425.417677736144,14.868850436566605,US500_x100,margin_400,3000,4
2026-03,1088.4860306617902,20,20,8469.289452825233,7380.803422163442,14.747527720264578,US500_x100,margin_400,3000,4
2026-04,7124.701616404225,22,22,15593.991069229458,8469.289452825233,84.12395934853222,US500_x100,margin_400,3000,4
2026-05,-4510.026621698579,23,23,11083.964447530878,15593.991069229458,-28.92156729907267,US500_x100,margin_400,3000,4
2026-06,-2255.292570731358,14,14,8828.67187679952,11083.964447530878,-20.347345766105907,US500_x100,margin_400,3000,4
2026-07,-2713.150080248921,22,22,6115.5217965506,8828.67187679952,-30.73112375349104,US500_x100,margin_400,3000,4
2026-08,3530.44992534702,18,18,9645.97172189762,6115.5217965506,57.72933271758324,US500_x100,margin_400,3000,4
2024-01,417.1206733117106,29,29,3417.1206733117106,3000.0,13.904022443723688,US500_x100,margin_400,3000,5
2024-02,876.0990455743513,19,19,4293.219718886062,3417.1206733117106,25.63851643920078,US500_x100,margin_400,3000,5
2024-03,-963.0553870795329,20,20,3330.164331806529,4293.219718886062,-22.432007913385146,US500_x100,margin_400,3000,5
2024-04,-415.0934536763216,18,18,2915.0708781302073,3330.164331806529,-12.464653762330823,US500_x100,margin_400,3000,5
2024-05,235.11707439150092,20,20,3150.187952521708,2915.0708781302073,8.065569731268777,US500_x100,margin_400,3000,5
2024-06,3981.3957312148405,23,23,7131.583683736549,3150.187952521708,126.3859741456936,US500_x100,margin_400,3000,5
2024-07,-2832.0705732969873,35,35,4299.513110439561,7131.583683736549,-39.71166432156541,US500_x100,margin_400,3000,5
2024-08,616.0866389221537,27,27,4915.599749361715,4299.513110439561,14.329218753310604,US500_x100,margin_400,3000,5
2024-09,-303.41879241790673,18,18,4612.180956943808,4915.599749361715,-6.172569124597773,US500_x100,margin_400,3000,5
2024-10,396.25952263530564,22,22,5008.440479579114,4612.180956943808,8.591586634056982,US500_x100,margin_400,3000,5
2024-11,-315.84475087875364,18,18,4692.59572870036,5008.440479579114,-6.30624946361139,US500_x100,margin_400,3000,5
2024-12,-1082.1756796129382,16,16,3610.420049087422,4692.59572870036,-23.0613447690422,US500_x100,margin_400,3000,5
2025-01,-162.75238211919168,17,17,3447.66766696823,3610.420049087422,-4.507851715490261,US500_x100,margin_400,3000,5
2025-02,-1002.6057839449231,18,18,2445.061883023307,3447.66766696823,-29.080696888241057,US500_x100,margin_400,3000,5
2025-03,-374.49359266583815,31,31,2070.568290357469,2445.061883023307,-15.316323699863934,US500_x100,margin_400,3000,5
2025-04,786.7098883316412,13,22,2857.27817868911,2070.568290357469,37.994877637956165,US500_x100,margin_400,3000,5
2025-05,-80.2077703901868,21,21,2777.0704082989237,2857.27817868911,-2.807139010419535,US500_x100,margin_400,3000,5
2025-06,-959.534692412225,27,27,1817.5357158866984,2777.0704082989237,-34.55204770987358,US500_x100,margin_400,3000,5
2025-07,811.4751321932082,20,20,2629.0108480799067,1817.5357158866984,44.64699786090993,US500_x100,margin_400,3000,5
2025-08,-501.27136242717734,25,25,2127.7394856527294,2629.0108480799067,-19.066918753617163,US500_x100,margin_400,3000,5
2025-09,1925.41346477557,19,19,4053.1529504282994,2127.7394856527294,90.4910341589543,US500_x100,margin_400,3000,5
2025-10,657.106107294292,25,25,4710.259057722591,4053.1529504282994,16.212220839700983,US500_x100,margin_400,3000,5
2025-11,2869.708150449075,16,16,7579.967208171667,4710.259057722591,60.924635254277895,US500_x100,margin_400,3000,5
2025-12,-432.97171603186007,24,24,7146.9954921398075,7579.967208171667,-5.712052626891184,US500_x100,margin_400,3000,5
2026-01,-1632.8679811033808,23,23,5514.127511036427,7146.9954921398075,-22.846914943477888,US500_x100,margin_400,3000,5
2026-02,1003.6499375771477,16,16,6517.777448613575,5514.127511036427,18.201427797386994,US500_x100,margin_400,3000,5
2026-03,1175.929228457635,20,20,7693.70667707121,6517.777448613575,18.04187451518112,US500_x100,margin_400,3000,5
2026-04,8337.50904596629,22,22,16031.2157230375,7693.70667707121,108.36790894061168,US500_x100,margin_400,3000,5
2026-05,-5626.0373784720805,23,23,10405.178344565418,16031.2157230375,-35.09426531131534,US500_x100,margin_400,3000,5
2026-06,-2603.0965421552664,14,14,7802.081802410153,10405.178344565418,-25.017317877255348,US500_x100,margin_400,3000,5
2026-07,-2926.2133755637697,22,22,4875.868426846383,7802.081802410153,-37.505545951336074,US500_x100,margin_400,3000,5
2026-08,3347.590763838274,18,18,8223.459190684658,4875.868426846383,68.65629813566217,US500_x100,margin_400,3000,5
2024-01,0.0,0,29,500.0,500.0,0.0,US500_x100,margin_100,500,1
2024-02,0.0,0,19,500.0,500.0,0.0,US500_x100,margin_100,500,1
2024-03,0.0,0,20,500.0,500.0,0.0,US500_x100,margin_100,500,1
2024-04,0.0,0,18,500.0,500.0,0.0,US500_x100,margin_100,500,1
2024-05,0.0,0,20,500.0,500.0,0.0,US500_x100,margin_100,500,1
2024-06,0.0,0,23,500.0,500.0,0.0,US500_x100,margin_100,500,1
2024-07,0.0,0,35,500.0,500.0,0.0,US500_x100,margin_100,500,1
2024-08,0.0,0,27,500.0,500.0,0.0,US500_x100,margin_100,500,1
2024-09,0.0,0,18,500.0,500.0,0.0,US500_x100,margin_100,500,1
2024-10,0.0,0,22,500.0,500.0,0.0,US500_x100,margin_100,500,1
2024-11,0.0,0,18,500.0,500.0,0.0,US500_x100,margin_100,500,1
2024-12,0.0,0,16,500.0,500.0,0.0,US500_x100,margin_100,500,1
2025-01,0.0,0,17,500.0,500.0,0.0,US500_x100,margin_100,500,1
2025-02,0.0,0,18,500.0,500.0,0.0,US500_x100,margin_100,500,1
2025-03,0.0,0,31,500.0,500.0,0.0,US500_x100,margin_100,500,1
2025-04,0.0,0,22,500.0,500.0,0.0,US500_x100,margin_100,500,1
2025-05,0.0,0,21,500.0,500.0,0.0,US500_x100,margin_100,500,1
2025-06,0.0,0,27,500.0,500.0,0.0,US500_x100,margin_100,500,1
2025-07,0.0,0,20,500.0,500.0,0.0,US500_x100,margin_100,500,1
2025-08,0.0,0,25,500.0,500.0,0.0,US500_x100,margin_100,500,1
2025-09,0.0,0,19,500.0,500.0,0.0,US500_x100,margin_100,500,1
2025-10,0.0,0,25,500.0,500.0,0.0,US500_x100,margin_100,500,1
2025-11,0.0,0,16,500.0,500.0,0.0,US500_x100,margin_100,500,1
2025-12,0.0,0,24,500.0,500.0,0.0,US500_x100,margin_100,500,1
2026-01,0.0,0,23,500.0,500.0,0.0,US500_x100,margin_100,500,1
2026-02,0.0,0,16,500.0,500.0,0.0,US500_x100,margin_100,500,1
2026-03,0.0,0,20,500.0,500.0,0.0,US500_x100,margin_100,500,1
2026-04,0.0,0,22,500.0,500.0,0.0,US500_x100,margin_100,500,1
2026-05,0.0,0,23,500.0,500.0,0.0,US500_x100,margin_100,500,1
2026-06,0.0,0,14,500.0,500.0,0.0,US500_x100,margin_100,500,1
2026-07,0.0,0,22,500.0,500.0,0.0,US500_x100,margin_100,500,1
2026-08,0.0,0,18,500.0,500.0,0.0,US500_x100,margin_100,500,1
2024-01,0.0,0,29,500.0,500.0,0.0,US500_x100,margin_100,500,2
2024-02,4.2210406699796295,1,19,504.22104066997963,500.0,0.844208133995926,US500_x100,margin_100,500,2
2024-03,0.0,0,20,504.22104066997963,504.22104066997963,0.0,US500_x100,margin_100,500,2
2024-04,0.0,0,18,504.22104066997963,504.22104066997963,0.0,US500_x100,margin_100,500,2
2024-05,0.5180253222852114,1,20,504.73906599226484,504.22104066997963,0.10273774406496196,US500_x100,margin_100,500,2
2024-06,33.40994347149535,1,23,538.1490094637602,504.73906599226484,6.619250563816545,US500_x100,margin_100,500,2
2024-07,-18.411709432371026,2,35,519.7373000313892,538.1490094637602,-3.421303228025527,US500_x100,margin_100,500,2
2024-08,0.0,0,27,519.7373000313892,519.7373000313892,0.0,US500_x100,margin_100,500,2
2024-09,0.0,0,18,519.7373000313892,519.7373000313892,0.0,US500_x100,margin_100,500,2
2024-10,0.0,0,22,519.7373000313892,519.7373000313892,0.0,US500_x100,margin_100,500,2
2024-11,0.0,0,18,519.7373000313892,519.7373000313892,0.0,US500_x100,margin_100,500,2
2024-12,-10.129870842575656,1,16,509.6074291888135,519.7373000313892,-1.9490367233530994,US500_x100,margin_100,500,2
2025-01,0.0,0,17,509.6074291888135,509.6074291888135,0.0,US500_x100,margin_100,500,2
2025-02,0.0,0,18,509.6074291888135,509.6074291888135,0.0,US500_x100,margin_100,500,2
2025-03,0.0,0,31,509.6074291888135,509.6074291888135,0.0,US500_x100,margin_100,500,2
2025-04,0.0,0,22,509.6074291888135,509.6074291888135,0.0,US500_x100,margin_100,500,2
2025-05,0.0,0,21,509.6074291888135,509.6074291888135,0.0,US500_x100,margin_100,500,2
2025-06,0.0,0,27,509.6074291888135,509.6074291888135,0.0,US500_x100,margin_100,500,2
2025-07,0.0,0,20,509.6074291888135,509.6074291888135,0.0,US500_x100,margin_100,500,2
2025-08,0.0,0,25,509.6074291888135,509.6074291888135,0.0,US500_x100,margin_100,500,2
2025-09,0.0,0,19,509.6074291888135,509.6074291888135,0.0,US500_x100,margin_100,500,2
2025-10,0.0,0,25,509.6074291888135,509.6074291888135,0.0,US500_x100,margin_100,500,2
2025-11,0.0,0,16,509.6074291888135,509.6074291888135,0.0,US500_x100,margin_100,500,2
2025-12,0.0,0,24,509.6074291888135,509.6074291888135,0.0,US500_x100,margin_100,500,2
2026-01,0.0,0,23,509.6074291888135,509.6074291888135,0.0,US500_x100,margin_100,500,2
2026-02,0.0,0,16,509.6074291888135,509.6074291888135,0.0,US500_x100,margin_100,500,2
2026-03,0.0,0,20,509.6074291888135,509.6074291888135,0.0,US500_x100,margin_100,500,2
2026-04,0.0,0,22,509.6074291888135,509.6074291888135,0.0,US500_x100,margin_100,500,2
2026-05,0.0,0,23,509.6074291888135,509.6074291888135,0.0,US500_x100,margin_100,500,2
2026-06,0.0,0,14,509.6074291888135,509.6074291888135,0.0,US500_x100,margin_100,500,2
2026-07,0.0,0,22,509.6074291888135,509.6074291888135,0.0,US500_x100,margin_100,500,2
2026-08,0.0,0,18,509.6074291888135,509.6074291888135,0.0,US500_x100,margin_100,500,2
2024-01,25.670306293278365,13,29,525.6703062932784,500.0,5.134061258655673,US500_x100,margin_100,500,3
2024-02,76.44247604491466,12,19,602.112782338193,525.6703062932784,14.541904903083186,US500_x100,margin_100,500,3
2024-03,-3.044270912491811,6,20,599.0685114257012,602.112782338193,-0.5055981207822812,US500_x100,margin_100,500,3
2024-04,65.68630258826488,2,18,664.7548140139661,599.0685114257012,10.964739647547232,US500_x100,margin_100,500,3
2024-05,91.5310466541523,15,20,756.2858606681184,664.7548140139661,13.769143859442481,US500_x100,margin_100,500,3
2024-06,195.02573101834332,18,23,951.3115916864617,756.2858606681184,25.78730360581561,US500_x100,margin_100,500,3
2024-07,-242.63901059262574,20,35,708.672581093836,951.3115916864617,-25.505734683888516,US500_x100,margin_100,500,3
2024-08,13.37392847005139,5,27,722.0465095638874,708.672581093836,1.8871801769737913,US500_x100,margin_100,500,3
2024-09,-39.30677209019268,2,18,682.7397374736947,722.0465095638874,-5.443800582033667,US500_x100,margin_100,500,3
2024-10,29.618311885560587,12,22,712.3580493592553,682.7397374736947,4.338155560588232,US500_x100,margin_100,500,3
2024-11,-65.66978054651008,5,18,646.6882688127453,712.3580493592553,-9.218647926499612,US500_x100,margin_100,500,3
2024-12,-46.9494148775093,7,16,599.738853935236,646.6882688127453,-7.259976273221054,US500_x100,margin_100,500,3
2025-01,-6.846177219689707,2,17,592.8926767155463,599.738853935236,-1.1415263784842271,US500_x100,margin_100,500,3
2025-02,-3.287341916090554,2,18,589.6053347994557,592.8926767155463,-0.5544581751796086,US500_x100,margin_100,500,3
2025-03,0.0,0,31,589.6053347994557,589.6053347994557,0.0,US500_x100,margin_100,500,3
2025-04,0.0,0,22,589.6053347994557,589.6053347994557,0.0,US500_x100,margin_100,500,3
2025-05,0.0,0,21,589.6053347994557,589.6053347994557,0.0,US500_x100,margin_100,500,3
2025-06,7.2063863587382,1,27,596.8117211581939,589.6053347994557,1.2222390018213336,US500_x100,margin_100,500,3
2025-07,76.59725090412395,9,20,673.4089720623178,596.8117211581939,12.834407936137149,US500_x100,margin_100,500,3
2025-08,-51.574218560710506,3,25,621.8347535016073,673.4089720623178,-7.658677074462528,US500_x100,margin_100,500,3
2025-09,172.5561922328252,6,19,794.3909457344325,621.8347535016073,27.749525297701,US500_x100,margin_100,500,3
2025-10,-30.141197182488213,6,25,764.2497485519443,794.3909457344325,-3.7942523570207602,US500_x100,margin_100,500,3
2025-11,33.779999999997926,1,16,798.0297485519422,764.2497485519443,4.420021081328753,US500_x100,margin_100,500,3
2025-12,18.753493637881554,8,24,816.7832421898238,798.0297485519422,2.3499742549586076,US500_x100,margin_100,500,3
2026-01,-51.25122042518342,10,23,765.5320217646404,816.7832421898238,-6.274763949340727,US500_x100,margin_100,500,3
2026-02,0.0,0,16,765.5320217646404,765.5320217646404,0.0,US500_x100,margin_100,500,3
2026-03,-22.47108904570996,1,20,743.0609327189304,765.5320217646404,-2.9353558579968326,US500_x100,margin_100,500,3
2026-04,208.23955579220183,3,22,951.3004885111322,743.0609327189304,28.024559847364543,US500_x100,margin_100,500,3
2026-05,-84.92219647892307,8,23,866.3782920322092,951.3004885111322,-8.92695814882148,US500_x100,margin_100,500,3
2026-06,-46.8017042737838,2,14,819.5765877584254,866.3782920322092,-5.40199410629322,US500_x100,margin_100,500,3
2026-07,0.984407145220757,1,22,820.5609949036461,819.5765877584254,0.12011167228594827,US500_x100,margin_100,500,3
2026-08,319.4577577749788,14,18,1140.0187526786249,820.5609949036461,38.931628454078655,US500_x100,margin_100,500,3
2024-01,125.17209870817078,24,29,625.1720987081708,500.0,25.034419741634157,US500_x100,margin_100,500,4
2024-02,61.70396743536094,18,19,686.8760661435317,625.1720987081708,9.869917029704846,US500_x100,margin_100,500,4
2024-03,-99.50306161921344,18,20,587.3730045243183,686.8760661435317,-14.486319515815097,US500_x100,margin_100,500,4
2024-04,58.841006259706774,5,18,646.214010784025,587.3730045243183,10.017655868839075,US500_x100,margin_100,500,4
2024-05,92.12580490591608,18,20,738.3398156899411,646.214010784025,14.256237619197332,US500_x100,margin_100,500,4
2024-06,447.75593837824727,22,23,1186.0957540681884,738.3398156899411,60.64361271914369,US500_x100,margin_100,500,4
2024-07,-304.24038266892427,33,35,881.8553713992642,1186.0957540681884,-25.650575143314576,US500_x100,margin_100,500,4
2024-08,90.86377233250187,15,27,972.719143731766,881.8553713992642,10.303704584610719,US500_x100,margin_100,500,4
2024-09,-47.26926860996172,15,18,925.4498751218043,972.719143731766,-4.859498131044961,US500_x100,margin_100,500,4
2024-10,55.23873677240313,22,22,980.6886118942074,925.4498751218043,5.968852366545818,US500_x100,margin_100,500,4
2024-11,-21.69745769332892,18,18,958.9911542008784,980.6886118942074,-2.2124716683943255,US500_x100,margin_100,500,4
2024-12,5.440877621961619,11,16,964.43203182284,958.9911542008784,0.5673543075061489,US500_x100,margin_100,500,4
2025-01,12.863014942568043,13,17,977.2950467654081,964.43203182284,1.3337399130404346,US500_x100,margin_100,500,4
2025-02,-174.69195283513454,10,18,802.6030939302735,977.2950467654081,-17.875047398768608,US500_x100,margin_100,500,4
2025-03,65.01810692508298,8,31,867.6212008553565,802.6030939302735,8.100904097777057,US500_x100,margin_100,500,4
2025-04,-33.11092871438086,1,22,834.5102721409756,867.6212008553565,-3.8162885694515056,US500_x100,margin_100,500,4
2025-05,154.1715615536059,14,21,988.6818336945815,834.5102721409756,18.4744953657756,US500_x100,margin_100,500,4
2025-06,-249.7406137077778,23,27,738.9412199868037,988.6818336945815,-25.259957773728694,US500_x100,margin_100,500,4
2025-07,270.374617875089,20,20,1009.3158378618928,738.9412199868037,36.589462133390995,US500_x100,margin_100,500,4
2025-08,-83.41258391747125,24,25,925.9032539444215,1009.3158378618928,-8.26426979429652,US500_x100,margin_100,500,4
2025-09,624.7150912913003,19,19,1550.6183452357218,925.9032539444215,67.4708819339347,US500_x100,margin_100,500,4
2025-10,204.8778660707831,25,25,1755.4962113065048,1550.6183452357218,13.21265588661909,US500_x100,margin_100,500,4
2025-11,676.9529485471467,15,16,2432.4491598536515,1755.4962113065048,38.561914528048646,US500_x100,margin_100,500,4
2025-12,-114.32717790153572,24,24,2318.1219819521157,2432.4491598536515,-4.700084992050326,US500_x100,margin_100,500,4
2026-01,-415.90962379648045,23,23,1902.2123581556352,2318.1219819521157,-17.94166256282331,US500_x100,margin_100,500,4
2026-02,299.7059450075322,16,16,2201.9183031631674,1902.2123581556352,15.755651240649277,US500_x100,margin_100,500,4
2026-03,287.5172437814217,20,20,2489.435546944589,2201.9183031631674,13.057579991427865,US500_x100,margin_100,500,4
2026-04,2009.0119852296957,22,22,4498.447532174285,2489.435546944589,80.70150631919185,US500_x100,margin_100,500,4
2026-05,-1250.8563767189307,23,23,3247.591155455354,4498.447532174285,-27.806401381196956,US500_x100,margin_100,500,4
2026-06,-602.653897045454,14,14,2644.9372584099,3247.591155455354,-18.556950927554613,US500_x100,margin_100,500,4
2026-07,-696.0746166778526,21,22,1948.8626417320475,2644.9372584099,-26.317244935190754,US500_x100,margin_100,500,4
2026-08,1057.8239958207034,18,18,3006.6866375527507,1948.8626417320475,54.27904323111067,US500_x100,margin_100,500,4
2024-01,119.52020110249215,28,29,619.5202011024921,500.0,23.90404022049843,US500_x100,margin_100,500,5
2024-02,47.00173586027177,18,19,666.5219369627639,619.5202011024921,7.586796326677958,US500_x100,margin_100,500,5
2024-03,-145.11118698232804,19,20,521.4107499804359,666.5219369627639,-21.771404500739614,US500_x100,margin_100,500,5
2024-04,6.280433652557818,9,18,527.6911836329937,521.4107499804359,1.204507895702854,US500_x100,margin_100,500,5
2024-05,63.169848461132474,19,20,590.8610320941261,527.6911836329937,11.97098803626531,US500_x100,margin_100,500,5
2024-06,24.365674784800824,20,23,615.226706878927,590.8610320941261,4.123757273084019,US500_x100,margin_100,500,5
2024-07,-202.2242449329415,18,35,413.0024619459855,615.226706878927,-32.869874254782324,US500_x100,margin_100,500,5
2024-08,18.713887474029427,5,27,431.7163494200149,413.0024619459855,4.53118060988143,US500_x100,margin_100,500,5
2024-09,-39.30677209019268,2,18,392.40957732982224,431.7163494200149,-9.104768013302943,US500_x100,margin_100,500,5
2024-10,29.618311885560587,12,22,422.02788921538286,392.40957732982224,7.5478055574230405,US500_x100,margin_100,500,5
2024-11,-66.25436117973277,5,18,355.7735280356501,422.02788921538286,-15.69904806597265,US500_x100,margin_100,500,5
2024-12,-70.04596581834721,6,16,285.7275622173029,355.7735280356501,-19.688357985793786,US500_x100,margin_100,500,5
2025-01,0.0,0,17,285.7275622173029,285.7275622173029,0.0,US500_x100,margin_100,500,5
2025-02,0.0,0,18,285.7275622173029,285.7275622173029,0.0,US500_x100,margin_100,500,5
2025-03,0.0,0,31,285.7275622173029,285.7275622173029,0.0,US500_x100,margin_100,500,5
2025-04,0.0,0,22,285.7275622173029,285.7275622173029,0.0,US500_x100,margin_100,500,5
2025-05,0.0,0,21,285.7275622173029,285.7275622173029,0.0,US500_x100,margin_100,500,5
2025-06,7.2063863587382,1,27,292.9339485760411,285.7275622173029,2.522118028381723,US500_x100,margin_100,500,5
2025-07,-33.33783724242039,4,20,259.5961113336207,292.9339485760411,-11.38066700854456,US500_x100,margin_100,500,5
2025-08,0.0,0,25,259.5961113336207,259.5961113336207,0.0,US500_x100,margin_100,500,5
2025-09,45.0960357777094,1,19,304.6921471113301,259.5961113336207,17.371614523051967,US500_x100,margin_100,500,5
2025-10,-8.265150987863308,2,25,296.4269961234668,304.6921471113301,-2.7126235665152674,US500_x100,margin_100,500,5
2025-11,0.0,0,16,296.4269961234668,296.4269961234668,0.0,US500_x100,margin_100,500,5
2025-12,3.8987029833078815,4,24,300.32569910677466,296.4269961234668,1.315232092317262,US500_x100,margin_100,500,5
2026-01,0.0,0,23,300.32569910677466,300.32569910677466,0.0,US500_x100,margin_100,500,5
2026-02,0.0,0,16,300.32569910677466,300.32569910677466,0.0,US500_x100,margin_100,500,5
2026-03,0.0,0,20,300.32569910677466,300.32569910677466,0.0,US500_x100,margin_100,500,5
2026-04,0.0,0,22,300.32569910677466,300.32569910677466,0.0,US500_x100,margin_100,500,5
2026-05,0.0,0,23,300.32569910677466,300.32569910677466,0.0,US500_x100,margin_100,500,5
2026-06,0.0,0,14,300.32569910677466,300.32569910677466,0.0,US500_x100,margin_100,500,5
2026-07,0.0,0,22,300.32569910677466,300.32569910677466,0.0,US500_x100,margin_100,500,5
2026-08,0.0,0,18,300.32569910677466,300.32569910677466,0.0,US500_x100,margin_100,500,5
2024-01,0.0,0,29,1000.0,1000.0,0.0,US500_x100,margin_100,1000,1
2024-02,4.2210406699796295,1,19,1004.2210406699796,1000.0,0.422104066997963,US500_x100,margin_100,1000,1
2024-03,0.0,0,20,1004.2210406699796,1004.2210406699796,0.0,US500_x100,margin_100,1000,1
2024-04,0.0,0,18,1004.2210406699796,1004.2210406699796,0.0,US500_x100,margin_100,1000,1
2024-05,0.5180253222852114,1,20,1004.7390659922648,1004.2210406699796,0.051584790728902055,US500_x100,margin_100,1000,1
2024-06,33.40994347149535,1,23,1038.1490094637602,1004.7390659922648,3.3252358350872133,US500_x100,margin_100,1000,1
2024-07,-18.411709432371026,2,35,1019.7373000313892,1038.1490094637602,-1.7735131724376745,US500_x100,margin_100,1000,1
2024-08,0.0,0,27,1019.7373000313892,1019.7373000313892,0.0,US500_x100,margin_100,1000,1
2024-09,0.0,0,18,1019.7373000313892,1019.7373000313892,0.0,US500_x100,margin_100,1000,1
2024-10,0.0,0,22,1019.7373000313892,1019.7373000313892,0.0,US500_x100,margin_100,1000,1
2024-11,0.0,0,18,1019.7373000313892,1019.7373000313892,0.0,US500_x100,margin_100,1000,1
2024-12,-10.129870842575656,1,16,1009.6074291888135,1019.7373000313892,-0.9933804365363355,US500_x100,margin_100,1000,1
2025-01,0.0,0,17,1009.6074291888135,1009.6074291888135,0.0,US500_x100,margin_100,1000,1
2025-02,0.0,0,18,1009.6074291888135,1009.6074291888135,0.0,US500_x100,margin_100,1000,1
2025-03,0.0,0,31,1009.6074291888135,1009.6074291888135,0.0,US500_x100,margin_100,1000,1
2025-04,0.0,0,22,1009.6074291888135,1009.6074291888135,0.0,US500_x100,margin_100,1000,1
2025-05,0.0,0,21,1009.6074291888135,1009.6074291888135,0.0,US500_x100,margin_100,1000,1
2025-06,0.0,0,27,1009.6074291888135,1009.6074291888135,0.0,US500_x100,margin_100,1000,1
2025-07,0.0,0,20,1009.6074291888135,1009.6074291888135,0.0,US500_x100,margin_100,1000,1
2025-08,0.0,0,25,1009.6074291888135,1009.6074291888135,0.0,US500_x100,margin_100,1000,1
2025-09,0.0,0,19,1009.6074291888135,1009.6074291888135,0.0,US500_x100,margin_100,1000,1
2025-10,0.0,0,25,1009.6074291888135,1009.6074291888135,0.0,US500_x100,margin_100,1000,1
2025-11,0.0,0,16,1009.6074291888135,1009.6074291888135,0.0,US500_x100,margin_100,1000,1
2025-12,0.0,0,24,1009.6074291888135,1009.6074291888135,0.0,US500_x100,margin_100,1000,1
2026-01,0.0,0,23,1009.6074291888135,1009.6074291888135,0.0,US500_x100,margin_100,1000,1
2026-02,0.0,0,16,1009.6074291888135,1009.6074291888135,0.0,US500_x100,margin_100,1000,1
2026-03,0.0,0,20,1009.6074291888135,1009.6074291888135,0.0,US500_x100,margin_100,1000,1
2026-04,0.0,0,22,1009.6074291888135,1009.6074291888135,0.0,US500_x100,margin_100,1000,1
2026-05,0.0,0,23,1009.6074291888135,1009.6074291888135,0.0,US500_x100,margin_100,1000,1
2026-06,0.0,0,14,1009.6074291888135,1009.6074291888135,0.0,US500_x100,margin_100,1000,1
2026-07,0.0,0,22,1009.6074291888135,1009.6074291888135,0.0,US500_x100,margin_100,1000,1
2026-08,0.0,0,18,1009.6074291888135,1009.6074291888135,0.0,US500_x100,margin_100,1000,1
2024-01,164.58651714857388,23,29,1164.5865171485739,1000.0,16.458651714857385,US500_x100,margin_100,1000,2
2024-02,80.72082968240102,16,19,1245.307346830975,1164.5865171485739,6.931286640690426,US500_x100,margin_100,1000,2
2024-03,-47.907549447254496,15,20,1197.3997973837204,1245.307346830975,-3.8470462387593196,US500_x100,margin_100,1000,2
2024-04,84.83520280892117,4,18,1282.2350001926416,1197.3997973837204,7.084952160029033,US500_x100,margin_100,1000,2
2024-05,130.18373832421366,17,20,1412.4187385168552,1282.2350001926416,10.152876680534769,US500_x100,margin_100,1000,2
2024-06,412.9880533447222,22,23,1825.4067918615774,1412.4187385168552,29.23977444383033,US500_x100,margin_100,1000,2
2024-07,-317.830627521972,28,35,1507.5761643396054,1825.4067918615774,-17.41149583418847,US500_x100,margin_100,1000,2
2024-08,55.61671264751931,10,27,1563.1928769871247,1507.5761643396054,3.6891477832486324,US500_x100,margin_100,1000,2
2024-09,-27.141812346164443,11,18,1536.0510646409602,1563.1928769871247,-1.736306040395807,US500_x100,margin_100,1000,2
2024-10,129.73999658788028,20,22,1665.7910612288406,1536.0510646409602,8.446333561065952,US500_x100,margin_100,1000,2
2024-11,-47.52760503713944,13,18,1618.2634561917012,1665.7910612288406,-2.8531552451769495,US500_x100,margin_100,1000,2
2024-12,1.809914375031454,11,16,1620.0733705667326,1618.2634561917012,0.11184299862339903,US500_x100,margin_100,1000,2
2025-01,-68.66132755006674,8,17,1551.4120430166658,1620.0733705667326,-4.238161604128318,US500_x100,margin_100,1000,2
2025-02,-103.89885957754086,7,18,1447.513183439125,1551.4120430166658,-6.697051247295542,US500_x100,margin_100,1000,2
2025-03,83.42317873470802,6,31,1530.936362173833,1447.513183439125,5.763206835636836,US500_x100,margin_100,1000,2
2025-04,0.0,0,22,1530.936362173833,1530.936362173833,0.0,US500_x100,margin_100,1000,2
2025-05,91.15814297291854,9,21,1622.0945051467515,1530.936362173833,5.954404456334144,US500_x100,margin_100,1000,2
2025-06,-199.53019681570004,15,27,1422.5643083310515,1622.0945051467515,-12.30077508940507,US500_x100,margin_100,1000,2
2025-07,218.2398122549539,20,20,1640.8041205860054,1422.5643083310515,15.341296767876333,US500_x100,margin_100,1000,2
2025-08,-79.12400724176041,22,25,1561.680113344245,1640.8041205860054,-4.822270144805685,US500_x100,margin_100,1000,2
2025-09,529.398455353783,17,19,2091.078568698028,1561.680113344245,33.89928903046013,US500_x100,margin_100,1000,2
2025-10,90.02153465167794,21,25,2181.100103349706,2091.078568698028,4.30502880184594,US500_x100,margin_100,1000,2
2025-11,356.15819300362637,10,16,2537.2582963533323,2181.100103349706,16.329291464277276,US500_x100,margin_100,1000,2
2025-12,65.7493726560133,23,24,2603.0076690093456,2537.2582963533323,2.5913551155005154,US500_x100,margin_100,1000,2
2026-01,-222.4501442040992,23,23,2380.5575248052464,2603.0076690093456,-8.545888928892762,US500_x100,margin_100,1000,2
2026-02,327.6723639302273,12,16,2708.2298887354737,2380.5575248052464,13.764521987639606,US500_x100,margin_100,1000,2
2026-03,373.2405219217844,10,20,3081.470410657258,2708.2298887354737,13.781714893341562,US500_x100,margin_100,1000,2
2026-04,1215.8040313190058,22,22,4297.274441976264,3081.470410657258,39.45532065192482,US500_x100,margin_100,1000,2
2026-05,-588.5229346826909,23,23,3708.751507293573,4297.274441976264,-13.695260626920453,US500_x100,margin_100,1000,2
2026-06,-346.9172304368294,12,14,3361.8342768567436,3708.751507293573,-9.354016567424035,US500_x100,margin_100,1000,2
2026-07,-467.1800854659641,21,22,2894.6541913907795,3361.8342768567436,-13.896582847110755,US500_x100,margin_100,1000,2
2026-08,847.1323976175983,18,18,3741.7865890083776,2894.6541913907795,29.26540932375003,US500_x100,margin_100,1000,2
2024-01,141.4202701121349,29,29,1141.4202701121349,1000.0,14.14202701121349,US500_x100,margin_100,1000,3
2024-02,176.61652297682943,19,19,1318.0367930889643,1141.4202701121349,15.473399903742585,US500_x100,margin_100,1000,3
2024-03,-186.5650741864865,19,20,1131.4717189024777,1318.0367930889643,-14.154769818621734,US500_x100,margin_100,1000,3
2024-04,-48.644658851258086,14,18,1082.8270600512196,1131.4717189024777,-4.299237713024164,US500_x100,margin_100,1000,3
2024-05,89.11060047976753,20,20,1171.9376605309872,1082.8270600512196,8.229439747797993,US500_x100,margin_100,1000,3
2024-06,760.1240338960934,23,23,1932.0616944270805,1171.9376605309872,64.8604494501604,US500_x100,margin_100,1000,3
2024-07,-379.2483409387742,34,35,1552.8133534883063,1932.0616944270805,-19.629204493453496,US500_x100,margin_100,1000,3
2024-08,88.18420611949023,17,27,1640.9975596077966,1552.8133534883063,5.678995863951675,US500_x100,margin_100,1000,3
2024-09,-74.48811718505566,17,18,1566.509442422741,1640.9975596077966,-4.539197316226269,US500_x100,margin_100,1000,3
2024-10,87.55660837701717,22,22,1654.0660507997582,1566.509442422741,5.589280600926566,US500_x100,margin_100,1000,3
2024-11,-16.53598468668587,18,18,1637.5300661130723,1654.0660507997582,-0.9997173135069516,US500_x100,margin_100,1000,3
2024-12,-217.16456704259508,16,16,1420.3654990704772,1637.5300661130723,-13.261714794530056,US500_x100,margin_100,1000,3
2025-01,-38.79365753934417,14,17,1381.571841531133,1420.3654990704772,-2.731244708825419,US500_x100,margin_100,1000,3
2025-02,-156.12885322846523,11,18,1225.4429883026678,1381.571841531133,-11.300813213986379,US500_x100,margin_100,1000,3
2025-03,81.21032463197298,9,31,1306.6533129346408,1225.4429883026678,6.627017772932504,US500_x100,margin_100,1000,3
2025-04,-33.11092871438086,1,22,1273.54238422026,1306.6533129346408,-2.534025543471536,US500_x100,margin_100,1000,3
2025-05,109.57087045308344,16,21,1383.1132546733434,1273.54238422026,8.60362967190679,US500_x100,margin_100,1000,3
2025-06,-268.94771335937185,23,27,1114.1655413139715,1383.1132546733434,-19.44509695432646,US500_x100,margin_100,1000,3
2025-07,270.6292733211531,20,20,1384.7948146351246,1114.1655413139715,24.28986207938106,US500_x100,margin_100,1000,3
2025-08,-97.06579107279414,24,25,1287.7290235623304,1384.7948146351246,-7.009398796627478,US500_x100,margin_100,1000,3
2025-09,635.6497461482641,19,19,1923.3787697105945,1287.7290235623304,49.362073426738796,US500_x100,margin_100,1000,3
2025-10,112.25336642303316,23,25,2035.6321361336277,1923.3787697105945,5.836258993329931,US500_x100,margin_100,1000,3
2025-11,611.5025917236972,15,16,2647.134727857325,2035.6321361336277,30.039936040956444,US500_x100,margin_100,1000,3
2025-12,-59.67544291759073,24,24,2587.459284939734,2647.134727857325,-2.2543409781750676,US500_x100,margin_100,1000,3
2026-01,-316.57914286575124,23,23,2270.880142073983,2587.459284939734,-12.235135242838222,US500_x100,margin_100,1000,3
2026-02,241.60932817290274,16,16,2512.4894702468855,2270.880142073983,10.63945752558487,US500_x100,margin_100,1000,3
2026-03,373.25074570666675,19,20,2885.7402159535523,2512.4894702468855,14.855813332821247,US500_x100,margin_100,1000,3
2026-04,1741.8654037377792,22,22,4627.605619691331,2885.7402159535523,60.36113001815045,US500_x100,margin_100,1000,3
2026-05,-995.4829638481706,23,23,3632.122655843161,4627.605619691331,-21.511836696113505,US500_x100,margin_100,1000,3
2026-06,-515.5206508985075,14,14,3116.6020049446533,3632.122655843161,-14.193371197670485,US500_x100,margin_100,1000,3
2026-07,-616.4116945200968,21,22,2500.1903104245566,3116.6020049446533,-19.778325674633052,US500_x100,margin_100,1000,3
2026-08,1139.7214129430106,18,18,3639.911723367567,2500.1903104245566,45.585386368027116,US500_x100,margin_100,1000,3
2024-01,118.90933335258615,29,29,1118.9093333525861,1000.0,11.890933335258614,US500_x100,margin_100,1000,4
2024-02,237.2324229895221,19,19,1356.1417563421082,1118.9093333525861,21.202113157703582,US500_x100,margin_100,1000,4
2024-03,-230.49948050170954,20,20,1125.6422758403987,1356.1417563421082,-16.996709925327483,US500_x100,margin_100,1000,4
2024-04,-130.75988870213223,16,18,994.8823871382665,1125.6422758403987,-11.616469237929747,US500_x100,margin_100,1000,4
2024-05,69.08020215744548,20,20,1063.962589295712,994.8823871382665,6.943554640277784,US500_x100,margin_100,1000,4
2024-06,1016.5258087872188,23,23,2080.488398082931,1063.962589295712,95.5414992044134,US500_x100,margin_100,1000,4
2024-07,-663.2040923318674,35,35,1417.2843057510636,2080.488398082931,-31.87732711910231,US500_x100,margin_100,1000,4
2024-08,8.611040100098762,19,27,1425.8953458511623,1417.2843057510636,0.6075732346119151,US500_x100,margin_100,1000,4
2024-09,-49.6712204241848,18,18,1376.2241254269775,1425.8953458511623,-3.4835109441032976,US500_x100,margin_100,1000,4
2024-10,89.89993718000629,22,22,1466.1240626069837,1376.2241254269775,6.532361663992381,US500_x100,margin_100,1000,4
2024-11,-35.51064432038401,18,18,1430.6134182865997,1466.1240626069837,-2.422076359434472,US500_x100,margin_100,1000,4
2024-12,-236.07529527382025,16,16,1194.5381230127796,1430.6134182865997,-16.50168328188618,US500_x100,margin_100,1000,4
2025-01,-90.03349275307392,15,17,1104.5046302597057,1194.5381230127796,-7.537096641670825,US500_x100,margin_100,1000,4
2025-02,-244.44805604934027,13,18,860.0565742103653,1104.5046302597057,-22.13191772603637,US500_x100,margin_100,1000,4
2025-03,68.49159898534799,8,31,928.5481731957133,860.0565742103653,7.963615538690751,US500_x100,margin_100,1000,4
2025-04,-33.11092871438086,1,22,895.4372444813324,928.5481731957133,-3.5658816279208763,US500_x100,margin_100,1000,4
2025-05,90.68066757836641,16,21,986.1179120596988,895.4372444813324,10.126970721537468,US500_x100,margin_100,1000,4
2025-06,-242.87081778831998,23,27,743.2470942713788,986.1179120596988,-24.62898349356996,US500_x100,margin_100,1000,4
2025-07,256.1106370361077,20,20,999.3577313074866,743.2470942713788,34.458343532062976,US500_x100,margin_100,1000,4
2025-08,-126.86775133910396,24,25,872.4899799683826,999.3577313074866,-12.694928689161134,US500_x100,margin_100,1000,4
2025-09,560.6302705516482,19,19,1433.1202505200308,872.4899799683826,64.25635633912546,US500_x100,margin_100,1000,4
2025-10,17.87959368418975,24,25,1450.9998442042206,1433.1202505200308,1.2475989839444284,US500_x100,margin_100,1000,4
2025-11,691.2891711712637,15,16,2142.2890153754843,1450.9998442042206,47.64226363858716,US500_x100,margin_100,1000,4
2025-12,-109.38521641474651,24,24,2032.9037989607377,2142.2890153754843,-5.105997166100126,US500_x100,margin_100,1000,4
2026-01,-346.4451429921765,23,23,1686.4586559685613,2032.9037989607377,-17.04188575815965,US500_x100,margin_100,1000,4
2026-02,234.56341389225696,16,16,1921.0220698608182,1686.4586559685613,13.908637075810393,US500_x100,margin_100,1000,4
2026-03,373.25074570666675,19,20,2294.272815567485,1921.0220698608182,19.429799977972635,US500_x100,margin_100,1000,4
2026-04,1852.3550764431711,22,22,4146.627892010656,2294.272815567485,80.73822188338983,US500_x100,margin_100,1000,4
2026-05,-1158.2372254256825,23,23,2988.3906665849736,4146.627892010656,-27.932027073306198,US500_x100,margin_100,1000,4
2026-06,-587.0549906060223,14,14,2401.3356759789513,2988.3906665849736,-19.644519612855298,US500_x100,margin_100,1000,4
2026-07,-641.261124884206,21,22,1760.0745510947454,2401.3356759789513,-26.7043517197063,US500_x100,margin_100,1000,4
2026-08,986.1621727579615,18,18,2746.2367238527067,1760.0745510947454,56.02956830121658,US500_x100,margin_100,1000,4
2024-01,192.9791157671971,29,29,1192.979115767197,1000.0,19.29791157671971,US500_x100,margin_100,1000,5
2024-02,283.5150423398045,19,19,1476.4941581070016,1192.979115767197,23.765298033526584,US500_x100,margin_100,1000,5
2024-03,-343.1213664427396,20,20,1133.372791664262,1476.4941581070016,-23.238924756915537,US500_x100,margin_100,1000,5
2024-04,-120.75821044945675,18,18,1012.6145812148052,1133.372791664262,-10.654765257963671,US500_x100,margin_100,1000,5
2024-05,97.61367535287897,20,20,1110.2282565676842,1012.6145812148052,9.639765925133588,US500_x100,margin_100,1000,5
2024-06,959.2871539479138,22,23,2069.515410515598,1110.2282565676842,86.40449819873879,US500_x100,margin_100,1000,5
2024-07,-722.3153879696757,34,35,1347.2000225459224,2069.515410515598,-34.90263393543508,US500_x100,margin_100,1000,5
2024-08,95.56034115513921,21,27,1442.7603637010616,1347.2000225459224,7.093255608365448,US500_x100,margin_100,1000,5
2024-09,-95.23025513648915,18,18,1347.5301085645724,1442.7603637010616,-6.600559422924427,US500_x100,margin_100,1000,5
2024-10,99.16501416959991,22,22,1446.6951227341722,1347.5301085645724,7.359020294933026,US500_x100,margin_100,1000,5
2024-11,-92.0222803932456,18,18,1354.6728423409265,1446.6951227341722,-6.360862005211483,US500_x100,margin_100,1000,5
2024-12,-281.0343077754151,16,16,1073.6385345655115,1354.6728423409265,-20.745548223272642,US500_x100,margin_100,1000,5
2025-01,-114.12409368051794,16,17,959.5144408849935,1073.6385345655115,-10.629657003388257,US500_x100,margin_100,1000,5
2025-02,-245.4022167508383,13,18,714.1122241341552,959.5144408849935,-25.575666847128982,US500_x100,margin_100,1000,5
2025-03,36.949524183242836,9,31,751.061748317398,714.1122241341552,5.1741901250945945,US500_x100,margin_100,1000,5
2025-04,-33.11092871438086,1,22,717.9508196030172,751.061748317398,-4.408549468610165,US500_x100,margin_100,1000,5
2025-05,-56.689228700614876,15,21,661.2615909024023,717.9508196030172,-7.89597659794588,US500_x100,margin_100,1000,5
2025-06,-147.22964783635052,13,27,514.0319430660518,661.2615909024023,-22.264962892435804,US500_x100,margin_100,1000,5
2025-07,194.41152298436648,20,20,708.4434660504184,514.0319430660518,37.82090307943861,US500_x100,margin_100,1000,5
2025-08,-83.68979163353197,23,25,624.7536744168864,708.4434660504184,-11.813192674371557,US500_x100,margin_100,1000,5
2025-09,498.67729819542825,19,19,1123.4309726123147,624.7536744168864,79.81982637571015,US500_x100,margin_100,1000,5
2025-10,12.905451321753354,24,25,1136.336423934068,1123.4309726123147,1.1487533846200004,US500_x100,margin_100,1000,5
2025-11,456.54467164537255,14,16,1592.8810955794406,1136.336423934068,40.176893218364526,US500_x100,margin_100,1000,5
2025-12,-58.52055918348101,24,24,1534.3605363959596,1592.8810955794406,-3.673881204685467,US500_x100,margin_100,1000,5
2026-01,-339.8465729811687,23,23,1194.5139634147909,1534.3605363959596,-22.149068939131485,US500_x100,margin_100,1000,5
2026-02,220.23590051007255,16,16,1414.7498639248633,1194.5139634147909,18.437281375973033,US500_x100,margin_100,1000,5
2026-03,386.41874106120486,18,20,1801.1686049860682,1414.7498639248633,27.31357329762764,US500_x100,margin_100,1000,5
2026-04,1801.2597376069034,22,22,3602.4283425929716,1801.1686049860682,100.00505963853594,US500_x100,margin_100,1000,5
2026-05,-1221.295159035847,23,23,2381.1331835571245,3602.4283425929716,-33.901997288772655,US500_x100,margin_100,1000,5
2026-06,-566.0407395236098,14,14,1815.0924440335148,2381.1331835571245,-23.771905890539625,US500_x100,margin_100,1000,5
2026-07,-596.3782046057905,21,22,1218.7142394277244,1815.0924440335148,-32.85662978578179,US500_x100,margin_100,1000,5
2026-08,869.5423241794954,18,18,2088.2565636072195,1218.7142394277244,71.34915602428747,US500_x100,margin_100,1000,5
2024-01,151.77957378527123,29,29,3151.779573785271,3000.0,5.059319126175708,US500_x100,margin_100,3000,1
2024-02,90.37115130012806,18,19,3242.1507250853992,3151.779573785271,2.86730557085224,US500_x100,margin_100,3000,1
2024-03,-148.74565512479603,19,20,3093.405069960603,3242.1507250853992,-4.58786983510392,US500_x100,margin_100,3000,1
2024-04,-3.1678883649392304,11,18,3090.237181595664,3093.405069960603,-0.10240780930056391,US500_x100,margin_100,3000,1
2024-05,88.44860722576962,19,20,3178.6857888214336,3090.237181595664,2.8621947775574497,US500_x100,margin_100,3000,1
2024-06,687.7278662528588,23,23,3866.4136550742924,3178.6857888214336,21.63560389238248,US500_x100,margin_100,3000,1
2024-07,-282.985132698972,33,35,3583.4285223753204,3866.4136550742924,-7.319059933682509,US500_x100,margin_100,3000,1
2024-08,140.8201346445967,14,27,3724.248657019917,3583.4285223753204,3.929759830991475,US500_x100,margin_100,3000,1
2024-09,-12.721913997364936,14,18,3711.526743022552,3724.248657019917,-0.34159679358103884,US500_x100,margin_100,3000,1
2024-10,95.5076282651989,22,22,3807.034371287751,3711.526743022552,2.5732706478472105,US500_x100,margin_100,3000,1
2024-11,-90.15806713891014,16,18,3716.876304148841,3807.034371287751,-2.368196825825181,US500_x100,margin_100,3000,1
2024-12,0.2900083343147628,11,16,3717.1663124831557,3716.876304148841,0.007802474728337085,US500_x100,margin_100,3000,1
2025-01,61.48894615438712,12,17,3778.655258637543,3717.1663124831557,1.654188728330292,US500_x100,margin_100,3000,1
2025-02,-123.17383262237126,10,18,3655.4814260151716,3778.655258637543,-3.259726653835673,US500_x100,margin_100,3000,1
2025-03,120.80454901048779,8,31,3776.2859750256594,3655.4814260151716,3.3047507272435093,US500_x100,margin_100,3000,1
2025-04,-33.11092871438086,1,22,3743.1750463112785,3776.2859750256594,-0.8768120034700464,US500_x100,margin_100,3000,1
2025-05,128.71709743818428,16,21,3871.892143749463,3743.1750463112785,3.438714349333699,US500_x100,margin_100,3000,1
2025-06,-298.9579523448265,24,27,3572.9341914046363,3871.892143749463,-7.7212365749248795,US500_x100,margin_100,3000,1
2025-07,285.41049842688886,20,20,3858.344689831525,3572.9341914046363,7.988126372814181,US500_x100,margin_100,3000,1
2025-08,-47.02572560689987,24,25,3811.3189642246252,3858.344689831525,-1.2188057155918137,US500_x100,margin_100,3000,1
2025-09,573.1076640856545,19,19,4384.42662831028,3811.3189642246252,15.03699032973084,US500_x100,margin_100,3000,1
2025-10,70.37172644891416,21,25,4454.798354759194,4384.42662831028,1.605038296102923,US500_x100,margin_100,3000,1
2025-11,356.15819300362637,10,16,4810.95654776282,4454.798354759194,7.994934105673536,US500_x100,margin_100,3000,1
2025-12,50.65630560762753,23,24,4861.612853370448,4810.95654776282,1.052936253003233,US500_x100,margin_100,3000,1
2026-01,-202.0657670087603,23,23,4659.547086361687,4861.612853370448,-4.1563524925410835,US500_x100,margin_100,3000,1
2026-02,192.07708366080266,11,16,4851.62417002249,4659.547086361687,4.122226476109766,US500_x100,margin_100,3000,1
2026-03,309.69545303081213,8,20,5161.319623053302,4851.62417002249,6.383335604278197,US500_x100,margin_100,3000,1
2026-04,941.279281343599,22,22,6102.598904396901,5161.319623053302,18.237182544156465,US500_x100,margin_100,3000,1
2026-05,-382.0786571346098,22,23,5720.520247262291,6102.598904396901,-6.260917080087361,US500_x100,margin_100,3000,1
2026-06,-206.74276311969973,7,14,5513.777484142592,5720.520247262291,-3.614055263918383,US500_x100,margin_100,3000,1
2026-07,-376.31955799858315,21,22,5137.4579261440085,5513.777484142592,-6.8250769836262615,US500_x100,margin_100,3000,1
2026-08,717.5254011063728,17,18,5854.983327250381,5137.4579261440085,13.96654554492715,US500_x100,margin_100,3000,1
2024-01,289.69161905989495,29,29,3289.691619059895,3000.0,9.656387301996498,US500_x100,margin_100,3000,2
2024-02,350.4838001328244,19,19,3640.1754191927193,3289.691619059895,10.654001673049926,US500_x100,margin_100,3000,2
2024-03,-316.3296703460946,20,20,3323.8457488466247,3640.1754191927193,-8.689956771815325,US500_x100,margin_100,3000,2
2024-04,-103.19693063847168,18,18,3220.648818208153,3323.8457488466247,-3.1047448779559352,US500_x100,margin_100,3000,2
2024-05,146.04998508554854,20,20,3366.6988032937015,3220.648818208153,4.534800076923793,US500_x100,margin_100,3000,2
2024-06,1430.5484114416513,23,23,4797.247214735353,3366.6988032937015,42.4911313730269,US500_x100,margin_100,3000,2
2024-07,-768.9478439941005,35,35,4028.2993707412525,4797.247214735353,-16.028939297357443,US500_x100,margin_100,3000,2
2024-08,389.72965124238465,26,27,4418.029021983637,4028.2993707412525,9.67479363805749,US500_x100,margin_100,3000,2
2024-09,-47.71200350143042,18,18,4370.317018482207,4418.029021983637,-1.0799386618788744,US500_x100,margin_100,3000,2
2024-10,194.4108290354233,22,22,4564.72784751763,4370.317018482207,4.448437681139694,US500_x100,margin_100,3000,2
2024-11,-65.96028653706247,18,18,4498.767560980567,4564.72784751763,-1.4449993239560317,US500_x100,margin_100,3000,2
2024-12,-362.2103215647448,16,16,4136.557239415823,4498.767560980567,-8.051323315886009,US500_x100,margin_100,3000,2
2025-01,-32.88275984849585,17,17,4103.674479567327,4136.557239415823,-0.7949306136795935,US500_x100,margin_100,3000,2
2025-02,-485.81388549886105,18,18,3617.8605940684656,4103.674479567327,-11.838509314464025,US500_x100,margin_100,3000,2
2025-03,16.972258459047296,27,31,3634.832852527513,3617.8605940684656,0.46912416931911527,US500_x100,margin_100,3000,2
2025-04,350.7998093399765,9,22,3985.6326618674893,3634.832852527513,9.651057519633806,US500_x100,margin_100,3000,2
2025-05,43.34866407358818,21,21,4028.9813259410776,3985.6326618674893,1.0876231642801957,US500_x100,margin_100,3000,2
2025-06,-584.5941166639059,27,27,3444.3872092771717,4028.9813259410776,-14.50972514813923,US500_x100,margin_100,3000,2
2025-07,573.8042243508035,20,20,4018.191433627975,3444.3872092771717,16.65910913863892,US500_x100,margin_100,3000,2
2025-08,-211.06328931741245,25,25,3807.1281443105627,4018.191433627975,-5.252693725615906,US500_x100,margin_100,3000,2
2025-09,1188.1535513851004,19,19,4995.281695695663,3807.1281443105627,31.208656665804575,US500_x100,margin_100,3000,2
2025-10,389.83508853839976,25,25,5385.116784234063,4995.281695695663,7.804066162561224,US500_x100,margin_100,3000,2
2025-11,1127.9739081349444,16,16,6513.090692369007,5385.116784234063,20.946136422469035,US500_x100,margin_100,3000,2
2025-12,1.7389108188118314,24,24,6514.829603187819,6513.090692369007,0.026698704208882082,US500_x100,margin_100,3000,2
2026-01,-549.4685849177658,23,23,5965.361018270053,6514.829603187819,-8.43412058926148,US500_x100,margin_100,3000,2
2026-02,462.875153294842,16,16,6428.236171564895,5965.361018270053,7.759382070543573,US500_x100,margin_100,3000,2
2026-03,514.5100817617049,20,20,6942.7462533266,6428.236171564895,8.003907573241078,US500_x100,margin_100,3000,2
2026-04,2728.68830273413,22,22,9671.434556060729,6942.7462533266,39.30272262833581,US500_x100,margin_100,3000,2
2026-05,-1401.178426601704,23,23,8270.256129459027,9671.434556060729,-14.487803422333426,US500_x100,margin_100,3000,2
2026-06,-822.1333196244905,14,14,7448.1228098345355,8270.256129459027,-9.94084471817039,US500_x100,margin_100,3000,2
2026-07,-1119.615621943689,22,22,6328.507187890847,7448.1228098345355,-15.032185297285153,US500_x100,margin_100,3000,2
2026-08,1939.1670905797403,18,18,8267.674278470586,6328.507187890847,30.641777484115057,US500_x100,margin_100,3000,2
2024-01,393.362990634486,29,29,3393.362990634486,3000.0,13.112099687816201,US500_x100,margin_100,3000,3
2024-02,507.20849028704646,19,19,3900.5714809215324,3393.362990634486,14.947074382755893,US500_x100,margin_100,3000,3
2024-03,-510.3707141749537,20,20,3390.2007667465787,3900.5714809215324,-13.08451124844854,US500_x100,margin_100,3000,3
2024-04,-189.09786320944656,18,18,3201.102903537132,3390.2007667465787,-5.577777725267733,US500_x100,margin_100,3000,3
2024-05,218.32633035023986,20,20,3419.429233887372,3201.102903537132,6.820347140636909,US500_x100,margin_100,3000,3
2024-06,2339.208459674044,23,23,5758.637693561416,3419.429233887372,68.40932505612112,US500_x100,margin_100,3000,3
2024-07,-1451.2647520255462,35,35,4307.37294153587,5758.637693561416,-25.201529063864665,US500_x100,margin_100,3000,3
2024-08,450.2875371377878,27,27,4757.660478673658,4307.37294153587,10.45387857632847,US500_x100,margin_100,3000,3
2024-09,-126.44914162288381,18,18,4631.211337050774,4757.660478673658,-2.657800870610577,US500_x100,margin_100,3000,3
2024-10,301.03687915464144,22,22,4932.248216205416,4631.211337050774,6.500175812454853,US500_x100,margin_100,3000,3
2024-11,-169.52823476759104,18,18,4762.719981437825,4932.248216205416,-3.4371391571614005,US500_x100,margin_100,3000,3
2024-12,-614.4188967165136,16,16,4148.301084721311,4762.719981437825,-12.900588300616947,US500_x100,margin_100,3000,3
2025-01,-102.43680175592272,17,17,4045.864282965388,4148.301084721311,-2.4693675715393395,US500_x100,margin_100,3000,3
2025-02,-737.8119414796483,18,18,3308.05234148574,4045.864282965388,-18.23620096665413,US500_x100,margin_100,3000,3
2025-03,-241.5681601905144,31,31,3066.4841812952254,3308.05234148574,-7.302428597064438,US500_x100,margin_100,3000,3
2025-04,657.2117934450953,13,22,3723.6959747403207,3066.4841812952254,21.432094691827217,US500_x100,margin_100,3000,3
2025-05,-41.75623090482446,21,21,3681.9397438354963,3723.6959747403207,-1.1213652024246263,US500_x100,margin_100,3000,3
2025-06,-803.7997510275218,27,27,2878.1399928079745,3681.9397438354963,-21.83087738937844,US500_x100,margin_100,3000,3
2025-07,732.0608002596965,20,20,3610.200793067671,2878.1399928079745,25.435204753382497,US500_x100,margin_100,3000,3
2025-08,-302.7997119909178,25,25,3307.401081076753,3610.200793067671,-8.387337141256952,US500_x100,margin_100,3000,3
2025-09,1690.6674263729649,19,19,4998.068507449718,3307.401081076753,51.117701933584456,US500_x100,margin_100,3000,3
2025-10,541.0114859833568,25,25,5539.079993433075,4998.068507449718,10.824411173575726,US500_x100,margin_100,3000,3
2025-11,1860.8240653984476,16,16,7399.904058831523,5539.079993433075,33.594460950276414,US500_x100,margin_100,3000,3
2025-12,-81.50663366130516,24,24,7318.3974251702175,7399.904058831523,-1.1014552758157707,US500_x100,margin_100,3000,3
2026-01,-952.4620177852503,23,23,6365.935407384967,7318.3974251702175,-13.014625504067881,US500_x100,margin_100,3000,3
2026-02,717.2431062135367,16,16,7083.178513598504,6365.935407384967,11.26689261379373,US500_x100,margin_100,3000,3
2026-03,801.229936912554,20,20,7884.408450511058,7083.178513598504,11.311728701660252,US500_x100,margin_100,3000,3
2026-04,4734.046910103285,22,22,12618.455360614342,7884.408450511058,60.04314641761653,US500_x100,margin_100,3000,3
2026-05,-2777.2124892293023,23,23,9841.242871385039,12618.455360614342,-22.009131940964373,US500_x100,margin_100,3000,3
2026-06,-1527.9904222288706,14,14,8313.252449156169,9841.242871385039,-15.526396840298931,US500_x100,margin_100,3000,3
2026-07,-1949.2729929692669,22,22,6363.979456186902,8313.252449156169,-23.447778169747828,US500_x100,margin_100,3000,3
2026-08,2896.3767936822987,18,18,9260.3562498692,6363.979456186902,45.51203871135243,US500_x100,margin_100,3000,3
2024-01,443.7322540678716,29,29,3443.7322540678715,3000.0,14.791075135595722,US500_x100,margin_100,3000,4
2024-02,694.034454146884,19,19,4137.766708214755,3443.7322540678715,20.153554427091805,US500_x100,margin_100,3000,4
2024-03,-720.7212831176421,20,20,3417.0454250971134,4137.766708214755,-17.418122720326064,US500_x100,margin_100,3000,4
2024-04,-293.33748977926456,18,18,3123.7079353178488,3417.0454250971134,-8.584535857346053,US500_x100,margin_100,3000,4
2024-05,236.66949083401684,20,20,3360.3774261518656,3123.7079353178488,7.576556314953141,US500_x100,margin_100,3000,4
2024-06,3229.7191808252282,23,23,6590.096606977094,3360.3774261518656,96.11179850484055,US500_x100,margin_100,3000,4
2024-07,-2126.6442330842992,35,35,4463.452373892795,6590.096606977094,-32.27030436599017,US500_x100,margin_100,3000,4
2024-08,659.467460107687,27,27,5122.919834000481,4463.452373892795,14.774829097874594,US500_x100,margin_100,3000,4
2024-09,-216.8537843613112,18,18,4906.06604963917,5122.919834000481,-4.23301147369254,US500_x100,margin_100,3000,4
2024-10,396.5484042973791,22,22,5302.614453936549,4906.06604963917,8.082818296474919,US500_x100,margin_100,3000,4
2024-11,-261.4095152730432,18,18,5041.204938663506,5302.614453936549,-4.929823156933055,US500_x100,margin_100,3000,4
2024-12,-943.7509747561844,16,16,4097.453963907321,5041.204938663506,-18.720742089219367,US500_x100,margin_100,3000,4
2025-01,-115.05637197011856,17,17,3982.397591937203,4097.453963907321,-2.807996697061146,US500_x100,margin_100,3000,4
2025-02,-952.9404551844264,18,18,3029.4571367527765,3982.397591937203,-23.928812560397233,US500_x100,margin_100,3000,4
2025-03,-374.7975493095764,31,31,2654.6595874432,3029.4571367527765,-12.371772644102023,US500_x100,margin_100,3000,4
2025-04,807.0924626014366,14,22,3461.7520500446367,2654.6595874432,30.402860932492555,US500_x100,margin_100,3000,4
2025-05,-28.622720695395344,21,21,3433.1293293492413,3461.7520500446367,-0.8268275798385467,US500_x100,margin_100,3000,4
2025-06,-957.3573549234015,27,27,2475.7719744258397,3433.1293293492413,-27.885851742872475,US500_x100,margin_100,3000,4
2025-07,847.9723922631994,20,20,3323.744366689039,2475.7719744258397,34.25082766193982,US500_x100,margin_100,3000,4
2025-08,-484.41698983409515,25,25,2839.327376854944,3323.744366689039,-14.574435828729182,US500_x100,margin_100,3000,4
2025-09,1942.5726744966735,19,19,4781.900051351618,2839.327376854944,68.41665002534563,US500_x100,margin_100,3000,4
2025-10,710.8610784062212,25,25,5492.761129757839,4781.900051351618,14.865661573275549,US500_x100,margin_100,3000,4
2025-11,2654.120658675074,16,16,8146.881788432913,5492.761129757839,48.320336456941234,US500_x100,margin_100,3000,4
2025-12,-308.4608078370801,24,24,7838.420980595833,8146.881788432913,-3.786243815088102,US500_x100,margin_100,3000,4
2026-01,-1413.003302859689,23,23,6425.417677736144,7838.420980595833,-18.026631975465556,US500_x100,margin_100,3000,4
2026-02,955.3857444272984,16,16,7380.803422163442,6425.417677736144,14.868850436566605,US500_x100,margin_100,3000,4
2026-03,1088.4860306617902,20,20,8469.289452825233,7380.803422163442,14.747527720264578,US500_x100,margin_100,3000,4
2026-04,7124.701616404225,22,22,15593.991069229458,8469.289452825233,84.12395934853222,US500_x100,margin_100,3000,4
2026-05,-4510.026621698579,23,23,11083.964447530878,15593.991069229458,-28.92156729907267,US500_x100,margin_100,3000,4
2026-06,-2255.292570731358,14,14,8828.67187679952,11083.964447530878,-20.347345766105907,US500_x100,margin_100,3000,4
2026-07,-2713.150080248921,22,22,6115.5217965506,8828.67187679952,-30.73112375349104,US500_x100,margin_100,3000,4
2026-08,3530.44992534702,18,18,9645.97172189762,6115.5217965506,57.72933271758324,US500_x100,margin_100,3000,4
2024-01,417.1206733117106,29,29,3417.1206733117106,3000.0,13.904022443723688,US500_x100,margin_100,3000,5
2024-02,876.0990455743513,19,19,4293.219718886062,3417.1206733117106,25.63851643920078,US500_x100,margin_100,3000,5
2024-03,-963.0553870795329,20,20,3330.164331806529,4293.219718886062,-22.432007913385146,US500_x100,margin_100,3000,5
2024-04,-415.0934536763216,18,18,2915.0708781302073,3330.164331806529,-12.464653762330823,US500_x100,margin_100,3000,5
2024-05,235.11707439150092,20,20,3150.187952521708,2915.0708781302073,8.065569731268777,US500_x100,margin_100,3000,5
2024-06,2929.583649894852,22,23,6079.77160241656,3150.187952521708,92.99710665040594,US500_x100,margin_100,3000,5
2024-07,-2209.2180329726048,34,35,3870.5535694439554,6079.77160241656,-36.337187931442934,US500_x100,margin_100,3000,5
2024-08,548.6432001735868,27,27,4419.1967696175425,3870.5535694439554,14.17479929756934,US500_x100,margin_100,3000,5
2024-09,-284.6968362603925,18,18,4134.4999333571495,4419.1967696175425,-6.4422756238806596,US500_x100,margin_100,3000,5
2024-10,358.5268054402446,22,22,4493.0267387973945,4134.4999333571495,8.671588129622398,US500_x100,margin_100,3000,5
2024-11,-267.2971401812191,18,18,4225.729598616175,4493.0267387973945,-5.94915534049913,US500_x100,margin_100,3000,5
2024-12,-974.5582473420909,16,16,3251.1713512740844,4225.729598616175,-23.06248482300513,US500_x100,margin_100,3000,5
2025-01,-121.81523212464526,17,17,3129.356119149439,3251.1713512740844,-3.7468105788059347,US500_x100,margin_100,3000,5
2025-02,-948.0373762109402,18,18,2181.318742938499,3129.356119149439,-30.29496612448881,US500_x100,margin_100,3000,5
2025-03,-255.50906465370463,31,31,1925.8096782847942,2181.318742938499,-11.71351346431394,US500_x100,margin_100,3000,5
2025-04,631.9557245001342,13,22,2557.7654027849285,1925.8096782847942,32.81506639134663,US500_x100,margin_100,3000,5
2025-05,-74.73304414122691,21,21,2483.0323586437016,2557.7654027849285,-2.9218099541051186,US500_x100,margin_100,3000,5
2025-06,-825.6106558876963,27,27,1657.4217027560053,2483.0323586437016,-33.25009652063765,US500_x100,margin_100,3000,5
2025-07,762.0329977397341,20,20,2419.4547004957394,1657.4217027560053,45.9770133619347,US500_x100,margin_100,3000,5
2025-08,-401.5135668636176,25,25,2017.9411336321218,2419.4547004957394,-16.595209109777862,US500_x100,margin_100,3000,5
2025-09,1801.830221502927,19,19,3819.771355135049,2017.9411336321218,89.29052445944181,US500_x100,margin_100,3000,5
2025-10,651.6382453577553,25,25,4471.409600492804,3819.771355135049,17.059613908087346,US500_x100,margin_100,3000,5
2025-11,2770.921883558587,16,16,7242.331484051391,4471.409600492804,61.96976191251182,US500_x100,margin_100,3000,5
2025-12,-386.8961354032324,24,24,6855.435348648159,7242.331484051391,-5.342148951000528,US500_x100,margin_100,3000,5
2026-01,-1556.8339207670006,23,23,5298.601427881158,6855.435348648159,-22.70948293712662,US500_x100,margin_100,3000,5
2026-02,967.1565600740236,16,16,6265.757987955181,5298.601427881158,18.253053626280717,US500_x100,margin_100,3000,5
2026-03,1115.7146068580432,20,20,7381.472594813225,6265.757987955181,17.806538474719396,US500_x100,margin_100,3000,5
2026-04,7913.399445707452,22,22,15294.872040520677,7381.472594813225,107.20624298284326,US500_x100,margin_100,3000,5
2026-05,-5374.311447700127,23,23,9920.56059282055,15294.872040520677,-35.13799548935077,US500_x100,margin_100,3000,5
2026-06,-2481.488210603381,14,14,7439.0723822171685,9920.56059282055,-25.01358857078318,US500_x100,margin_100,3000,5
2026-07,-2782.8465026560534,22,22,4656.225879561115,7439.0723822171685,-37.408514928667,US500_x100,margin_100,3000,5
2026-08,3244.0530590492826,18,18,7900.278938610398,4656.225879561115,69.67129909417237,US500_x100,margin_100,3000,5
2024-01,0.0,0,29,500.0,500.0,0.0,US500_x100,margin_50,500,1
2024-02,0.0,0,19,500.0,500.0,0.0,US500_x100,margin_50,500,1
2024-03,0.0,0,20,500.0,500.0,0.0,US500_x100,margin_50,500,1
2024-04,0.0,0,18,500.0,500.0,0.0,US500_x100,margin_50,500,1
2024-05,0.0,0,20,500.0,500.0,0.0,US500_x100,margin_50,500,1
2024-06,0.0,0,23,500.0,500.0,0.0,US500_x100,margin_50,500,1
2024-07,0.0,0,35,500.0,500.0,0.0,US500_x100,margin_50,500,1
2024-08,0.0,0,27,500.0,500.0,0.0,US500_x100,margin_50,500,1
2024-09,0.0,0,18,500.0,500.0,0.0,US500_x100,margin_50,500,1
2024-10,0.0,0,22,500.0,500.0,0.0,US500_x100,margin_50,500,1
2024-11,0.0,0,18,500.0,500.0,0.0,US500_x100,margin_50,500,1
2024-12,0.0,0,16,500.0,500.0,0.0,US500_x100,margin_50,500,1
2025-01,0.0,0,17,500.0,500.0,0.0,US500_x100,margin_50,500,1
2025-02,0.0,0,18,500.0,500.0,0.0,US500_x100,margin_50,500,1
2025-03,0.0,0,31,500.0,500.0,0.0,US500_x100,margin_50,500,1
2025-04,0.0,0,22,500.0,500.0,0.0,US500_x100,margin_50,500,1
2025-05,0.0,0,21,500.0,500.0,0.0,US500_x100,margin_50,500,1
2025-06,0.0,0,27,500.0,500.0,0.0,US500_x100,margin_50,500,1
2025-07,0.0,0,20,500.0,500.0,0.0,US500_x100,margin_50,500,1
2025-08,0.0,0,25,500.0,500.0,0.0,US500_x100,margin_50,500,1
2025-09,0.0,0,19,500.0,500.0,0.0,US500_x100,margin_50,500,1
2025-10,0.0,0,25,500.0,500.0,0.0,US500_x100,margin_50,500,1
2025-11,0.0,0,16,500.0,500.0,0.0,US500_x100,margin_50,500,1
2025-12,0.0,0,24,500.0,500.0,0.0,US500_x100,margin_50,500,1
2026-01,0.0,0,23,500.0,500.0,0.0,US500_x100,margin_50,500,1
2026-02,0.0,0,16,500.0,500.0,0.0,US500_x100,margin_50,500,1
2026-03,0.0,0,20,500.0,500.0,0.0,US500_x100,margin_50,500,1
2026-04,0.0,0,22,500.0,500.0,0.0,US500_x100,margin_50,500,1
2026-05,0.0,0,23,500.0,500.0,0.0,US500_x100,margin_50,500,1
2026-06,0.0,0,14,500.0,500.0,0.0,US500_x100,margin_50,500,1
2026-07,0.0,0,22,500.0,500.0,0.0,US500_x100,margin_50,500,1
2026-08,0.0,0,18,500.0,500.0,0.0,US500_x100,margin_50,500,1
2024-01,0.0,0,29,500.0,500.0,0.0,US500_x100,margin_50,500,2
2024-02,4.2210406699796295,1,19,504.22104066997963,500.0,0.844208133995926,US500_x100,margin_50,500,2
2024-03,0.0,0,20,504.22104066997963,504.22104066997963,0.0,US500_x100,margin_50,500,2
2024-04,0.0,0,18,504.22104066997963,504.22104066997963,0.0,US500_x100,margin_50,500,2
2024-05,0.5180253222852114,1,20,504.73906599226484,504.22104066997963,0.10273774406496196,US500_x100,margin_50,500,2
2024-06,33.40994347149535,1,23,538.1490094637602,504.73906599226484,6.619250563816545,US500_x100,margin_50,500,2
2024-07,-18.411709432371026,2,35,519.7373000313892,538.1490094637602,-3.421303228025527,US500_x100,margin_50,500,2
2024-08,0.0,0,27,519.7373000313892,519.7373000313892,0.0,US500_x100,margin_50,500,2
2024-09,0.0,0,18,519.7373000313892,519.7373000313892,0.0,US500_x100,margin_50,500,2
2024-10,0.0,0,22,519.7373000313892,519.7373000313892,0.0,US500_x100,margin_50,500,2
2024-11,0.0,0,18,519.7373000313892,519.7373000313892,0.0,US500_x100,margin_50,500,2
2024-12,-10.129870842575656,1,16,509.6074291888135,519.7373000313892,-1.9490367233530994,US500_x100,margin_50,500,2
2025-01,0.0,0,17,509.6074291888135,509.6074291888135,0.0,US500_x100,margin_50,500,2
2025-02,0.0,0,18,509.6074291888135,509.6074291888135,0.0,US500_x100,margin_50,500,2
2025-03,0.0,0,31,509.6074291888135,509.6074291888135,0.0,US500_x100,margin_50,500,2
2025-04,0.0,0,22,509.6074291888135,509.6074291888135,0.0,US500_x100,margin_50,500,2
2025-05,0.0,0,21,509.6074291888135,509.6074291888135,0.0,US500_x100,margin_50,500,2
2025-06,0.0,0,27,509.6074291888135,509.6074291888135,0.0,US500_x100,margin_50,500,2
2025-07,0.0,0,20,509.6074291888135,509.6074291888135,0.0,US500_x100,margin_50,500,2
2025-08,0.0,0,25,509.6074291888135,509.6074291888135,0.0,US500_x100,margin_50,500,2
2025-09,0.0,0,19,509.6074291888135,509.6074291888135,0.0,US500_x100,margin_50,500,2
2025-10,0.0,0,25,509.6074291888135,509.6074291888135,0.0,US500_x100,margin_50,500,2
2025-11,0.0,0,16,509.6074291888135,509.6074291888135,0.0,US500_x100,margin_50,500,2
2025-12,0.0,0,24,509.6074291888135,509.6074291888135,0.0,US500_x100,margin_50,500,2
2026-01,0.0,0,23,509.6074291888135,509.6074291888135,0.0,US500_x100,margin_50,500,2
2026-02,0.0,0,16,509.6074291888135,509.6074291888135,0.0,US500_x100,margin_50,500,2
2026-03,0.0,0,20,509.6074291888135,509.6074291888135,0.0,US500_x100,margin_50,500,2
2026-04,0.0,0,22,509.6074291888135,509.6074291888135,0.0,US500_x100,margin_50,500,2
2026-05,0.0,0,23,509.6074291888135,509.6074291888135,0.0,US500_x100,margin_50,500,2
2026-06,0.0,0,14,509.6074291888135,509.6074291888135,0.0,US500_x100,margin_50,500,2
2026-07,0.0,0,22,509.6074291888135,509.6074291888135,0.0,US500_x100,margin_50,500,2
2026-08,0.0,0,18,509.6074291888135,509.6074291888135,0.0,US500_x100,margin_50,500,2
2024-01,25.670306293278365,13,29,525.6703062932784,500.0,5.134061258655673,US500_x100,margin_50,500,3
2024-02,76.44247604491466,12,19,602.112782338193,525.6703062932784,14.541904903083186,US500_x100,margin_50,500,3
2024-03,-3.044270912491811,6,20,599.0685114257012,602.112782338193,-0.5055981207822812,US500_x100,margin_50,500,3
2024-04,65.68630258826488,2,18,664.7548140139661,599.0685114257012,10.964739647547232,US500_x100,margin_50,500,3
2024-05,89.97697068729667,14,20,754.7317847012628,664.7548140139661,13.535362029797396,US500_x100,margin_50,500,3
2024-06,138.55413401151145,16,23,893.2859187127742,754.7317847012628,18.358062668097887,US500_x100,margin_50,500,3
2024-07,-177.74812030295107,18,35,715.5377984098232,893.2859187127742,-19.89823376585699,US500_x100,margin_50,500,3
2024-08,13.37392847005139,5,27,728.9117268798745,715.5377984098232,1.869073653379733,US500_x100,margin_50,500,3
2024-09,-60.335461766787375,3,18,668.5762651130872,728.9117268798745,-8.277471680289034,US500_x100,margin_50,500,3
2024-10,53.51452253292152,11,22,722.0907876460087,668.5762651130872,8.004251021963775,US500_x100,margin_50,500,3
2024-11,-65.66978054651008,5,18,656.4210070994986,722.0907876460087,-9.094393900328146,US500_x100,margin_50,500,3
2024-12,-46.9494148775093,7,16,609.4715922219893,656.4210070994986,-7.152332781816781,US500_x100,margin_50,500,3
2025-01,-6.846177219689707,2,17,602.6254150022996,609.4715922219893,-1.123297181863746,US500_x100,margin_50,500,3
2025-02,-3.287341916090554,2,18,599.3380730862091,602.6254150022996,-0.5455033648187588,US500_x100,margin_50,500,3
2025-03,0.0,0,31,599.3380730862091,599.3380730862091,0.0,US500_x100,margin_50,500,3
2025-04,0.0,0,22,599.3380730862091,599.3380730862091,0.0,US500_x100,margin_50,500,3
2025-05,0.0,0,21,599.3380730862091,599.3380730862091,0.0,US500_x100,margin_50,500,3
2025-06,-10.65405161424951,2,27,588.6840214719596,599.3380730862091,-1.7776363779774471,US500_x100,margin_50,500,3
2025-07,76.59725090412395,9,20,665.2812723760835,588.6840214719596,13.011606924984708,US500_x100,margin_50,500,3
2025-08,-51.574218560710506,3,25,613.707053815373,665.2812723760835,-7.7522426531729565,US500_x100,margin_50,500,3
2025-09,172.5561922328252,6,19,786.2632460481982,613.707053815373,28.117029315543245,US500_x100,margin_50,500,3
2025-10,-33.32406406409336,6,25,752.9391819841048,786.2632460481982,-4.238283327064049,US500_x100,margin_50,500,3
2025-11,33.779999999997926,1,16,786.7191819841028,752.9391819841048,4.486418134195472,US500_x100,margin_50,500,3
2025-12,-38.62126325566077,7,24,748.097918728442,786.7191819841028,-4.909154897972374,US500_x100,margin_50,500,3
2026-01,-25.876088645718482,8,23,722.2218300827235,748.097918728442,-3.4589173419571364,US500_x100,margin_50,500,3
2026-02,0.0,0,16,722.2218300827235,722.2218300827235,0.0,US500_x100,margin_50,500,3
2026-03,0.0,0,20,722.2218300827235,722.2218300827235,0.0,US500_x100,margin_50,500,3
2026-04,179.2942733948612,3,22,901.5161034775847,722.2218300827235,24.825374410840613,US500_x100,margin_50,500,3
2026-05,-22.35219132853581,6,23,879.1639121490489,901.5161034775847,-2.479400117459086,US500_x100,margin_50,500,3
2026-06,-46.8017042737838,2,14,832.3622078752651,879.1639121490489,-5.323433278713706,US500_x100,margin_50,500,3
2026-07,0.984407145220757,1,22,833.3466150204858,832.3622078752651,0.11826667956653274,US500_x100,margin_50,500,3
2026-08,319.4577577749788,14,18,1152.8043727954646,833.3466150204858,38.33431995966357,US500_x100,margin_50,500,3
2024-01,125.17209870817078,24,29,625.1720987081708,500.0,25.034419741634157,US500_x100,margin_50,500,4
2024-02,32.60144944218335,17,19,657.7735481503541,625.1720987081708,5.214795975308176,US500_x100,margin_50,500,4
2024-03,-72.76407595225828,17,20,585.0094721980959,657.7735481503541,-11.062177273146569,US500_x100,margin_50,500,4
2024-04,58.841006259706774,5,18,643.8504784578026,585.0094721980959,10.05812880920021,US500_x100,margin_50,500,4
2024-05,72.74142371502239,16,20,716.591902172825,643.8504784578026,11.297875228617976,US500_x100,margin_50,500,4
2024-06,12.276393601562624,20,23,728.8682957743877,716.591902172825,1.713163875329678,US500_x100,margin_50,500,4
2024-07,-168.40422816142384,18,35,560.4640676129638,728.8682957743877,-23.10489139639452,US500_x100,margin_50,500,4
2024-08,30.668223971128093,4,27,591.132291584092,560.4640676129638,5.4719340174197315,US500_x100,margin_50,500,4
2024-09,17.646519132173125,6,18,608.7788107162651,591.132291584092,2.985206422218064,US500_x100,margin_50,500,4
2024-10,67.17576466009902,16,22,675.9545753763641,608.7788107162651,11.034510971408922,US500_x100,margin_50,500,4
2024-11,-46.89113184061442,7,18,629.0634435357497,675.9545753763641,-6.937024106169554,US500_x100,margin_50,500,4
2024-12,52.21414285088214,7,16,681.2775863866318,629.0634435357497,8.300298386026753,US500_x100,margin_50,500,4
2025-01,-59.86295330940084,6,17,621.414633077231,681.2775863866318,-8.78686669069838,US500_x100,margin_50,500,4
2025-02,-59.61118102117507,6,18,561.8034520560559,621.414633077231,-9.59281900491816,US500_x100,margin_50,500,4
2025-03,-18.270668442063652,1,31,543.5327836139923,561.8034520560559,-3.252145990772701,US500_x100,margin_50,500,4
2025-04,0.0,0,22,543.5327836139923,543.5327836139923,0.0,US500_x100,margin_50,500,4
2025-05,44.587404251040425,3,21,588.1201878650327,543.5327836139923,8.203259416032878,US500_x100,margin_50,500,4
2025-06,-101.55413011559995,5,27,486.5660577494327,588.1201878650327,-17.267581050780993,US500_x100,margin_50,500,4
2025-07,127.54736703887103,9,20,614.1134247883037,486.5660577494327,26.213782282477705,US500_x100,margin_50,500,4
2025-08,-139.87165329280379,7,25,474.2417714954999,614.1134247883037,-22.7761920920423,US500_x100,margin_50,500,4
2025-09,-11.600410786578323,3,19,462.6413607089216,474.2417714954999,-2.4460963761157,US500_x100,margin_50,500,4
2025-10,-16.47558967646546,4,25,446.1657710324561,462.6413607089216,-3.5612011972339297,US500_x100,margin_50,500,4
2025-11,0.0,0,16,446.1657710324561,446.1657710324561,0.0,US500_x100,margin_50,500,4
2025-12,-39.636085125092904,4,24,406.5296859073632,446.1657710324561,-8.883712668807487,US500_x100,margin_50,500,4
2026-01,0.0,0,23,406.5296859073632,406.5296859073632,0.0,US500_x100,margin_50,500,4
2026-02,0.0,0,16,406.5296859073632,406.5296859073632,0.0,US500_x100,margin_50,500,4
2026-03,0.0,0,20,406.5296859073632,406.5296859073632,0.0,US500_x100,margin_50,500,4
2026-04,0.0,0,22,406.5296859073632,406.5296859073632,0.0,US500_x100,margin_50,500,4
2026-05,0.0,0,23,406.5296859073632,406.5296859073632,0.0,US500_x100,margin_50,500,4
2026-06,0.0,0,14,406.5296859073632,406.5296859073632,0.0,US500_x100,margin_50,500,4
2026-07,0.0,0,22,406.5296859073632,406.5296859073632,0.0,US500_x100,margin_50,500,4
2026-08,0.0,0,18,406.5296859073632,406.5296859073632,0.0,US500_x100,margin_50,500,4
2024-01,-25.23823094988073,20,29,474.76176905011926,500.0,-5.047646189976146,US500_x100,margin_50,500,5
2024-02,28.994439843284454,12,19,503.7562088934037,474.76176905011926,6.107155574319969,US500_x100,margin_50,500,5
2024-03,-103.98353137403683,9,20,399.7726775193669,503.7562088934037,-20.641637668835173,US500_x100,margin_50,500,5
2024-04,85.09381217228929,3,18,484.86648969165617,399.7726775193669,21.28554975300105,US500_x100,margin_50,500,5
2024-05,68.72232688019358,11,20,553.5888165718497,484.86648969165617,14.173453587996265,US500_x100,margin_50,500,5
2024-06,-21.908717572563546,13,23,531.6800989992862,553.5888165718497,-3.9575795096865067,US500_x100,margin_50,500,5
2024-07,-122.21267879293374,14,35,409.4674202063525,531.6800989992862,-22.98613000993626,US500_x100,margin_50,500,5
2024-08,36.00818297510613,4,27,445.4756031814586,409.4674202063525,8.793906718380596,US500_x100,margin_50,500,5
2024-09,-38.89977227510553,2,18,406.5758309063531,445.4756031814586,-8.732189147350505,US500_x100,margin_50,500,5
2024-10,29.799513056069358,5,22,436.37534396242245,406.5758309063531,7.329386252409358,US500_x100,margin_50,500,5
2024-11,-17.30191743047726,1,18,419.0734265319452,436.37534396242245,-3.9649163661197093,US500_x100,margin_50,500,5
2024-12,86.12855421577025,4,16,505.2019807477154,419.0734265319452,20.552139258394337,US500_x100,margin_50,500,5
2025-01,-33.83806519657719,5,17,471.36391555113823,505.2019807477154,-6.697928053745107,US500_x100,margin_50,500,5
2025-02,-47.944853132557,4,18,423.41906241858123,471.36391555113823,-10.171515372893552,US500_x100,margin_50,500,5
2025-03,-18.270668442063652,1,31,405.1483939765176,423.41906241858123,-4.3150320955559005,US500_x100,margin_50,500,5
2025-04,0.0,0,22,405.1483939765176,405.1483939765176,0.0,US500_x100,margin_50,500,5
2025-05,30.477987068144103,2,21,435.6263810446617,405.1483939765176,7.522672561775133,US500_x100,margin_50,500,5
2025-06,-57.4964665950738,3,27,378.1299144495879,435.6263810446617,-13.198573157390827,US500_x100,margin_50,500,5
2025-07,42.33295706943045,5,20,420.46287151901834,378.1299144495879,11.195347273978838,US500_x100,margin_50,500,5
2025-08,-37.83375997249186,2,25,382.6291115465265,420.46287151901834,-8.998121483547108,US500_x100,margin_50,500,5
2025-09,0.0,0,19,382.6291115465265,382.6291115465265,0.0,US500_x100,margin_50,500,5
2025-10,0.0,0,25,382.6291115465265,382.6291115465265,0.0,US500_x100,margin_50,500,5
2025-11,0.0,0,16,382.6291115465265,382.6291115465265,0.0,US500_x100,margin_50,500,5
2025-12,0.0,0,24,382.6291115465265,382.6291115465265,0.0,US500_x100,margin_50,500,5
2026-01,0.0,0,23,382.6291115465265,382.6291115465265,0.0,US500_x100,margin_50,500,5
2026-02,0.0,0,16,382.6291115465265,382.6291115465265,0.0,US500_x100,margin_50,500,5
2026-03,0.0,0,20,382.6291115465265,382.6291115465265,0.0,US500_x100,margin_50,500,5
2026-04,0.0,0,22,382.6291115465265,382.6291115465265,0.0,US500_x100,margin_50,500,5
2026-05,0.0,0,23,382.6291115465265,382.6291115465265,0.0,US500_x100,margin_50,500,5
2026-06,0.0,0,14,382.6291115465265,382.6291115465265,0.0,US500_x100,margin_50,500,5
2026-07,0.0,0,22,382.6291115465265,382.6291115465265,0.0,US500_x100,margin_50,500,5
2026-08,0.0,0,18,382.6291115465265,382.6291115465265,0.0,US500_x100,margin_50,500,5
2024-01,0.0,0,29,1000.0,1000.0,0.0,US500_x100,margin_50,1000,1
2024-02,4.2210406699796295,1,19,1004.2210406699796,1000.0,0.422104066997963,US500_x100,margin_50,1000,1
2024-03,0.0,0,20,1004.2210406699796,1004.2210406699796,0.0,US500_x100,margin_50,1000,1
2024-04,0.0,0,18,1004.2210406699796,1004.2210406699796,0.0,US500_x100,margin_50,1000,1
2024-05,0.5180253222852114,1,20,1004.7390659922648,1004.2210406699796,0.051584790728902055,US500_x100,margin_50,1000,1
2024-06,33.40994347149535,1,23,1038.1490094637602,1004.7390659922648,3.3252358350872133,US500_x100,margin_50,1000,1
2024-07,-18.411709432371026,2,35,1019.7373000313892,1038.1490094637602,-1.7735131724376745,US500_x100,margin_50,1000,1
2024-08,0.0,0,27,1019.7373000313892,1019.7373000313892,0.0,US500_x100,margin_50,1000,1
2024-09,0.0,0,18,1019.7373000313892,1019.7373000313892,0.0,US500_x100,margin_50,1000,1
2024-10,0.0,0,22,1019.7373000313892,1019.7373000313892,0.0,US500_x100,margin_50,1000,1
2024-11,0.0,0,18,1019.7373000313892,1019.7373000313892,0.0,US500_x100,margin_50,1000,1
2024-12,-10.129870842575656,1,16,1009.6074291888135,1019.7373000313892,-0.9933804365363355,US500_x100,margin_50,1000,1
2025-01,0.0,0,17,1009.6074291888135,1009.6074291888135,0.0,US500_x100,margin_50,1000,1
2025-02,0.0,0,18,1009.6074291888135,1009.6074291888135,0.0,US500_x100,margin_50,1000,1
2025-03,0.0,0,31,1009.6074291888135,1009.6074291888135,0.0,US500_x100,margin_50,1000,1
2025-04,0.0,0,22,1009.6074291888135,1009.6074291888135,0.0,US500_x100,margin_50,1000,1
2025-05,0.0,0,21,1009.6074291888135,1009.6074291888135,0.0,US500_x100,margin_50,1000,1
2025-06,0.0,0,27,1009.6074291888135,1009.6074291888135,0.0,US500_x100,margin_50,1000,1
2025-07,0.0,0,20,1009.6074291888135,1009.6074291888135,0.0,US500_x100,margin_50,1000,1
2025-08,0.0,0,25,1009.6074291888135,1009.6074291888135,0.0,US500_x100,margin_50,1000,1
2025-09,0.0,0,19,1009.6074291888135,1009.6074291888135,0.0,US500_x100,margin_50,1000,1
2025-10,0.0,0,25,1009.6074291888135,1009.6074291888135,0.0,US500_x100,margin_50,1000,1
2025-11,0.0,0,16,1009.6074291888135,1009.6074291888135,0.0,US500_x100,margin_50,1000,1
2025-12,0.0,0,24,1009.6074291888135,1009.6074291888135,0.0,US500_x100,margin_50,1000,1
2026-01,0.0,0,23,1009.6074291888135,1009.6074291888135,0.0,US500_x100,margin_50,1000,1
2026-02,0.0,0,16,1009.6074291888135,1009.6074291888135,0.0,US500_x100,margin_50,1000,1
2026-03,0.0,0,20,1009.6074291888135,1009.6074291888135,0.0,US500_x100,margin_50,1000,1
2026-04,0.0,0,22,1009.6074291888135,1009.6074291888135,0.0,US500_x100,margin_50,1000,1
2026-05,0.0,0,23,1009.6074291888135,1009.6074291888135,0.0,US500_x100,margin_50,1000,1
2026-06,0.0,0,14,1009.6074291888135,1009.6074291888135,0.0,US500_x100,margin_50,1000,1
2026-07,0.0,0,22,1009.6074291888135,1009.6074291888135,0.0,US500_x100,margin_50,1000,1
2026-08,0.0,0,18,1009.6074291888135,1009.6074291888135,0.0,US500_x100,margin_50,1000,1
2024-01,164.58651714857388,23,29,1164.5865171485739,1000.0,16.458651714857385,US500_x100,margin_50,1000,2
2024-02,80.72082968240102,16,19,1245.307346830975,1164.5865171485739,6.931286640690426,US500_x100,margin_50,1000,2
2024-03,-47.907549447254496,15,20,1197.3997973837204,1245.307346830975,-3.8470462387593196,US500_x100,margin_50,1000,2
2024-04,84.83520280892117,4,18,1282.2350001926416,1197.3997973837204,7.084952160029033,US500_x100,margin_50,1000,2
2024-05,130.18373832421366,17,20,1412.4187385168552,1282.2350001926416,10.152876680534769,US500_x100,margin_50,1000,2
2024-06,412.9880533447222,22,23,1825.4067918615774,1412.4187385168552,29.23977444383033,US500_x100,margin_50,1000,2
2024-07,-317.830627521972,28,35,1507.5761643396054,1825.4067918615774,-17.41149583418847,US500_x100,margin_50,1000,2
2024-08,55.61671264751931,10,27,1563.1928769871247,1507.5761643396054,3.6891477832486324,US500_x100,margin_50,1000,2
2024-09,-27.141812346164443,11,18,1536.0510646409602,1563.1928769871247,-1.736306040395807,US500_x100,margin_50,1000,2
2024-10,129.73999658788028,20,22,1665.7910612288406,1536.0510646409602,8.446333561065952,US500_x100,margin_50,1000,2
2024-11,-47.52760503713944,13,18,1618.2634561917012,1665.7910612288406,-2.8531552451769495,US500_x100,margin_50,1000,2
2024-12,1.809914375031454,11,16,1620.0733705667326,1618.2634561917012,0.11184299862339903,US500_x100,margin_50,1000,2
2025-01,-68.66132755006674,8,17,1551.4120430166658,1620.0733705667326,-4.238161604128318,US500_x100,margin_50,1000,2
2025-02,-103.89885957754086,7,18,1447.513183439125,1551.4120430166658,-6.697051247295542,US500_x100,margin_50,1000,2
2025-03,83.42317873470802,6,31,1530.936362173833,1447.513183439125,5.763206835636836,US500_x100,margin_50,1000,2
2025-04,0.0,0,22,1530.936362173833,1530.936362173833,0.0,US500_x100,margin_50,1000,2
2025-05,91.15814297291854,9,21,1622.0945051467515,1530.936362173833,5.954404456334144,US500_x100,margin_50,1000,2
2025-06,-199.53019681570004,15,27,1422.5643083310515,1622.0945051467515,-12.30077508940507,US500_x100,margin_50,1000,2
2025-07,218.2398122549539,20,20,1640.8041205860054,1422.5643083310515,15.341296767876333,US500_x100,margin_50,1000,2
2025-08,-79.12400724176041,22,25,1561.680113344245,1640.8041205860054,-4.822270144805685,US500_x100,margin_50,1000,2
2025-09,529.398455353783,17,19,2091.078568698028,1561.680113344245,33.89928903046013,US500_x100,margin_50,1000,2
2025-10,90.02153465167794,21,25,2181.100103349706,2091.078568698028,4.30502880184594,US500_x100,margin_50,1000,2
2025-11,356.15819300362637,10,16,2537.2582963533323,2181.100103349706,16.329291464277276,US500_x100,margin_50,1000,2
2025-12,65.7493726560133,23,24,2603.0076690093456,2537.2582963533323,2.5913551155005154,US500_x100,margin_50,1000,2
2026-01,-222.4501442040992,23,23,2380.5575248052464,2603.0076690093456,-8.545888928892762,US500_x100,margin_50,1000,2
2026-02,327.6723639302273,12,16,2708.2298887354737,2380.5575248052464,13.764521987639606,US500_x100,margin_50,1000,2
2026-03,373.2405219217844,10,20,3081.470410657258,2708.2298887354737,13.781714893341562,US500_x100,margin_50,1000,2
2026-04,1215.8040313190058,22,22,4297.274441976264,3081.470410657258,39.45532065192482,US500_x100,margin_50,1000,2
2026-05,-588.5229346826909,23,23,3708.751507293573,4297.274441976264,-13.695260626920453,US500_x100,margin_50,1000,2
2026-06,-346.9172304368294,12,14,3361.8342768567436,3708.751507293573,-9.354016567424035,US500_x100,margin_50,1000,2
2026-07,-467.1800854659641,21,22,2894.6541913907795,3361.8342768567436,-13.896582847110755,US500_x100,margin_50,1000,2
2026-08,847.1323976175983,18,18,3741.7865890083776,2894.6541913907795,29.26540932375003,US500_x100,margin_50,1000,2
2024-01,141.4202701121349,29,29,1141.4202701121349,1000.0,14.14202701121349,US500_x100,margin_50,1000,3
2024-02,176.61652297682943,19,19,1318.0367930889643,1141.4202701121349,15.473399903742585,US500_x100,margin_50,1000,3
2024-03,-186.5650741864865,19,20,1131.4717189024777,1318.0367930889643,-14.154769818621734,US500_x100,margin_50,1000,3
2024-04,-48.644658851258086,14,18,1082.8270600512196,1131.4717189024777,-4.299237713024164,US500_x100,margin_50,1000,3
2024-05,86.69314897576987,19,20,1169.5202090269895,1082.8270600512196,8.006186045227679,US500_x100,margin_50,1000,3
2024-06,575.052951324551,22,23,1744.5731603515405,1169.5202090269895,49.16998841798383,US500_x100,margin_50,1000,3
2024-07,-319.9767487330228,32,35,1424.5964116185178,1744.5731603515405,-18.341262837526738,US500_x100,margin_50,1000,3
2024-08,23.241515309941875,17,27,1447.8379269284596,1424.5964116185178,1.6314455884060972,US500_x100,margin_50,1000,3
2024-09,-92.65794181533056,16,18,1355.179985113129,1447.8379269284596,-6.399745447468787,US500_x100,margin_50,1000,3
2024-10,102.10199892569919,22,22,1457.2819840388283,1355.179985113129,7.53420210210497,US500_x100,margin_50,1000,3
2024-11,-66.7498589073084,18,18,1390.53212513152,1457.2819840388283,-4.58043533361419,US500_x100,margin_50,1000,3
2024-12,-24.747705334073537,12,16,1365.7844197974464,1390.53212513152,-1.7797291329556906,US500_x100,margin_50,1000,3
2025-01,4.188052238293494,13,17,1369.9724720357399,1365.7844197974464,0.30664079759488,US500_x100,margin_50,1000,3
2025-02,-160.1530515406739,11,18,1209.819420495066,1369.9724720357399,-11.69023865878787,US500_x100,margin_50,1000,3
2025-03,76.54374856175764,8,31,1286.3631690568236,1209.819420495066,6.32687385117652,US500_x100,margin_50,1000,3
2025-04,-33.11092871438086,1,22,1253.2522403424427,1286.3631690568236,-2.573995393436068,US500_x100,margin_50,1000,3
2025-05,104.867731392118,16,21,1358.1199717345607,1253.2522403424427,8.36764763041346,US500_x100,margin_50,1000,3
2025-06,-268.94771335937185,23,27,1089.172258375189,1358.1199717345607,-19.802942225779788,US500_x100,margin_50,1000,3
2025-07,262.3822339273557,20,20,1351.5544923025445,1089.172258375189,24.09005847420073,US500_x100,margin_50,1000,3
2025-08,-77.53711119047694,24,25,1274.0173811120676,1351.5544923025445,-5.736883835026335,US500_x100,margin_50,1000,3
2025-09,635.6497461482641,19,19,1909.6671272603317,1274.0173811120676,49.89333391930779,US500_x100,margin_50,1000,3
2025-10,104.27697700545556,23,25,2013.9441042657872,1909.6671272603317,5.460479238340065,US500_x100,margin_50,1000,3
2025-11,611.5025917236972,15,16,2625.4466959894844,2013.9441042657872,30.36343414042414,US500_x100,margin_50,1000,3
2025-12,-218.25824173251107,23,24,2407.1884542569733,2625.4466959894844,-8.31318503117632,US500_x100,margin_50,1000,3
2026-01,-274.7753110859794,23,23,2132.413143170994,2407.1884542569733,-11.414781863050862,US500_x100,margin_50,1000,3
2026-02,277.9836136879695,16,16,2410.3967568589633,2132.413143170994,13.03610487387052,US500_x100,margin_50,1000,3
2026-03,451.34596043288366,18,20,2861.742717291847,2410.3967568589633,18.724965470873006,US500_x100,margin_50,1000,3
2026-04,1741.8654037377792,22,22,4603.608121029626,2861.742717291847,60.86729576396577,US500_x100,margin_50,1000,3
2026-05,-986.6262954647091,23,23,3616.981825564917,4603.608121029626,-21.431587344668333,US500_x100,margin_50,1000,3
2026-06,-561.1386934344546,14,14,3055.8431321304624,3616.981825564917,-15.514003677549951,US500_x100,margin_50,1000,3
2026-07,-611.9495404181818,21,22,2443.893591712281,3055.8431321304624,-20.025554780082732,US500_x100,margin_50,1000,3
2026-08,1036.0127359772662,18,18,3479.9063276895467,2443.893591712281,42.39189216300526,US500_x100,margin_50,1000,3
2024-01,165.43257475313752,28,29,1165.4325747531375,1000.0,16.54325747531375,US500_x100,margin_50,1000,4
2024-02,105.41913212798133,17,19,1270.8517068811188,1165.4325747531375,9.045493871690628,US500_x100,margin_50,1000,4
2024-03,-183.82116776192746,19,20,1087.0305391191914,1270.8517068811188,-14.464407355052867,US500_x100,margin_50,1000,4
2024-04,-137.2290585634737,16,18,949.8014805557177,1087.0305391191914,-12.624213729512041,US500_x100,margin_50,1000,4
2024-05,-15.17925811381972,17,20,934.622222441898,949.8014805557177,-1.5981506056337704,US500_x100,margin_50,1000,4
2024-06,596.3966324322064,22,23,1531.0188548741044,934.622222441898,63.811518505733176,US500_x100,margin_50,1000,4
2024-07,-299.6545803542541,31,35,1231.3642745198504,1531.0188548741044,-19.572233183169693,US500_x100,margin_50,1000,4
2024-08,18.9386861269968,18,27,1250.3029606468472,1231.3642745198504,1.5380246543519074,US500_x100,margin_50,1000,4
2024-09,-56.44430800828468,18,18,1193.8586526385625,1250.3029606468472,-4.514450479992712,US500_x100,margin_50,1000,4
2024-10,-64.29002647090698,20,22,1129.5686261676553,1193.8586526385625,-5.385061818567781,US500_x100,margin_50,1000,4
2024-11,5.369178302727057,16,18,1134.9378044703824,1129.5686261676553,0.47532997804155913,US500_x100,margin_50,1000,4
2024-12,-101.02831258845978,12,16,1033.9094918819226,1134.9378044703824,-8.901660706914644,US500_x100,margin_50,1000,4
2025-01,-30.11869483506962,14,17,1003.7907970468531,1033.9094918819226,-2.913088144712508,US500_x100,margin_50,1000,4
2025-02,-180.9585753802903,10,18,822.8322216665628,1003.7907970468531,-18.027518872724222,US500_x100,margin_50,1000,4
2025-03,68.49159898534799,8,31,891.3238206519108,822.8322216665628,8.323883919692065,US500_x100,margin_50,1000,4
2025-04,-33.11092871438086,1,22,858.2128919375299,891.3238206519108,-3.7148035256326546,US500_x100,margin_50,1000,4
2025-05,123.96666122843726,15,21,982.1795531659671,858.2128919375299,14.444744700649512,US500_x100,margin_50,1000,4
2025-06,-242.87081778831998,23,27,739.3087353776472,982.1795531659671,-24.727741175780725,US500_x100,margin_50,1000,4
2025-07,310.2208409387386,17,20,1049.5295763163858,739.3087353776472,41.96093270564081,US500_x100,margin_50,1000,4
2025-08,-56.806293917023154,23,25,992.7232823993626,1049.5295763163858,-5.412548173859049,US500_x100,margin_50,1000,4
2025-09,373.10283715629345,17,19,1365.826119555656,992.7232823993626,37.58377019772545,US500_x100,margin_50,1000,4
2025-10,127.09040303831804,21,25,1492.9165225939742,1365.826119555656,9.305020691774759,US500_x100,margin_50,1000,4
2025-11,665.7055509197398,15,16,2158.622073513714,1492.9165225939742,44.59094268466279,US500_x100,margin_50,1000,4
2025-12,17.090049336897266,19,24,2175.712122850611,2158.622073513714,0.7917110431970523,US500_x100,margin_50,1000,4
2026-01,-278.4541317631574,22,23,1897.2579910874538,2175.712122850611,-12.798298489890641,US500_x100,margin_50,1000,4
2026-02,299.7059450075322,16,16,2196.963936094986,1897.2579910874538,15.796794448379122,US500_x100,margin_50,1000,4
2026-03,287.5172437814217,20,20,2484.4811798764076,2196.963936094986,13.087026102598296,US500_x100,margin_50,1000,4
2026-04,1213.067691908831,21,22,3697.5488717852386,2484.4811798764076,48.82579516940338,US500_x100,margin_50,1000,4
2026-05,-1002.7752236191509,23,23,2694.7736481660877,3697.5488717852386,-27.11999917759016,US500_x100,margin_50,1000,4
2026-06,-531.1603472404868,14,14,2163.613300925601,2694.7736481660877,-19.710759291488724,US500_x100,margin_50,1000,4
2026-07,-587.4108917363702,21,22,1576.2024091892308,2163.613300925601,-27.149532288652225,US500_x100,margin_50,1000,4
2026-08,1000.8110745932383,17,18,2577.013483782469,1576.2024091892308,63.495085958410435,US500_x100,margin_50,1000,4
2024-01,-145.82939148199236,24,29,854.1706085180076,1000.0,-14.582939148199237,US500_x100,margin_50,1000,5
2024-02,256.24877624996043,13,19,1110.419384767968,854.1706085180076,29.999718287492232,US500_x100,margin_50,1000,5
2024-03,-255.2919130939108,15,20,855.1274716740572,1110.419384767968,-22.990585052444516,US500_x100,margin_50,1000,5
2024-04,-137.8097607323498,16,18,717.3177109417074,855.1274716740572,-16.11569798623868,US500_x100,margin_50,1000,5
2024-05,20.437013755456967,14,20,737.7547246971644,717.3177109417074,2.849088129808881,US500_x100,margin_50,1000,5
2024-06,386.57085181120965,16,23,1124.325576508374,737.7547246971644,52.39828887166942,US500_x100,margin_50,1000,5
2024-07,-312.68591399681566,30,35,811.6396625115584,1124.325576508374,-27.810975800076605,US500_x100,margin_50,1000,5
2024-08,99.82028372297101,15,27,911.4599462345294,811.6396625115584,12.29859608068987,US500_x100,margin_50,1000,5
2024-09,-99.9187096566802,17,18,811.5412365778492,911.4599462345294,-10.962490460438724,US500_x100,margin_50,1000,5
2024-10,-127.14753921940518,17,22,684.3936973584441,811.5412365778492,-15.667415713287443,US500_x100,margin_50,1000,5
2024-11,131.96610835799314,12,18,816.3598057164372,684.3936973584441,19.282192233409372,US500_x100,margin_50,1000,5
2024-12,-19.383520016719523,7,16,796.9762856997177,816.3598057164372,-2.3743844173842623,US500_x100,margin_50,1000,5
2025-01,20.16246575090281,11,17,817.1387514506205,796.9762856997177,2.529870224833712,US500_x100,margin_50,1000,5
2025-02,-174.3838915481092,8,18,642.7548599025113,817.1387514506205,-21.3407932543323,US500_x100,margin_50,1000,5
2025-03,65.01810692508298,8,31,707.7729668275942,642.7548599025113,10.115537194840423,US500_x100,margin_50,1000,5
2025-04,-33.11092871438086,1,22,674.6620381132134,707.7729668275942,-4.678184992398321,US500_x100,margin_50,1000,5
2025-05,147.80710361079764,14,21,822.469141724011,674.6620381132134,21.908317833349695,US500_x100,margin_50,1000,5
2025-06,-267.72397001424724,18,27,554.7451717097638,822.469141724011,-32.55124799613274,US500_x100,margin_50,1000,5
2025-07,87.82728460616818,14,20,642.572456315932,554.7451717097638,15.83200523142514,US500_x100,margin_50,1000,5
2025-08,-201.8335766598566,14,25,440.73887965607537,642.572456315932,-31.410244039564244,US500_x100,margin_50,1000,5
2025-09,-40.585601999719074,2,19,400.1532776563563,440.73887965607537,-9.20853681694465,US500_x100,margin_50,1000,5
2025-10,0.0,0,25,400.1532776563563,400.1532776563563,0.0,US500_x100,margin_50,1000,5
2025-11,0.0,0,16,400.1532776563563,400.1532776563563,0.0,US500_x100,margin_50,1000,5
2025-12,0.0,0,24,400.1532776563563,400.1532776563563,0.0,US500_x100,margin_50,1000,5
2026-01,0.0,0,23,400.1532776563563,400.1532776563563,0.0,US500_x100,margin_50,1000,5
2026-02,0.0,0,16,400.1532776563563,400.1532776563563,0.0,US500_x100,margin_50,1000,5
2026-03,0.0,0,20,400.1532776563563,400.1532776563563,0.0,US500_x100,margin_50,1000,5
2026-04,0.0,0,22,400.1532776563563,400.1532776563563,0.0,US500_x100,margin_50,1000,5
2026-05,0.0,0,23,400.1532776563563,400.1532776563563,0.0,US500_x100,margin_50,1000,5
2026-06,0.0,0,14,400.1532776563563,400.1532776563563,0.0,US500_x100,margin_50,1000,5
2026-07,0.0,0,22,400.1532776563563,400.1532776563563,0.0,US500_x100,margin_50,1000,5
2026-08,0.0,0,18,400.1532776563563,400.1532776563563,0.0,US500_x100,margin_50,1000,5
2024-01,151.77957378527123,29,29,3151.779573785271,3000.0,5.059319126175708,US500_x100,margin_50,3000,1
2024-02,90.37115130012806,18,19,3242.1507250853992,3151.779573785271,2.86730557085224,US500_x100,margin_50,3000,1
2024-03,-148.74565512479603,19,20,3093.405069960603,3242.1507250853992,-4.58786983510392,US500_x100,margin_50,3000,1
2024-04,-3.1678883649392304,11,18,3090.237181595664,3093.405069960603,-0.10240780930056391,US500_x100,margin_50,3000,1
2024-05,88.44860722576962,19,20,3178.6857888214336,3090.237181595664,2.8621947775574497,US500_x100,margin_50,3000,1
2024-06,687.7278662528588,23,23,3866.4136550742924,3178.6857888214336,21.63560389238248,US500_x100,margin_50,3000,1
2024-07,-282.985132698972,33,35,3583.4285223753204,3866.4136550742924,-7.319059933682509,US500_x100,margin_50,3000,1
2024-08,140.8201346445967,14,27,3724.248657019917,3583.4285223753204,3.929759830991475,US500_x100,margin_50,3000,1
2024-09,-12.721913997364936,14,18,3711.526743022552,3724.248657019917,-0.34159679358103884,US500_x100,margin_50,3000,1
2024-10,95.5076282651989,22,22,3807.034371287751,3711.526743022552,2.5732706478472105,US500_x100,margin_50,3000,1
2024-11,-90.15806713891014,16,18,3716.876304148841,3807.034371287751,-2.368196825825181,US500_x100,margin_50,3000,1
2024-12,0.2900083343147628,11,16,3717.1663124831557,3716.876304148841,0.007802474728337085,US500_x100,margin_50,3000,1
2025-01,61.48894615438712,12,17,3778.655258637543,3717.1663124831557,1.654188728330292,US500_x100,margin_50,3000,1
2025-02,-123.17383262237126,10,18,3655.4814260151716,3778.655258637543,-3.259726653835673,US500_x100,margin_50,3000,1
2025-03,120.80454901048779,8,31,3776.2859750256594,3655.4814260151716,3.3047507272435093,US500_x100,margin_50,3000,1
2025-04,-33.11092871438086,1,22,3743.1750463112785,3776.2859750256594,-0.8768120034700464,US500_x100,margin_50,3000,1
2025-05,128.71709743818428,16,21,3871.892143749463,3743.1750463112785,3.438714349333699,US500_x100,margin_50,3000,1
2025-06,-298.9579523448265,24,27,3572.9341914046363,3871.892143749463,-7.7212365749248795,US500_x100,margin_50,3000,1
2025-07,285.41049842688886,20,20,3858.344689831525,3572.9341914046363,7.988126372814181,US500_x100,margin_50,3000,1
2025-08,-47.02572560689987,24,25,3811.3189642246252,3858.344689831525,-1.2188057155918137,US500_x100,margin_50,3000,1
2025-09,573.1076640856545,19,19,4384.42662831028,3811.3189642246252,15.03699032973084,US500_x100,margin_50,3000,1
2025-10,70.37172644891416,21,25,4454.798354759194,4384.42662831028,1.605038296102923,US500_x100,margin_50,3000,1
2025-11,356.15819300362637,10,16,4810.95654776282,4454.798354759194,7.994934105673536,US500_x100,margin_50,3000,1
2025-12,50.65630560762753,23,24,4861.612853370448,4810.95654776282,1.052936253003233,US500_x100,margin_50,3000,1
2026-01,-202.0657670087603,23,23,4659.547086361687,4861.612853370448,-4.1563524925410835,US500_x100,margin_50,3000,1
2026-02,192.07708366080266,11,16,4851.62417002249,4659.547086361687,4.122226476109766,US500_x100,margin_50,3000,1
2026-03,309.69545303081213,8,20,5161.319623053302,4851.62417002249,6.383335604278197,US500_x100,margin_50,3000,1
2026-04,941.279281343599,22,22,6102.598904396901,5161.319623053302,18.237182544156465,US500_x100,margin_50,3000,1
2026-05,-382.0786571346098,22,23,5720.520247262291,6102.598904396901,-6.260917080087361,US500_x100,margin_50,3000,1
2026-06,-206.74276311969973,7,14,5513.777484142592,5720.520247262291,-3.614055263918383,US500_x100,margin_50,3000,1
2026-07,-376.31955799858315,21,22,5137.4579261440085,5513.777484142592,-6.8250769836262615,US500_x100,margin_50,3000,1
2026-08,717.5254011063728,17,18,5854.983327250381,5137.4579261440085,13.96654554492715,US500_x100,margin_50,3000,1
2024-01,289.69161905989495,29,29,3289.691619059895,3000.0,9.656387301996498,US500_x100,margin_50,3000,2
2024-02,350.4838001328244,19,19,3640.1754191927193,3289.691619059895,10.654001673049926,US500_x100,margin_50,3000,2
2024-03,-316.3296703460946,20,20,3323.8457488466247,3640.1754191927193,-8.689956771815325,US500_x100,margin_50,3000,2
2024-04,-103.19693063847168,18,18,3220.648818208153,3323.8457488466247,-3.1047448779559352,US500_x100,margin_50,3000,2
2024-05,146.04998508554854,20,20,3366.6988032937015,3220.648818208153,4.534800076923793,US500_x100,margin_50,3000,2
2024-06,1430.5484114416513,23,23,4797.247214735353,3366.6988032937015,42.4911313730269,US500_x100,margin_50,3000,2
2024-07,-768.9478439941005,35,35,4028.2993707412525,4797.247214735353,-16.028939297357443,US500_x100,margin_50,3000,2
2024-08,389.72965124238465,26,27,4418.029021983637,4028.2993707412525,9.67479363805749,US500_x100,margin_50,3000,2
2024-09,-47.71200350143042,18,18,4370.317018482207,4418.029021983637,-1.0799386618788744,US500_x100,margin_50,3000,2
2024-10,194.4108290354233,22,22,4564.72784751763,4370.317018482207,4.448437681139694,US500_x100,margin_50,3000,2
2024-11,-65.96028653706247,18,18,4498.767560980567,4564.72784751763,-1.4449993239560317,US500_x100,margin_50,3000,2
2024-12,-362.2103215647448,16,16,4136.557239415823,4498.767560980567,-8.051323315886009,US500_x100,margin_50,3000,2
2025-01,-32.88275984849585,17,17,4103.674479567327,4136.557239415823,-0.7949306136795935,US500_x100,margin_50,3000,2
2025-02,-485.81388549886105,18,18,3617.8605940684656,4103.674479567327,-11.838509314464025,US500_x100,margin_50,3000,2
2025-03,16.972258459047296,27,31,3634.832852527513,3617.8605940684656,0.46912416931911527,US500_x100,margin_50,3000,2
2025-04,350.7998093399765,9,22,3985.6326618674893,3634.832852527513,9.651057519633806,US500_x100,margin_50,3000,2
2025-05,43.34866407358818,21,21,4028.9813259410776,3985.6326618674893,1.0876231642801957,US500_x100,margin_50,3000,2
2025-06,-584.5941166639059,27,27,3444.3872092771717,4028.9813259410776,-14.50972514813923,US500_x100,margin_50,3000,2
2025-07,573.8042243508035,20,20,4018.191433627975,3444.3872092771717,16.65910913863892,US500_x100,margin_50,3000,2
2025-08,-211.06328931741245,25,25,3807.1281443105627,4018.191433627975,-5.252693725615906,US500_x100,margin_50,3000,2
2025-09,1188.1535513851004,19,19,4995.281695695663,3807.1281443105627,31.208656665804575,US500_x100,margin_50,3000,2
2025-10,389.83508853839976,25,25,5385.116784234063,4995.281695695663,7.804066162561224,US500_x100,margin_50,3000,2
2025-11,1127.9739081349444,16,16,6513.090692369007,5385.116784234063,20.946136422469035,US500_x100,margin_50,3000,2
2025-12,1.7389108188118314,24,24,6514.829603187819,6513.090692369007,0.026698704208882082,US500_x100,margin_50,3000,2
2026-01,-549.4685849177658,23,23,5965.361018270053,6514.829603187819,-8.43412058926148,US500_x100,margin_50,3000,2
2026-02,462.875153294842,16,16,6428.236171564895,5965.361018270053,7.759382070543573,US500_x100,margin_50,3000,2
2026-03,514.5100817617049,20,20,6942.7462533266,6428.236171564895,8.003907573241078,US500_x100,margin_50,3000,2
2026-04,2728.68830273413,22,22,9671.434556060729,6942.7462533266,39.30272262833581,US500_x100,margin_50,3000,2
2026-05,-1401.178426601704,23,23,8270.256129459027,9671.434556060729,-14.487803422333426,US500_x100,margin_50,3000,2
2026-06,-822.1333196244905,14,14,7448.1228098345355,8270.256129459027,-9.94084471817039,US500_x100,margin_50,3000,2
2026-07,-1119.615621943689,22,22,6328.507187890847,7448.1228098345355,-15.032185297285153,US500_x100,margin_50,3000,2
2026-08,1939.1670905797403,18,18,8267.674278470586,6328.507187890847,30.641777484115057,US500_x100,margin_50,3000,2
2024-01,393.362990634486,29,29,3393.362990634486,3000.0,13.112099687816201,US500_x100,margin_50,3000,3
2024-02,507.20849028704646,19,19,3900.5714809215324,3393.362990634486,14.947074382755893,US500_x100,margin_50,3000,3
2024-03,-510.3707141749537,20,20,3390.2007667465787,3900.5714809215324,-13.08451124844854,US500_x100,margin_50,3000,3
2024-04,-189.09786320944656,18,18,3201.102903537132,3390.2007667465787,-5.577777725267733,US500_x100,margin_50,3000,3
2024-05,210.9013007308185,19,20,3412.0042042679506,3201.102903537132,6.588394909072691,US500_x100,margin_50,3000,3
2024-06,1760.4444442868125,22,23,5172.448648554763,3412.0042042679506,51.59561181327788,US500_x100,margin_50,3000,3
2024-07,-1009.1420817865184,33,35,4163.306566768245,5172.448648554763,-19.50994877577921,US500_x100,margin_50,3000,3
2024-08,437.32210528936423,27,27,4600.628672057609,4163.306566768245,10.50420136677166,US500_x100,margin_50,3000,3
2024-09,-104.53505283794306,18,18,4496.093619219666,4600.628672057609,-2.272190613270909,US500_x100,margin_50,3000,3
2024-10,308.87371539559246,22,22,4804.967334615259,4496.093619219666,6.869823930605786,US500_x100,margin_50,3000,3
2024-11,-131.6920879383778,18,18,4673.275246676881,4804.967334615259,-2.7407488702297824,US500_x100,margin_50,3000,3
2024-12,-376.9055498952638,14,16,4296.369696781617,4673.275246676881,-8.065126276550425,US500_x100,margin_50,3000,3
2025-01,-57.731279578306385,17,17,4238.63841720331,4296.369696781617,-1.3437223435765437,US500_x100,margin_50,3000,3
2025-02,-799.6100378339479,18,18,3439.0283793693625,4238.63841720331,-18.86478531852541,US500_x100,margin_50,3000,3
2025-03,-237.38853814443428,31,31,3201.639841224928,3439.0283793693625,-6.902779272439903,US500_x100,margin_50,3000,3
2025-04,697.6945898859121,13,22,3899.3344311108403,3201.639841224928,21.791788723461735,US500_x100,margin_50,3000,3
2025-05,13.774214167769003,21,21,3913.1086452786094,3899.3344311108403,0.3532452630344151,US500_x100,margin_50,3000,3
2025-06,-827.0892168870614,27,27,3086.019428391548,3913.1086452786094,-21.136372430778074,US500_x100,margin_50,3000,3
2025-07,813.102242370037,20,20,3899.121670761585,3086.019428391548,26.34793011636452,US500_x100,margin_50,3000,3
2025-08,-376.9916257669238,25,25,3522.130044994661,3899.121670761585,-9.668629440160274,US500_x100,margin_50,3000,3
2025-09,1760.6478980365418,19,19,5282.777943031203,3522.130044994661,49.98815703976117,US500_x100,margin_50,3000,3
2025-10,616.7903411394236,25,25,5899.568284170627,5282.777943031203,11.675492473672207,US500_x100,margin_50,3000,3
2025-11,2010.1471144364477,16,16,7909.715398607074,5899.568284170627,34.07278325483503,US500_x100,margin_50,3000,3
2025-12,-630.5097239571633,23,24,7279.205674649911,7909.715398607074,-7.971332623019508,US500_x100,margin_50,3000,3
2026-01,-953.3076917296203,23,23,6325.897982920291,7279.205674649911,-13.096314822502512,US500_x100,margin_50,3000,3
2026-02,735.2532522185022,16,16,7061.151235138793,6325.897982920291,11.622907201533456,US500_x100,margin_50,3000,3
2026-03,790.3504092150934,20,20,7851.501644353886,7061.151235138793,11.192939832275925,US500_x100,margin_50,3000,3
2026-04,4760.619539300869,22,22,12612.121183654755,7851.501644353886,60.633236225891785,US500_x100,margin_50,3000,3
2026-05,-2777.2124892293023,23,23,9834.908694425452,12612.121183654755,-22.02018557218238,US500_x100,margin_50,3000,3
2026-06,-1527.9904222288706,14,14,8306.918272196583,9834.908694425452,-15.536396622522325,US500_x100,margin_50,3000,3
2026-07,-1949.2729929692669,22,22,6357.645279227316,8306.918272196583,-23.46565752902038,US500_x100,margin_50,3000,3
2026-08,2896.3767936822987,18,18,9254.022072909615,6357.645279227316,45.557382749015424,US500_x100,margin_50,3000,3
2024-01,418.7068472631246,27,29,3418.7068472631245,3000.0,13.95689490877082,US500_x100,margin_50,3000,4
2024-02,337.01048482057007,17,19,3755.7173320836946,3418.7068472631245,9.857835137001194,US500_x100,margin_50,3000,4
2024-03,-403.91218529205526,18,20,3351.8051467916393,3755.7173320836946,-10.754594916970557,US500_x100,margin_50,3000,4
2024-04,-311.8233216143971,18,18,3039.981825177242,3351.8051467916393,-9.30314585598377,US500_x100,margin_50,3000,4
2024-05,-71.39309970797964,17,20,2968.5887254692625,3039.981825177242,-2.3484712677128314,US500_x100,margin_50,3000,4
2024-06,2100.1094962084526,22,23,5068.698221677715,2968.5887254692625,70.74437351965877,US500_x100,margin_50,3000,4
2024-07,-1180.5198523680958,32,35,3888.1783693096195,5068.698221677715,-23.29039529951241,US500_x100,margin_50,3000,4
2024-08,708.0882244927317,26,27,4596.266593802351,3888.1783693096195,18.211310213591332,US500_x100,margin_50,3000,4
2024-09,-182.09430016295116,18,18,4414.1722936394,4596.266593802351,-3.9617871689272515,US500_x100,margin_50,3000,4
2024-10,-229.40978325228127,20,22,4184.762510387119,4414.1722936394,-5.197118915880317,US500_x100,margin_50,3000,4
2024-11,-28.333434082930523,16,18,4156.429076304188,4184.762510387119,-0.6770619363130714,US500_x100,margin_50,3000,4
2024-12,-385.4812848898117,12,16,3770.9477914143763,4156.429076304188,-9.274338087168175,US500_x100,margin_50,3000,4
2025-01,-109.04529690552499,17,17,3661.9024945088513,3770.9477914143763,-2.8917212047803287,US500_x100,margin_50,3000,4
2025-02,-923.6426248855778,18,18,2738.2598696232735,3661.9024945088513,-25.223026180260444,US500_x100,margin_50,3000,4
2025-03,-285.21484410716585,31,31,2453.0450255161077,2738.2598696232735,-10.415915862156844,US500_x100,margin_50,3000,4
2025-04,647.4239321936757,13,22,3100.4689577097834,2453.0450255161077,26.39266403426334,US500_x100,margin_50,3000,4
2025-05,-45.76498850449394,21,21,3054.7039692052895,3100.4689577097834,-1.4760666572936458,US500_x100,margin_50,3000,4
2025-06,-874.3046905877536,26,27,2180.399278617536,3054.7039692052895,-28.621584919576097,US500_x100,margin_50,3000,4
2025-07,650.9240832966389,15,20,2831.3233619141747,2180.399278617536,29.853435087785936,US500_x100,margin_50,3000,4
2025-08,-308.3238917259705,24,25,2522.999470188204,2831.3233619141747,-10.889744911281408,US500_x100,margin_50,3000,4
2025-09,1211.8967185772653,16,19,3734.8961887654696,2522.999470188204,48.03396643150557,US500_x100,margin_50,3000,4
2025-10,680.3078411494226,23,25,4415.204029914892,3734.8961887654696,18.214906299023298,US500_x100,margin_50,3000,4
2025-11,2174.309067410347,16,16,6589.513097325239,4415.204029914892,49.24594769977729,US500_x100,margin_50,3000,4
2025-12,-184.80563105362285,19,24,6404.707466271616,6589.513097325239,-2.8045415241474765,US500_x100,margin_50,3000,4
2026-01,-936.6977659310613,22,23,5468.009700340554,6404.707466271616,-14.625145189907368,US500_x100,margin_50,3000,4
2026-02,805.8644494913866,16,16,6273.874149831941,5468.009700340554,14.737802119136628,US500_x100,margin_50,3000,4
2026-03,968.7047760529676,20,20,7242.578925884909,6273.874149831941,15.440296584191387,US500_x100,margin_50,3000,4
2026-04,3802.998881479017,21,22,11045.577807363927,7242.578925884909,52.50890491351271,US500_x100,margin_50,3000,4
2026-05,-3162.132540888483,23,23,7883.4452664754435,11045.577807363927,-28.628040977451946,US500_x100,margin_50,3000,4
2026-06,-1576.429324269815,14,14,6307.015942205629,7883.4452664754435,-19.9967053868392,US500_x100,margin_50,3000,4
2026-07,-1928.686782955141,22,22,4378.3291592504875,6307.015942205629,-30.5800207360925,US500_x100,margin_50,3000,4
2026-08,2848.4294687877123,17,18,7226.7586280382,4378.3291592504875,65.05745377251002,US500_x100,margin_50,3000,4
2024-01,-533.2666833072016,21,29,2466.7333166927983,3000.0,-17.77555611024005,US500_x100,margin_50,3000,5
2024-02,685.0488264458372,13,19,3151.7821431386355,2466.7333166927983,27.771499327065346,US500_x100,margin_50,3000,5
2024-03,-754.1708867247953,15,20,2397.6112564138402,3151.7821431386355,-23.928395189579003,US500_x100,margin_50,3000,5
2024-04,-666.0713979217562,16,18,1731.539858492084,2397.6112564138402,-27.780625242726536,US500_x100,margin_50,3000,5
2024-05,10.31324996326569,14,20,1741.8531084553497,1731.539858492084,0.595611467601272,US500_x100,margin_50,3000,5
2024-06,1014.1633671354075,16,23,2756.016475590757,1741.8531084553497,58.22324294812397,US500_x100,margin_50,3000,5
2024-07,-731.622885335518,29,35,2024.3935902552391,2756.016475590757,-26.546390118320808,US500_x100,margin_50,3000,5
2024-08,476.98662493258604,25,27,2501.3802151878253,2024.3935902552391,23.561950957987708,US500_x100,margin_50,3000,5
2024-09,-34.74887720177679,17,18,2466.6313379860485,2501.3802151878253,-1.389188136645094,US500_x100,margin_50,3000,5
2024-10,-419.9714953406046,18,22,2046.6598426454439,2466.6313379860485,-17.026115288209315,US500_x100,margin_50,3000,5
2024-11,270.1044535667407,13,18,2316.7642962121845,2046.6598426454439,13.197330007589963,US500_x100,margin_50,3000,5
2024-12,-214.51431296447748,9,16,2102.249983247707,2316.7642962121845,-9.259220427179393,US500_x100,margin_50,3000,5
2025-01,-65.93266689086795,15,17,2036.317316356839,2102.249983247707,-3.1362905180767524,US500_x100,margin_50,3000,5
2025-02,-550.6911641646693,16,18,1485.6261521921697,2036.317316356839,-27.043484811586588,US500_x100,margin_50,3000,5
2025-03,-68.29813533029026,28,31,1417.3280168618794,1485.6261521921697,-4.597262590558901,US500_x100,margin_50,3000,5
2025-04,280.25492070649216,9,22,1697.5829375683716,1417.3280168618794,19.77346932906946,US500_x100,margin_50,3000,5
2025-05,-21.61666456489918,21,21,1675.9662730034725,1697.5829375683716,-1.2733789958953656,US500_x100,margin_50,3000,5
2025-06,-579.2476370428649,26,27,1096.7186359606076,1675.9662730034725,-34.56201036819222,US500_x100,margin_50,3000,5
2025-07,144.99192096782375,13,20,1241.7105569284313,1096.7186359606076,13.220521309080011,US500_x100,margin_50,3000,5
2025-08,-88.45926941906691,22,25,1153.2512875093644,1241.7105569284313,-7.123984645655666,US500_x100,margin_50,3000,5
2025-09,728.0092734872642,15,19,1881.2605609966286,1153.2512875093644,63.12668204858629,US500_x100,margin_50,3000,5
2025-10,475.97982034382585,21,25,2357.2403813404544,1881.2605609966286,25.301110872789877,US500_x100,margin_50,3000,5
2025-11,1482.598710679702,16,16,3839.8390920201564,2357.2403813404544,62.89552488646135,US500_x100,margin_50,3000,5
2025-12,-327.9789192723538,16,24,3511.8601727478026,3839.8390920201564,-8.541475603859292,US500_x100,margin_50,3000,5
2026-01,-504.7713747499638,17,23,3007.088797997839,3511.8601727478026,-14.373333501914825,US500_x100,margin_50,3000,5
2026-02,574.9235137646158,16,16,3582.0123117624544,3007.088797997839,19.11894035677988,US500_x100,margin_50,3000,5
2026-03,580.3895416789319,20,20,4162.401853441386,3582.0123117624544,16.20289075425772,US500_x100,margin_50,3000,5
2026-04,1148.1171826484137,20,22,5310.5190360898005,4162.401853441386,27.58304515214394,US500_x100,margin_50,3000,5
2026-05,-1462.9155176629101,21,23,3847.6035184268903,5310.5190360898005,-27.54750538922976,US500_x100,margin_50,3000,5
2026-06,-805.1071379440673,13,14,3042.496380482823,3847.6035184268903,-20.92489868273223,US500_x100,margin_50,3000,5
2026-07,-1084.5013867140851,22,22,1957.994993768738,3042.496380482823,-35.6451167426527,US500_x100,margin_50,3000,5
2026-08,-357.7780596587545,11,18,1600.2169341099834,1957.994993768738,-18.272674894336948,US500_x100,margin_50,3000,5
