available_at,close,ema,slope,regime
2022-01-03 00:00:00+00:00,4786.65,,,unavailable
2022-01-04 00:00:00+00:00,4794.37,,,unavailable
2022-01-05 00:00:00+00:00,4789.41,,,unavailable
2022-01-06 00:00:00+00:00,4708.67,,,unavailable
2022-01-07 00:00:00+00:00,4708.62,,,unavailable
2022-01-08 00:00:00+00:00,4680.9,,,unavailable
2022-01-10 00:00:00+00:00,4667.11,,,unavailable
2022-01-11 00:00:00+00:00,4674.63,,,unavailable
2022-01-12 00:00:00+00:00,4713.76,,,unavailable
2022-01-13 00:00:00+00:00,4726.12,,,unavailable
2022-01-14 00:00:00+00:00,4664.02,,,unavailable
2022-01-15 00:00:00+00:00,4665.43,,,unavailable
2022-01-17 00:00:00+00:00,4665.34,,,unavailable
2022-01-18 00:00:00+00:00,4665.57,,,unavailable
2022-01-19 00:00:00+00:00,4576.91,,,unavailable
2022-01-20 00:00:00+00:00,4524.28,,,unavailable
2022-01-21 00:00:00+00:00,4470.52,,,unavailable
2022-01-22 00:00:00+00:00,4412.45,,,unavailable
2022-01-24 00:00:00+00:00,4422.76,,,unavailable
2022-01-25 00:00:00+00:00,4409.86,,,unavailable
2022-01-26 00:00:00+00:00,4365.75,,,unavailable
2022-01-27 00:00:00+00:00,4373.92,,,unavailable
2022-01-28 00:00:00+00:00,4343.03,,,unavailable
2022-01-29 00:00:00+00:00,4427.89,,,unavailable
2022-01-31 00:00:00+00:00,4419.82,,,unavailable
2022-02-01 00:00:00+00:00,4500.62,,,unavailable
2022-02-02 00:00:00+00:00,4558.61,,,unavailable
2022-02-03 00:00:00+00:00,4538.3,,,unavailable
2022-02-04 00:00:00+00:00,4525.1,,,unavailable
2022-02-05 00:00:00+00:00,4502.81,,,unavailable
2022-02-07 00:00:00+00:00,4504.83,,,unavailable
2022-02-08 00:00:00+00:00,4493.03,,,unavailable
2022-02-09 00:00:00+00:00,4530.61,,,unavailable
2022-02-10 00:00:00+00:00,4586.12,,,unavailable
2022-02-11 00:00:00+00:00,4491.27,,,unavailable
2022-02-12 00:00:00+00:00,4422.39,,,unavailable
2022-02-14 00:00:00+00:00,4423.82,,,unavailable
2022-02-15 00:00:00+00:00,4408.62,,,unavailable
2022-02-16 00:00:00+00:00,4457.77,,,unavailable
2022-02-17 00:00:00+00:00,4466.13,,,unavailable
2022-02-18 00:00:00+00:00,4382.63,,,unavailable
2022-02-19 00:00:00+00:00,4348.02,,,unavailable
2022-02-21 00:00:00+00:00,4326.32,,,unavailable
2022-02-22 00:00:00+00:00,4275.62,,,unavailable
2022-02-23 00:00:00+00:00,4328.0,,,unavailable
2022-02-24 00:00:00+00:00,4221.62,,,unavailable
2022-02-25 00:00:00+00:00,4264.25,,,unavailable
2022-02-26 00:00:00+00:00,4381.61,,,unavailable
2022-02-28 00:00:00+00:00,4287.65,,,unavailable
2022-03-01 00:00:00+00:00,4380.93,,,unavailable
2022-03-02 00:00:00+00:00,4320.37,,,unavailable
2022-03-03 00:00:00+00:00,4377.66,,,unavailable
2022-03-04 00:00:00+00:00,4374.29,,,unavailable
2022-03-05 00:00:00+00:00,4329.46,,,unavailable
2022-03-07 00:00:00+00:00,4272.16,,,unavailable
2022-03-08 00:00:00+00:00,4188.67,,,unavailable
2022-03-09 00:00:00+00:00,4171.49,,,unavailable
2022-03-10 00:00:00+00:00,4277.62,,,unavailable
2022-03-11 00:00:00+00:00,4265.65,,,unavailable
2022-03-12 00:00:00+00:00,4205.48,,,unavailable
2022-03-14 00:00:00+00:00,4233.48,,,unavailable
2022-03-15 00:00:00+00:00,4182.83,,,unavailable
2022-03-16 00:00:00+00:00,4258.29,,,unavailable
2022-03-17 00:00:00+00:00,4366.3,,,unavailable
2022-03-18 00:00:00+00:00,4389.02,,,unavailable
2022-03-19 00:00:00+00:00,4459.96,,,unavailable
2022-03-21 00:00:00+00:00,4461.22,,,unavailable
2022-03-22 00:00:00+00:00,4454.48,,,unavailable
2022-03-23 00:00:00+00:00,4518.76,,,unavailable
2022-03-24 00:00:00+00:00,4461.18,,,unavailable
2022-03-25 00:00:00+00:00,4518.78,,,unavailable
2022-03-26 00:00:00+00:00,4540.49,,,unavailable
2022-03-28 00:00:00+00:00,4535.57,,,unavailable
2022-03-29 00:00:00+00:00,4576.56,,,unavailable
2022-03-30 00:00:00+00:00,4629.82,,,unavailable
2022-03-31 00:00:00+00:00,4606.51,,,unavailable
2022-04-01 00:00:00+00:00,4550.3,,,unavailable
2022-04-02 00:00:00+00:00,4549.44,,,unavailable
2022-04-04 00:00:00+00:00,4538.87,,,unavailable
2022-04-05 00:00:00+00:00,4580.83,,,unavailable
2022-04-06 00:00:00+00:00,4530.51,,,unavailable
2022-04-07 00:00:00+00:00,4468.78,,,unavailable
2022-04-08 00:00:00+00:00,4508.76,,,unavailable
2022-04-09 00:00:00+00:00,4487.97,,,unavailable
2022-04-11 00:00:00+00:00,4483.39,,,unavailable
2022-04-12 00:00:00+00:00,4413.52,,,unavailable
2022-04-13 00:00:00+00:00,4412.21,,,unavailable
2022-04-14 00:00:00+00:00,4444.8,,,unavailable
2022-04-15 00:00:00+00:00,4393.62,,,unavailable
2022-04-18 00:00:00+00:00,4364.12,,,unavailable
2022-04-19 00:00:00+00:00,4417.11,,,unavailable
2022-04-20 00:00:00+00:00,4450.77,,,unavailable
2022-04-21 00:00:00+00:00,4478.23,,,unavailable
2022-04-22 00:00:00+00:00,4383.66,,,unavailable
2022-04-23 00:00:00+00:00,4274.7,,,unavailable
2022-04-25 00:00:00+00:00,4265.01,,,unavailable
2022-04-26 00:00:00+00:00,4297.22,,,unavailable
2022-04-27 00:00:00+00:00,4180.06,,,unavailable
2022-04-28 00:00:00+00:00,4219.37,,,unavailable
2022-04-29 00:00:00+00:00,4252.02,,,unavailable
2022-04-30 00:00:00+00:00,4130.18,,,unavailable
2022-05-02 00:00:00+00:00,4138.24,,,unavailable
2022-05-03 00:00:00+00:00,4154.93,,,unavailable
2022-05-04 00:00:00+00:00,4182.97,,,unavailable
2022-05-05 00:00:00+00:00,4293.71,,,unavailable
2022-05-06 00:00:00+00:00,4153.53,,,unavailable
2022-05-07 00:00:00+00:00,4126.29,,,unavailable
2022-05-09 00:00:00+00:00,4086.27,,,unavailable
2022-05-10 00:00:00+00:00,4005.77,,,unavailable
2022-05-11 00:00:00+00:00,3998.16,,,unavailable
2022-05-12 00:00:00+00:00,3947.56,,,unavailable
2022-05-13 00:00:00+00:00,3946.66,,,unavailable
2022-05-14 00:00:00+00:00,4022.07,,,unavailable
2022-05-16 00:00:00+00:00,4040.11,,,unavailable
2022-05-17 00:00:00+00:00,4012.66,,,unavailable
2022-05-18 00:00:00+00:00,4088.77,,,unavailable
2022-05-19 00:00:00+00:00,3901.38,,,unavailable
2022-05-20 00:00:00+00:00,3911.41,,,unavailable
2022-05-21 00:00:00+00:00,3902.12,,,unavailable
2022-05-23 00:00:00+00:00,3938.99,,,unavailable
2022-05-24 00:00:00+00:00,3950.82,,,unavailable
2022-05-25 00:00:00+00:00,3962.18,,,unavailable
2022-05-26 00:00:00+00:00,3972.85,,,unavailable
2022-05-27 00:00:00+00:00,4059.27,,,unavailable
2022-05-28 00:00:00+00:00,4155.06,,,unavailable
2022-05-30 00:00:00+00:00,4170.61,,,unavailable
2022-05-31 00:00:00+00:00,4181.2,,,unavailable
2022-06-01 00:00:00+00:00,4150.81,,,unavailable
2022-06-02 00:00:00+00:00,4089.47,,,unavailable
2022-06-03 00:00:00+00:00,4183.27,,,unavailable
2022-06-04 00:00:00+00:00,4108.47,,,unavailable
2022-06-06 00:00:00+00:00,4110.31,,,unavailable
2022-06-07 00:00:00+00:00,4122.72,,,unavailable
2022-06-08 00:00:00+00:00,4148.27,,,unavailable
2022-06-09 00:00:00+00:00,4119.56,,,unavailable
2022-06-10 00:00:00+00:00,4023.07,,,unavailable
2022-06-11 00:00:00+00:00,3907.79,,,unavailable
2022-06-13 00:00:00+00:00,3862.98,,,unavailable
2022-06-14 00:00:00+00:00,3762.86,,,unavailable
2022-06-15 00:00:00+00:00,3759.86,,,unavailable
2022-06-16 00:00:00+00:00,3820.01,,,unavailable
2022-06-17 00:00:00+00:00,3676.4,,,unavailable
2022-06-18 00:00:00+00:00,3677.56,,,unavailable
2022-06-20 00:00:00+00:00,3704.7,,,unavailable
2022-06-21 00:00:00+00:00,3716.27,,,unavailable
2022-06-22 00:00:00+00:00,3764.22,,,unavailable
2022-06-23 00:00:00+00:00,3744.3,,,unavailable
2022-06-24 00:00:00+00:00,3784.82,,,unavailable
2022-06-25 00:00:00+00:00,3910.29,,,unavailable
2022-06-27 00:00:00+00:00,3899.48,,,unavailable
2022-06-28 00:00:00+00:00,3909.48,,,unavailable
2022-06-29 00:00:00+00:00,3829.33,,,unavailable
2022-06-30 00:00:00+00:00,3816.56,,,unavailable
2022-07-01 00:00:00+00:00,3789.92,,,unavailable
2022-07-02 00:00:00+00:00,3824.39,,,unavailable
2022-07-04 00:00:00+00:00,3812.63,,,unavailable
2022-07-05 00:00:00+00:00,3846.27,,,unavailable
2022-07-06 00:00:00+00:00,3824.77,,,unavailable
2022-07-07 00:00:00+00:00,3850.77,,,unavailable
2022-07-08 00:00:00+00:00,3895.88,,,unavailable
2022-07-09 00:00:00+00:00,3902.84,,,unavailable
2022-07-11 00:00:00+00:00,3895.88,,,unavailable
2022-07-12 00:00:00+00:00,3862.78,,,unavailable
2022-07-13 00:00:00+00:00,3821.73,,,unavailable
2022-07-14 00:00:00+00:00,3778.27,,,unavailable
2022-07-15 00:00:00+00:00,3809.35,,,unavailable
2022-07-16 00:00:00+00:00,3860.73,,,unavailable
2022-07-18 00:00:00+00:00,3872.77,,,unavailable
2022-07-19 00:00:00+00:00,3842.51,,,unavailable
2022-07-20 00:00:00+00:00,3942.22,,,unavailable
2022-07-21 00:00:00+00:00,3954.4,,,unavailable
2022-07-22 00:00:00+00:00,3981.92,,,unavailable
2022-07-23 00:00:00+00:00,3959.82,,,unavailable
2022-07-25 00:00:00+00:00,3955.33,,,unavailable
2022-07-26 00:00:00+00:00,3955.33,,,unavailable
2022-07-27 00:00:00+00:00,3953.29,,,unavailable
2022-07-28 00:00:00+00:00,4018.3,,,unavailable
2022-07-29 00:00:00+00:00,4091.72,,,unavailable
2022-07-30 00:00:00+00:00,4131.15,,,unavailable
2022-08-01 00:00:00+00:00,4116.42,,,unavailable
2022-08-02 00:00:00+00:00,4113.22,,,unavailable
2022-08-03 00:00:00+00:00,4093.22,,,unavailable
2022-08-04 00:00:00+00:00,4149.62,,,unavailable
2022-08-05 00:00:00+00:00,4153.12,,,unavailable
2022-08-06 00:00:00+00:00,4143.92,,,unavailable
2022-08-08 00:00:00+00:00,4133.34,,,unavailable
2022-08-09 00:00:00+00:00,4152.91,,,unavailable
2022-08-10 00:00:00+00:00,4128.89,,,unavailable
2022-08-11 00:00:00+00:00,4211.2,,,unavailable
2022-08-12 00:00:00+00:00,4213.27,,,unavailable
2022-08-13 00:00:00+00:00,4279.11,,,unavailable
2022-08-15 00:00:00+00:00,4268.05,,,unavailable
2022-08-16 00:00:00+00:00,4293.96,,,unavailable
2022-08-17 00:00:00+00:00,4306.03,,,unavailable
2022-08-18 00:00:00+00:00,4267.77,,,unavailable
2022-08-19 00:00:00+00:00,4285.25,,,unavailable
2022-08-20 00:00:00+00:00,4231.76,,,unavailable
2022-08-22 00:00:00+00:00,4208.63,,,unavailable
2022-08-23 00:00:00+00:00,4151.67,,,unavailable
2022-08-24 00:00:00+00:00,4127.89,4217.971011681741,,unavailable
2022-08-25 00:00:00+00:00,4144.45,4217.239459326699,,unavailable
2022-08-26 00:00:00+00:00,4195.34,4217.021554258771,,unavailable
2022-08-27 00:00:00+00:00,4062.17,4215.48074277361,,unavailable
2022-08-29 00:00:00+00:00,4013.28,4213.46879508432,,unavailable
2022-08-30 00:00:00+00:00,4041.58,4211.758458814824,,unavailable
2022-08-31 00:00:00+00:00,3987.05,4209.52255375199,,unavailable
2022-09-01 00:00:00+00:00,3935.11,4206.792080580329,,unavailable
2022-09-02 00:00:00+00:00,3968.56,4204.421612116843,,unavailable
2022-09-03 00:00:00+00:00,3917.86,4201.570252792298,,unavailable
2022-09-05 00:00:00+00:00,3933.25,4198.900399530682,,unavailable
2022-09-06 00:00:00+00:00,3939.77,4196.3219875950535,,unavailable
2022-09-07 00:00:00+00:00,3906.82,4193.441370803063,,unavailable
2022-09-08 00:00:00+00:00,3977.86,4191.296282536367,,unavailable
2022-09-09 00:00:00+00:00,4009.91,4189.491443904164,,unavailable
2022-09-10 00:00:00+00:00,4070.33,4188.305757895168,,unavailable
2022-09-12 00:00:00+00:00,4079.38,4187.221919508152,,unavailable
2022-09-13 00:00:00+00:00,4118.85,4186.541601901105,,unavailable
2022-09-14 00:00:00+00:00,3942.88,4184.11710834985,,unavailable
2022-09-15 00:00:00+00:00,3954.94,4181.836739112538,,unavailable
2022-09-16 00:00:00+00:00,3878.81,4178.821547678583,-39.149464003158755,bear
2022-09-17 00:00:00+00:00,3878.56,4175.833870587254,-41.40558873944519,bear
2022-09-19 00:00:00+00:00,3878.9,4172.879304710764,-44.142249548007385,bear
2022-09-20 00:00:00+00:00,3916.58,4170.3290628728455,-45.151679900764066,bear
2022-09-21 00:00:00+00:00,3861.03,4167.2514602571955,-46.21733482712443,bear
2022-09-22 00:00:00+00:00,3767.66,4163.275425826776,-48.48303298804785,bear
2022-09-23 00:00:00+00:00,3765.59,4159.318356913077,-50.20419683891305,bear
2022-09-24 00:00:00+00:00,3689.05,4154.639069779614,-52.15301080071458,bear
2022-09-26 00:00:00+00:00,3688.38,4149.999676050464,-54.4219360663792,bear
2022-09-27 00:00:00+00:00,3666.35,4145.187241462897,-56.38301132940069,bear
2022-09-28 00:00:00+00:00,3650.2,4140.261995279187,-58.63840425149465,bear
2022-09-29 00:00:00+00:00,3715.08,4136.031328659495,-60.290658935558895,bear
2022-09-30 00:00:00+00:00,3655.58,4131.250718424077,-62.19065237898667,bear
2022-10-01 00:00:00+00:00,3586.16,4125.8269301810515,-65.4693523553151,bear
2022-10-03 00:00:00+00:00,3572.82,4120.324373661837,-69.1670702423271,bear
2022-10-04 00:00:00+00:00,3689.99,4116.042439595551,-72.26331829961782,bear
2022-10-05 00:00:00+00:00,3784.71,4112.74559940057,-74.47632010758116,bear
2022-10-06 00:00:00+00:00,3799.26,4109.6263397050425,-76.91526219606294,bear
2022-10-07 00:00:00+00:00,3734.07,4105.889460703002,-78.2276476468478,bear
2022-10-08 00:00:00+00:00,3643.11,4101.284689949739,-80.55204916279945,bear
2022-10-10 00:00:00+00:00,3622.84,4096.524046268647,-82.29750140993565,bear
2022-10-11 00:00:00+00:00,3621.87,4091.8011204351283,-84.03275015212557,bear
2022-10-12 00:00:00+00:00,3595.16,4086.859417744232,-86.01988696653189,bear
2022-10-13 00:00:00+00:00,3588.33,4081.8989260253843,-88.4301368474612,bear
2022-10-14 00:00:00+00:00,3670.59,4077.8062998957785,-89.44516036141704,bear
2022-10-15 00:00:00+00:00,3582.87,4072.881560593333,-90.3938652334432,bear
2022-10-17 00:00:00+00:00,3606.46,4068.2405500401655,-91.07780687291142,bear
2022-10-18 00:00:00+00:00,3711.33,4064.6892012835474,-89.94986849606676,bear
2022-10-19 00:00:00+00:00,3755.07,4061.6084132110745,-88.39126283938913,bear
2022-10-20 00:00:00+00:00,3688.3,4057.8939016368354,-87.29333982606158,bear
2022-10-21 00:00:00+00:00,3653.39,4053.868987192688,-86.39300808649932,bear
2022-10-22 00:00:00+00:00,3753.69,4050.882131598731,-85.14919706076353,bear
2022-10-24 00:00:00+00:00,3779.0,4048.176836756953,-83.07388166712371,bear
2022-10-25 00:00:00+00:00,3802.16,4045.7289080330033,-80.09802214804813,bear
2022-10-26 00:00:00+00:00,3825.2,4043.5345905401377,-76.7897831216992,bear
2022-10-27 00:00:00+00:00,3853.53,4041.6439975994404,-74.39844199611025,bear
2022-10-28 00:00:00+00:00,3786.95,4039.1097289666104,-73.63587043396001,bear
2022-10-29 00:00:00+00:00,3901.61,4037.74157245948,-71.88476724556267,bear
2022-10-31 00:00:00+00:00,3898.53,4036.356382683764,-69.53307801923847,bear
2022-11-01 00:00:00+00:00,3881.78,4034.8183092242243,-66.46638072551468,bear
2022-11-02 00:00:00+00:00,3858.82,4033.06708226677,-63.45696400187717,bear
2022-11-03 00:00:00+00:00,3752.73,4030.277658562623,-61.52346187250532,bear
2022-11-04 00:00:00+00:00,3714.21,4027.1327067361294,-59.726711008102484,bear
2022-11-05 00:00:00+00:00,3766.74,4024.5417345298,-57.357191495584175,bear
2022-11-07 00:00:00+00:00,3746.82,4021.77833418622,-56.02796570955843,bear
2022-11-08 00:00:00+00:00,3811.72,4019.6882015077504,-53.193359085582415,bear
2022-11-09 00:00:00+00:00,3835.17,4017.8521995026986,-50.38835053746698,bear
2022-11-10 00:00:00+00:00,3752.66,4015.213471149438,-49.4757301341092,bear
2022-11-11 00:00:00+00:00,3967.17,4014.7354266603893,-46.872986550685255,bear
2022-11-12 00:00:00+00:00,3993.6,4014.5251239075496,-43.36877772928574,bear
2022-11-14 00:00:00+00:00,3987.22,4014.25343113235,-39.615556060337894,bear
2022-11-15 00:00:00+00:00,3969.59,4013.8090188822775,-37.07311271645358,bear
2022-11-16 00:00:00+00:00,3991.04,4013.5824614804637,-34.594375276489245,bear
2022-11-17 00:00:00+00:00,3971.62,4013.16492455031,-32.5639834826934,bear
2022-11-18 00:00:00+00:00,3949.34,4012.5298506741874,-31.00473986595034,bear
2022-11-19 00:00:00+00:00,3966.7,4012.073832259519,-29.57016533992146,bear
2022-11-21 00:00:00+00:00,3965.31,4011.6085204957426,-27.501208470867823,bear
2022-11-22 00:00:00+00:00,3956.28,4011.0579879534966,-26.683584505983163,bear
2022-11-23 00:00:00+00:00,4008.13,4011.028853745004,-25.32752893875977,bear
2022-11-24 00:00:00+00:00,4038.28,4011.3000094291338,-23.51829979509057,mixed
2022-11-25 00:00:00+00:00,4041.74,4011.6028949074507,-21.464187359319112,mixed
2022-11-26 00:00:00+00:00,4031.12,4011.797094958123,-18.48056360449982,mixed
2022-11-28 00:00:00+00:00,4014.45,4011.8234920232167,-15.309214712912762,mixed
2022-11-29 00:00:00+00:00,3969.89,4011.406243346369,-13.135491183430986,bear
2022-11-30 00:00:00+00:00,3956.28,4010.857723512077,-10.920610674143063,bear
2022-12-01 00:00:00+00:00,4090.28,4011.647994919917,-8.040206587833381,mixed
2022-12-02 00:00:00+00:00,4076.34,4012.2916964630026,-5.560503039695959,mixed
2022-12-03 00:00:00+00:00,4075.67,4012.922326348943,-2.2911448004952035,mixed
2022-12-05 00:00:00+00:00,4070.84,4013.498621609153,-1.236805051236388,mixed
2022-12-06 00:00:00+00:00,4008.05,4013.444406468763,-1.0807174387864507,bear
2022-12-07 00:00:00+00:00,3947.85,4012.7917258073826,-1.4617053249676246,bear
2022-12-08 00:00:00+00:00,3937.43,4012.041857888901,-1.7671609933763648,bear
2022-12-09 00:00:00+00:00,3963.3,4011.5568642780663,-2.025597202397421,bear
2022-12-10 00:00:00+00:00,3937.39,4010.8188855290314,-2.346039021278557,bear
2022-12-12 00:00:00+00:00,3929.37,4010.008448857101,-2.521401817086371,bear
2022-12-13 00:00:00+00:00,3993.51,4009.8442851868813,-2.229547072637615,bear
2022-12-14 00:00:00+00:00,4025.41,4009.9991679213404,-1.6093525744022372,mixed
2022-12-15 00:00:00+00:00,4008.14,4009.9806687380433,-1.0773192154533717,bear
2022-12-16 00:00:00+00:00,3897.6,4008.8624531287096,-2.1664006162945952,bear
2022-12-17 00:00:00+00:00,3852.7,4007.3085978736976,-3.991411555436116,bear
2022-12-19 00:00:00+00:00,3852.72,4005.7704028699795,-5.832492037471184,bear
2022-12-20 00:00:00+00:00,3824.42,4003.965921249383,-7.8311737087401525,bear
2022-12-21 00:00:00+00:00,3836.07,4002.295315067797,-9.52817695541944,bear
2022-12-22 00:00:00+00:00,3885.82,4001.136356708914,-10.269886637455329,bear
2022-12-23 00:00:00+00:00,3823.27,3999.3665422142976,-11.491181297779349,bear
2022-12-24 00:00:00+00:00,3846.03,3997.8408054758474,-13.807189444069536,bear
2022-12-27 00:00:00+00:00,3871.07,3996.5794044263366,-15.712292036665986,bear
2022-12-28 00:00:00+00:00,3833.19,3994.9536392081645,-17.968687140778457,bear
2022-12-29 00:00:00+00:00,3790.06,3992.9148965294767,-20.583725079676242,bear
2022-12-30 00:00:00+00:00,3843.42,3991.427385121224,-22.017021347539412,bear
2022-12-31 00:00:00+00:00,3836.65,3989.8873116374307,-22.904414169951906,bear
2023-01-03 00:00:00+00:00,3850.21,3988.497487641039,-23.54437024786239,bear
2023-01-04 00:00:00+00:00,3824.57,3986.866368361029,-24.690495917037424,bear
2023-01-05 00:00:00+00:00,3852.36,3985.527996536541,-25.29088899249018,bear
2023-01-06 00:00:00+00:00,3815.34,3983.8345836356802,-26.173865221420783,bear
2023-01-07 00:00:00+00:00,3895.92,3982.959811659206,-26.884473527675254,bear
2023-01-09 00:00:00+00:00,3904.97,3982.1837936327465,-27.81537428859383,bear
2023-01-10 00:00:00+00:00,3890.81,3981.2746016563015,-28.70606708174182,bear
2023-01-11 00:00:00+00:00,3923.61,3980.700824525393,-28.161628603316785,bear
2023-01-12 00:00:00+00:00,3969.29,3980.5872839828517,-26.721313890845977,bear
2023-01-13 00:00:00+00:00,3985.18,3980.6329826496894,-25.137420220290096,mixed
2023-01-14 00:00:00+00:00,4000.13,3980.8269828223297,-23.13893842705329,mixed
2023-01-16 00:00:00+00:00,3995.36,3980.971589958426,-21.323725109371026,mixed
2023-01-17 00:00:00+00:00,3995.63,3981.1174447847106,-20.018911924203167,mixed
2023-01-18 00:00:00+00:00,3983.62,3981.1423458316294,-18.224196382668197,mixed
2023-01-19 00:00:00+00:00,3929.78,3980.631277713902,-17.209527761945537,bear
2023-01-20 00:00:00+00:00,3901.48,3979.843702811276,-16.735701615060407,bear
2023-01-21 00:00:00+00:00,3969.18,3979.7375963156414,-15.216042892523092,bear
2023-01-23 00:00:00+00:00,3968.48,3979.625580431904,-13.289316097572737,bear
2023-01-24 00:00:00+00:00,4017.4,3980.0014453032286,-11.425939817995186,mixed
2023-01-25 00:00:00+00:00,4003.32,3980.2334707230975,-9.65384091433316,mixed
2023-01-26 00:00:00+00:00,4023.82,3980.667167531823,-7.830320109215791,mixed
2023-01-27 00:00:00+00:00,4049.23,3981.3493847703126,-5.516983590716336,mixed
2023-01-28 00:00:00+00:00,4070.63,3982.2377491009565,-3.2902474355846607,mixed
2023-01-30 00:00:00+00:00,4064.96,3983.0608560750766,-0.7737275606036746,mixed
2023-01-31 00:00:00+00:00,4031.16,3983.5394545220906,0.5796428628846115,bull
2023-02-01 00:00:00+00:00,4069.07,3984.390504725851,2.2067110931043317,bull
2023-02-02 00:00:00+00:00,4138.24,3985.921345474848,4.646743818546383,bull
2023-02-03 00:00:00+00:00,4153.88,3987.5925758681333,6.891751342740463,bull
2023-02-04 00:00:00+00:00,4137.21,3989.0813064565104,8.494022473658788,bull
2023-02-06 00:00:00+00:00,4130.35,3990.486965098735,9.853982449045361,bull
2023-02-07 00:00:00+00:00,4120.53,3991.780925645016,10.953942822686258,bull
2023-02-08 00:00:00+00:00,4158.51,3993.439921409742,12.468331451315862,bull
2023-02-09 00:00:00+00:00,4124.62,3994.7451958235756,13.627751038864972,bull
2023-02-10 00:00:00+00:00,4084.8,3995.641263526824,14.49891769519445,bull
2023-02-11 00:00:00+00:00,4092.07,3996.60075344198,15.969475728078123,bull
2023-02-13 00:00:00+00:00,4080.78,3997.438357885344,17.59465507406776,bull
2023-02-14 00:00:00+00:00,4139.64,3998.8532995979276,19.115703282286177,bull
2023-02-15 00:00:00+00:00,4130.12,4000.1594359203364,20.533855488432437,bull
2023-02-16 00:00:00+00:00,4149.99,4001.650287304214,21.648842000985496,bull
2023-02-17 00:00:00+00:00,4079.58,4002.425707331038,22.192236607940686,bull
2023-02-18 00:00:00+00:00,4077.43,4003.172018700879,22.50485116905611,bull
2023-02-20 00:00:00+00:00,4072.21,4003.8589637884324,22.509579018119894,bull
2023-02-21 00:00:00+00:00,4070.48,4004.5218596711347,22.2841105701782,bull
2023-02-22 00:00:00+00:00,4005.1,4004.5276123112235,21.46675623614692,bull
2023-02-23 00:00:00+00:00,4005.09,4004.5332082086243,20.993753686533637,bull
2023-02-24 00:00:00+00:00,4007.32,4004.56093748018,20.17043275432934,bull
2023-02-25 00:00:00+00:00,3968.85,4004.205604768935,18.28425929408695,mixed
2023-02-27 00:00:00+00:00,3975.38,4003.918782830936,16.326206962802644,mixed
2023-02-28 00:00:00+00:00,3987.42,4003.7546158375935,14.673309381083072,mixed
2023-03-01 00:00:00+00:00,3959.94,4003.3186495108516,12.831684412116829,mixed
2023-03-02 00:00:00+00:00,3956.09,4002.8487126997984,11.067787054782457,mixed
2023-03-03 00:00:00+00:00,3975.7,4002.5785762550245,9.138654845282417,mixed
2023-03-04 00:00:00+00:00,4046.18,4003.0124212674123,8.26722544383665,bull
2023-03-06 00:00:00+00:00,4043.95,4003.419760359279,7.778496832454948,bull
2023-03-07 00:00:00+00:00,4053.73,4003.9203597586893,7.319606316709269,bull
2023-03-08 00:00:00+00:00,3991.35,4003.7952815521357,6.356923666791772,mixed
2023-03-09 00:00:00+00:00,3994.23,4003.7001046212686,4.8468050233409485,mixed
2023-03-10 00:00:00+00:00,3911.94,4002.7870687543905,2.6276328340541113,mixed
2023-03-11 00:00:00+00:00,3863.61,4001.402222299123,-0.24806500509112084,bear
2023-03-13 00:00:00+00:00,3905.07,4000.4436927240076,-1.9820146070305782,bear
2023-03-14 00:00:00+00:00,3857.97,3999.0260440401867,-4.1459746606924455,bear
2023-03-15 00:00:00+00:00,3919.0,3998.2297649950106,-5.629198793421892,bear
2023-03-16 00:00:00+00:00,3890.78,3997.1606131045132,-7.361246566621503,bear
2023-03-17 00:00:00+00:00,3963.9,3996.829661730339,-7.697950580884481,bear
2023-03-18 00:00:00+00:00,3914.5,3996.0104611161073,-8.522747092516965,bear
2023-03-20 00:00:00+00:00,3941.22,3995.4652823985343,-9.095655081645873,bear
2023-03-21 00:00:00+00:00,3955.16,3995.0642348124798,-9.141369956455037,bear
2023-03-22 00:00:00+00:00,4007.45,3995.187476257132,-8.731306573803977,mixed
2023-03-23 00:00:00+00:00,3944.79,3994.686008831688,-9.068607005905506,bear
2023-03-24 00:00:00+00:00,3954.18,3994.2829639676916,-9.03568554316007,bear
2023-03-25 00:00:00+00:00,3968.56,3994.027014077466,-8.821698622332406,bear
2023-03-27 00:00:00+00:00,3994.48,3994.0315214000784,-8.547054854946055,mixed
2023-03-28 00:00:00+00:00,3986.53,3993.956879396098,-9.05554187131429,bear
2023-03-29 00:00:00+00:00,3983.04,3993.8482537304653,-9.571506628813495,bear
2023-03-30 00:00:00+00:00,4025.57,3994.163892996829,-9.756466761860338,mixed
2023-03-31 00:00:00+00:00,4058.24,3994.8014662008404,-8.993815351295325,mixed
2023-04-01 00:00:00+00:00,4113.18,3995.9793620595387,-7.720742561729821,mixed
2023-04-03 00:00:00+00:00,4104.83,3997.0624529843194,-5.724615770071068,mixed
2023-04-04 00:00:00+00:00,4123.74,3998.3229260889534,-3.0792962101695593,mixed
2023-04-05 00:00:00+00:00,4107.47,3999.408966625382,-1.0347260986254696,mixed
2023-04-06 00:00:00+00:00,4086.69,4000.2774346191595,1.2513905789728597,bull
2023-04-07 00:00:00+00:00,4101.23,4001.281937757278,3.052172762267219,bull
2023-04-08 00:00:00+00:00,4115.11,4002.4145552920313,5.253942187518078,bull
2023-04-10 00:00:00+00:00,4110.62,4003.491226383653,6.661564653314144,bull
2023-04-11 00:00:00+00:00,4117.93,4004.6299206484923,8.619459532385008,bull
2023-04-12 00:00:00+00:00,4115.77,4005.735792084826,10.270509686291462,bull
2023-04-13 00:00:00+00:00,4087.36,4006.547973258111,11.483738445631388,bull
2023-04-14 00:00:00+00:00,4146.22,4007.9377446684784,12.750268411346497,bull
2023-04-15 00:00:00+00:00,4141.26,4009.2643342737674,14.578325442079404,bull
2023-04-17 00:00:00+00:00,4150.06,4010.665286171541,16.382322203849526,bull
2023-04-18 00:00:00+00:00,4154.08,4012.0922982494367,18.06528417197069,bull
2023-04-19 00:00:00+00:00,4154.49,4013.5091908041686,19.477669404090193,bull
2023-04-20 00:00:00+00:00,4144.74,4014.8149700001472,20.858090604049266,bull
2023-04-21 00:00:00+00:00,4131.04,4015.971437960345,22.123184229879826,bull
2023-04-22 00:00:00+00:00,4136.52,4017.1709261398446,23.007033143015633,bull
2023-04-24 00:00:00+00:00,4131.73,4018.310817422035,23.50935122119472,bull
2023-04-25 00:00:00+00:00,4137.39,4019.4956849103733,23.516322850834513,bull
2023-04-26 00:00:00+00:00,4093.08,4020.2278671500712,23.165414165751827,bull
2023-04-27 00:00:00+00:00,4067.52,4020.6984356361404,22.375509547186994,bull
2023-04-28 00:00:00+00:00,4130.34,4021.7893964755817,22.38042985019956,bull
2023-04-29 00:00:00+00:00,4167.81,4023.242337804183,22.96490318502356,bull
2023-05-01 00:00:00+00:00,4165.53,4024.6581354379728,23.376197680694986,bull
2023-05-02 00:00:00+00:00,4162.02,4026.024920159983,23.61036486795183,bull
2023-05-03 00:00:00+00:00,4122.92,4026.9890503076454,23.4978239239922,bull
2023-05-04 00:00:00+00:00,4080.1,4027.517517468764,22.887596820271483,bull
2023-05-05 00:00:00+00:00,4074.12,4027.981223762607,22.2454316777812,bull
2023-05-06 00:00:00+00:00,4132.98,4029.0259877052677,22.47801444715651,bull
2023-05-08 00:00:00+00:00,4131.47,4030.045331111186,22.107586442707543,bull
2023-05-09 00:00:00+00:00,4135.67,4031.096322841423,21.83198856765557,bull
2023-05-10 00:00:00+00:00,4123.87,4032.01944400718,21.354157835638944,bull
2023-05-11 00:00:00+00:00,4143.94,4033.133081380243,21.040783130806176,bull
2023-05-12 00:00:00+00:00,4131.8,4034.114841764519,20.60565096035043,bull
2023-05-13 00:00:00+00:00,4122.98,4034.999072194723,20.184102194575644,bull
2023-05-15 00:00:00+00:00,4119.24,4035.8372903818404,19.86585242149522,bull
2023-05-16 00:00:00+00:00,4134.57,4036.8197054029165,19.6487792630719,bull
2023-05-17 00:00:00+00:00,4116.39,4037.6114496277632,19.300632205728107,bull
2023-05-18 00:00:00+00:00,4157.69,4038.806261074253,19.310576163879887,bull
2023-05-19 00:00:00+00:00,4205.67,4040.4665967849573,20.238729634886113,bull
2023-05-20 00:00:00+00:00,4197.02,4042.0243420905795,21.325906454439064,bull
2023-05-22 00:00:00+00:00,4190.43,4043.5010153036087,21.711618828026985,bull
2023-05-23 00:00:00+00:00,4208.37,4045.141502713523,21.899164909340016,bull
2023-05-24 00:00:00+00:00,4155.78,4046.242383283538,21.584247845565187,bull
2023-05-25 00:00:00+00:00,4136.44,4047.1398720070847,21.114951847101565,bull
2023-05-26 00:00:00+00:00,4145.23,4048.1158931811437,21.12684287349839,bull
2023-05-27 00:00:00+00:00,4206.84,4049.6952375276005,22.177720058836712,bull
2023-05-29 00:00:00+00:00,4224.92,4051.4387675024504,23.45754373984346,bull
2023-05-30 00:00:00+00:00,4216.98,4053.0859439452124,24.059956239944768,bull
2023-05-31 00:00:00+00:00,4209.56,4054.642899726852,24.597568615666205,bull
2023-06-01 00:00:00+00:00,4189.78,4055.9875474907644,24.89122464934144,bull
2023-06-02 00:00:00+00:00,4224.34,4057.662696271951,25.643252264771036,bull
2023-06-03 00:00:00+00:00,4283.29,4059.9077440702404,26.774662689997513,bull
2023-06-05 00:00:00+00:00,4280.53,4062.1029903978997,27.98814863338066,bull
2023-06-06 00:00:00+00:00,4272.33,4064.194801438717,29.195729243994265,bull
2023-06-07 00:00:00+00:00,4290.51,4066.446693961715,30.60940357987465,bull
2023-06-08 00:00:00+00:00,4272.47,4068.4966771063746,31.676971703458094,bull
2023-06-09 00:00:00+00:00,4293.63,4070.7368096724804,33.12536004471713,bull
2023-06-10 00:00:00+00:00,4303.35,4073.051368780217,34.245107705964074,bull
2023-06-12 00:00:00+00:00,4311.19,4075.4209073993197,34.954310614362385,bull
2023-06-13 00:00:00+00:00,4347.46,4078.1277640421126,36.103421951533164,bull
2023-06-14 00:00:00+00:00,4374.83,4081.08002509642,37.57900979281112,bull
2023-06-15 00:00:00+00:00,4379.53,4084.049676587998,38.90817387447487,bull
2023-06-16 00:00:00+00:00,4424.81,4087.440326572197,41.19794328865919,bull
2023-06-17 00:00:00+00:00,4416.22,4090.7117661087923,43.571894101707585,bull
2023-06-19 00:00:00+00:00,4420.15,4093.9897584858195,45.873865304675746,bull
2023-06-20 00:00:00+00:00,4409.77,4097.131850441185,47.43661291358421,bull
2023-06-21 00:00:00+00:00,4399.07,4100.136210138287,48.69744263583698,bull
2023-06-22 00:00:00+00:00,4372.99,4102.851173221488,49.76522927627593,bull
2023-06-23 00:00:00+00:00,4387.29,4105.681410303862,51.03851057701013,bull
2023-06-24 00:00:00+00:00,4353.25,4108.144779355565,52.157231864800906,bull
2023-06-26 00:00:00+00:00,4362.77,4110.678363640585,53.01566736863424,bull
2023-06-27 00:00:00+00:00,4346.03,4113.020170967545,53.11242689730443,bull
2023-06-28 00:00:00+00:00,4378.89,4115.6656419031915,53.5626515052918,bull
2023-06-29 00:00:00+00:00,4393.92,4118.434341983757,54.239540545039745,bull
2023-06-30 00:00:00+00:00,4404.86,4121.284348531182,54.837654569467304,bull
2023-07-01 00:00:00+00:00,4457.2,4124.626792824404,56.13011571802963,bull
2023-07-03 00:00:00+00:00,4458.09,4127.9448346868485,57.208025014368104,bull
2023-07-04 00:00:00+00:00,4457.29,4131.221901008373,58.17053222815548,bull
2023-07-05 00:00:00+00:00,4458.73,4134.480688063016,59.059780663696074,bull
2023-07-06 00:00:00+00:00,4446.97,4137.590034450449,59.46227040833628,bull
2023-07-07 00:00:00+00:00,4411.81,4140.318591321588,59.2385662251686,bull
2023-07-08 00:00:00+00:00,4399.92,4142.901689915403,58.852013327405075,bull
2023-07-10 00:00:00+00:00,4406.17,4145.521275090375,58.08094851817759,bull
2023-07-11 00:00:00+00:00,4415.26,4148.205242502411,57.49347639361895,bull
2023-07-12 00:00:00+00:00,4441.96,4151.128175412835,57.13841692701544,bull
2023-07-13 00:00:00+00:00,4481.01,4154.410581627633,57.27873118644857,bull
2023-07-14 00:00:00+00:00,4510.1,4157.949779820394,57.81356968210639,bull
2023-07-15 00:00:00+00:00,4503.53,4161.388388976409,58.53721575492091,bull
2023-07-17 00:00:00+00:00,4500.85,4164.766116449281,59.08470614541875,bull
2023-07-18 00:00:00+00:00,4520.76,4168.308344146303,60.16356479073784,bull
2023-07-19 00:00:00+00:00,4558.14,4172.187266095097,61.50890245451137,bull
2023-07-20 00:00:00+00:00,4557.1,4176.017243546888,62.997072579342785,bull
2023-07-21 00:00:00+00:00,4538.71,4179.626126695675,63.96048479248384,bull
2023-07-22 00:00:00+00:00,4539.72,4183.209150310644,64.77480832688707,bull
2023-07-24 00:00:00+00:00,4536.85,4186.727964735414,65.44361620423206,bull
2023-07-25 00:00:00+00:00,4560.9,4190.451069563917,65.82427673951315,bull
2023-07-26 00:00:00+00:00,4572.17,4194.249267876714,66.30443318986545,bull
2023-07-27 00:00:00+00:00,4575.1,4198.038827400329,66.81692639195626,bull
2023-07-28 00:00:00+00:00,4543.23,4201.473565436147,66.9928773731308,bull
2023-07-29 00:00:00+00:00,4582.96,4205.26945035718,67.67941590673126,bull
2023-07-31 00:00:00+00:00,4589.9,4209.096620005367,68.77802868377876,bull
2023-08-01 00:00:00+00:00,4594.0,4212.926504383424,70.02481446802085,bull
2023-08-02 00:00:00+00:00,4567.04,4216.450021752744,70.92874666236912,bull
2023-08-03 00:00:00+00:00,4525.32,4219.523354869632,71.31811236722115,bull
2023-08-04 00:00:00+00:00,4511.3,4222.426605069935,71.29842965710031,bull
2023-08-05 00:00:00+00:00,4478.59,4224.975494571728,70.56491294409443,bull
2023-08-07 00:00:00+00:00,4489.95,4227.612056814795,69.66227699440151,bull
2023-08-08 00:00:00+00:00,4522.12,4230.54248411017,69.15409513376107,bull
2023-08-09 00:00:00+00:00,4500.37,4233.227335014547,68.46121856526588,bull
2023-08-10 00:00:00+00:00,4481.15,4235.694227203458,67.38588305715439,bull
2023-08-11 00:00:00+00:00,4475.86,4238.083936385513,65.8966702904163,bull
2023-08-12 00:00:00+00:00,4463.02,4240.322106172722,64.30486262583418,bull
2023-08-14 00:00:00+00:00,4476.39,4242.67104043966,63.04491374398458,bull
2023-08-15 00:00:00+00:00,4498.38,4245.21540819648,62.00625788583602,bull
2023-08-16 00:00:00+00:00,4442.91,4247.182518562685,60.4545538272705,bull
2023-08-17 00:00:00+00:00,4405.25,4248.755329323255,58.30425975933758,bull
2023-08-18 00:00:00+00:00,4368.32,4249.9450275389445,55.69575966223056,bull
2023-08-19 00:00:00+00:00,4370.01,4251.13970388184,53.10087648151148,bull
2023-08-21 00:00:00+00:00,4374.86,4252.37075160441,50.89718616826303,bull
2023-08-22 00:00:00+00:00,4396.09,4253.800793877003,48.53134351982317,bull
2023-08-23 00:00:00+00:00,4390.4,4255.159989957829,46.06336995246147,bull
2023-08-24 00:00:00+00:00,4460.04,4257.198597022925,44.27209263950135,bull
2023-08-25 00:00:00+00:00,4377.81,4258.398710485384,41.94868873264022,bull
2023-08-26 00:00:00+00:00,4405.31,4259.860514361152,40.33715949151974,bull
2023-08-28 00:00:00+00:00,4413.94,4261.3936435714895,38.96703850155427,bull
2023-08-29 00:00:00+00:00,4435.9,4263.130025227494,38.15453065576639,bull
2023-08-30 00:00:00+00:00,4502.97,4265.516492638167,37.90443582337139,bull
2023-08-31 00:00:00+00:00,4518.39,4268.032646940274,37.490162830104055,bull
2023-09-01 00:00:00+00:00,4513.03,4270.470431547834,37.243096533286916,bull
2023-09-02 00:00:00+00:00,4517.68,4272.930228248851,37.236001045393095,bull
2023-09-04 00:00:00+00:00,4517.29,4275.361668763788,37.27773237827478,bull
2023-09-05 00:00:00+00:00,4519.21,4277.788020318378,37.465914145655915,bull
2023-09-06 00:00:00+00:00,4500.97,4280.008736534115,37.33769609445517,bull
2023-09-07 00:00:00+00:00,4469.17,4281.890938160641,36.67552996416089,bull
2023-09-08 00:00:00+00:00,4455.55,4283.618889024715,36.43637046203003,bull
2023-09-09 00:00:00+00:00,4459.18,4285.365765750837,36.6104364275825,bull
2023-09-11 00:00:00+00:00,4467.34,4287.176454648839,37.23142710989487,bull
2023-09-12 00:00:00+00:00,4489.41,4289.188728731935,38.04902485009461,bull
2023-09-13 00:00:00+00:00,4469.31,4290.980980187339,38.61022858292927,bull
2023-09-14 00:00:00+00:00,4476.76,4292.829527648161,39.02873377115793,bull
2023-09-15 00:00:00+00:00,4511.87,4295.009034835743,39.84904487791391,bull
2023-09-16 00:00:00+00:00,4452.49,4296.576009613496,39.37741259057111,bull
2023-09-18 00:00:00+00:00,4460.81,4298.210178672069,39.81146818668458,bull
2023-09-19 00:00:00+00:00,4459.25,4299.812564953939,39.95205059278669,bull
2023-09-20 00:00:00+00:00,4448.47,4301.291743412109,39.89809984061958,bull
2023-09-21 00:00:00+00:00,4396.66,4302.2406812886065,39.11065606111242,bull
2023-09-22 00:00:00+00:00,4326.72,4302.484256599168,36.967763961000855,bull
2023-09-23 00:00:00+00:00,4319.45,4302.65306996634,34.62042302606551,bull
2023-09-25 00:00:00+00:00,4326.22,4302.887566782596,32.4171352347621,bull
2023-09-26 00:00:00+00:00,4337.89,4303.235849700182,30.305621451331717,bull
2023-09-27 00:00:00+00:00,4281.71,4303.021662140976,27.659993377188584,mixed
2023-09-28 00:00:00+00:00,4283.81,4302.830501323653,25.042481005275476,mixed
2023-09-29 00:00:00+00:00,4303.77,4302.839849569189,22.83111303507394,bull
2023-09-30 00:00:00+00:00,4290.38,4302.715870966511,20.82493280587005,mixed
2023-10-02 00:00:00+00:00,4312.5,4302.813225484257,19.194336459541773,bull
2023-10-03 00:00:00+00:00,4292.72,4302.712795379935,17.34702962909796,mixed
2023-10-04 00:00:00+00:00,4233.73,4302.026399406006,14.849944757166668,mixed
2023-10-05 00:00:00+00:00,4259.98,4301.608027272613,12.419298540678028,mixed
2023-10-06 00:00:00+00:00,4254.28,4301.13710162811,10.15612144077113,mixed
2023-10-07 00:00:00+00:00,4310.22,4301.227478726338,8.397951078176447,bull
2023-10-09 00:00:00+00:00,4282.85,4301.044618241499,6.03558340575637,mixed
2023-10-10 00:00:00+00:00,4340.74,4301.439597164469,4.863587550972625,bull
2023-10-11 00:00:00+00:00,4364.18,4302.063879779748,3.853701107679626,bull
2023-10-12 00:00:00+00:00,4391.01,4302.9489158018405,3.1363508479016673,bull
2023-10-13 00:00:00+00:00,4354.38,4303.460667883414,2.1689244713052176,bull
2023-10-14 00:00:00+00:00,4325.86,4303.683546809947,1.4428655213405364,bull
2023-10-16 00:00:00+00:00,4339.72,4304.04211848348,1.5578618843128424,bull
2023-10-17 00:00:00+00:00,4376.06,4304.758714319466,2.105644353126081,bull
2023-10-18 00:00:00+00:00,4368.63,4305.394249500367,2.5066827177706728,bull
2023-10-19 00:00:00+00:00,4320.78,4305.547341545139,2.3114918449564357,bull
2023-10-20 00:00:00+00:00,4272.81,4305.221596853147,2.1999347121709434,mixed
2023-10-21 00:00:00+00:00,4227.95,4304.452725242669,1.622223919015596,mixed
2023-10-23 00:00:00+00:00,4241.24,4303.8237429019455,0.9838933327564519,mixed
2023-10-24 00:00:00+00:00,4234.54,4303.13435242531,0.41848145879885124,mixed
2023-10-25 00:00:00+00:00,4249.91,4302.604756878789,-0.20846860546771495,bear
2023-10-26 00:00:00+00:00,4174.06,4301.325704571537,-1.3870908083981703,bear
2023-10-27 00:00:00+00:00,4162.9,4299.948334376795,-2.0780650292108476,bear
2023-10-28 00:00:00+00:00,4116.6,4298.123972840708,-3.4840544319049513,bear
2023-10-30 00:00:00+00:00,4134.12,4296.492092513936,-4.645009114174172,bear
2023-10-31 00:00:00+00:00,4167.77,4295.211275673001,-6.01620305333654,bear
2023-11-01 00:00:00+00:00,4188.98,4294.154248054365,-6.890370187134067,bear
2023-11-02 00:00:00+00:00,4252.67,4293.74146946676,-7.698127697709424,bear
2023-11-03 00:00:00+00:00,4315.67,4293.959663800424,-8.10421597932418,mixed
2023-11-04 00:00:00+00:00,4363.2,4294.648622369574,-8.300293432266699,mixed
2023-11-06 00:00:00+00:00,4366.99,4295.368437072364,-8.092230811050285,mixed
2023-11-07 00:00:00+00:00,4367.08,4296.081984962192,-7.601561847754965,mixed
2023-11-08 00:00:00+00:00,4386.09,4296.977587101872,-7.064531381608504,mixed
2023-11-09 00:00:00+00:00,4383.63,4297.839800165535,-6.918914153930928,mixed
2023-11-10 00:00:00+00:00,4351.34,4298.372140462396,-7.022109037970949,mixed
2023-11-11 00:00:00+00:00,4420.47,4299.587044537398,-5.9602970077412465,mixed
2023-11-13 00:00:00+00:00,4413.93,4300.7247853877725,-4.496811465374776,mixed
2023-11-14 00:00:00+00:00,4420.44,4301.915981553069,-2.5367436895994615,mixed
2023-11-15 00:00:00+00:00,4508.95,4303.976021537616,0.15227863567088207,bull
2023-11-16 00:00:00+00:00,4508.52,4306.011285004904,2.876932579593813,bull
2023-11-17 00:00:00+00:00,4516.53,4308.105998586945,5.501241708156158,bull
2023-11-18 00:00:00+00:00,4520.77,4310.222058302498,8.896353730960982,bull
2023-11-20 00:00:00+00:00,4518.32,4312.292684588046,12.344350211250458,bull
2023-11-21 00:00:00+00:00,4558.39,4314.741414094632,16.61744125392397,bull
2023-11-22 00:00:00+00:00,4540.03,4316.983091566328,20.490999052392,bull
2023-11-23 00:00:00+00:00,4558.74,4319.388632943777,24.177357270776156,bull
2023-11-24 00:00:00+00:00,4567.06,4321.85302465578,27.698776601415375,bull
2023-11-25 00:00:00+00:00,4564.58,4324.2682184403,30.526748973540634,bull
2023-11-27 00:00:00+00:00,4560.09,4326.614703828955,32.65504002853049,bull
2023-11-28 00:00:00+00:00,4562.21,4328.958935631652,34.310313262078125,bull
2023-11-29 00:00:00+00:00,4562.73,4331.285015874124,35.9165788017599,bull
2023-11-30 00:00:00+00:00,4560.3,4333.563771935078,37.48178697288586,bull
2023-12-01 00:00:00+00:00,4570.85,4335.924828930749,38.94724182887694,bull
2023-12-02 00:00:00+00:00,4599.23,4338.544780881687,40.70498071615202,bull
2023-12-04 00:00:00+00:00,4597.95,4341.125927340576,42.75378687818011,bull
2023-12-05 00:00:00+00:00,4570.34,4343.406664381963,43.81961984456575,bull
2023-12-06 00:00:00+00:00,4579.07,4345.751573194084,45.026787806311404,bull
2023-12-07 00:00:00+00:00,4556.51,4347.848671968272,45.93269041520307,bull
2023-12-08 00:00:00+00:00,4586.17,4350.2200284661,46.24400692848394,bull
2023-12-09 00:00:00+00:00,4611.13,4352.816147585841,46.80486258093697,bull
2023-12-11 00:00:00+00:00,4616.0,4355.434892385982,47.32889379903645,bull
2023-12-12 00:00:00+00:00,4631.74,4358.184196939355,47.96213863685716,bull
2023-12-13 00:00:00+00:00,4658.18,4361.169229805631,48.87654521758577,bull
2023-12-14 00:00:00+00:00,4723.12,4364.77073000657,50.02931591193828,bull
2023-12-15 00:00:00+00:00,4726.13,4368.366344633371,51.38325306704337,bull
2023-12-16 00:00:00+00:00,4727.81,4371.942898418114,52.55426547433672,bull
2023-12-18 00:00:00+00:00,4729.26,4375.498292463705,53.64526780792494,bull
2023-12-19 00:00:00+00:00,4746.33,4379.188160200385,54.91994176008484,bull
2023-12-20 00:00:00+00:00,4773.28,4383.1094720391875,56.494768210232905,bull
2023-12-21 00:00:00+00:00,4715.46,4386.416442466659,57.457506835006825,bull
2023-12-22 00:00:00+00:00,4750.66,4390.040756471966,58.755740597842305,bull
2023-12-23 00:00:00+00:00,4759.57,4393.7176643677685,60.153892432690554,bull
2023-12-26 00:00:00+00:00,4767.29,4397.434802035751,61.509973105002246,bull
2023-12-27 00:00:00+00:00,4783.37,4401.274953259276,62.73017237758904,bull
2023-12-28 00:00:00+00:00,4791.1,4405.153809445752,64.0278821051761,bull
2023-12-29 00:00:00+00:00,4792.31,4409.006109849277,65.59944546731367,bull
2023-12-30 00:00:00+00:00,4772.59,4412.623860000031,66.87228680594671,bull
2024-01-02 00:00:00+00:00,4780.19,4416.281234527393,68.43256255912092,bull
2024-01-03 00:00:00+00:00,4748.69,4419.5887844325935,69.36875596649315,bull
2024-01-04 00:00:00+00:00,4709.59,4422.4743686670945,69.65822108125394,bull
2024-01-05 00:00:00+00:00,4694.66,4425.182683406726,69.74779102074444,bull
2024-01-06 00:00:00+00:00,4698.07,4427.897980089247,69.71378314989124,bull
2024-01-08 00:00:00+00:00,4703.12,4430.636507650548,69.46727784491668,bull
2024-01-09 00:00:00+00:00,4761.94,4433.93305981323,69.16232980665973,bull
2024-01-10 00:00:00+00:00,4757.15,4437.149148770312,68.7828041369412,bull
2024-01-11 00:00:00+00:00,4786.99,4440.630152265136,68.68725384702157,bull
2024-01-12 00:00:00+00:00,4777.11,4443.9782104515525,68.47991798784733,bull
2024-01-13 00:00:00+00:00,4783.09,4447.352457113727,68.16429691334179,bull
2024-01-15 00:00:00+00:00,4777.69,4450.639397838964,67.52992579977672,bull
2024-01-16 00:00:00+00:00,4776.02,4453.877015770915,67.46057330425629,bull
2024-01-17 00:00:00+00:00,4768.66,4457.00918476822,66.96842829625348,bull
2024-01-18 00:00:00+00:00,4738.7,4459.812078452118,66.09441408434941,bull
2024-01-19 00:00:00+00:00,4783.86,4463.036435880455,65.60163384470434,bull
2024-01-20 00:00:00+00:00,4837.57,4466.763138010998,65.48818475172175,bull
2024-01-22 00:00:00+00:00,4846.44,4470.541017234769,65.38720778901734,bull
2024-01-23 00:00:00+00:00,4853.96,4474.35613149114,65.35002164186335,bull
2024-01-24 00:00:00+00:00,4877.96,4478.372090381776,65.74823038174509,bull
2024-01-25 00:00:00+00:00,4872.81,4482.29684570136,66.01561117396705,bull
2024-01-26 00:00:00+00:00,4888.72,4486.340857186919,66.75207275432513,bull
2024-01-27 00:00:00+00:00,4890.17,4490.35905761292,67.88468894582547,bull
2024-01-29 00:00:00+00:00,4880.59,4494.241952562045,69.05926915531927,bull
2024-01-30 00:00:00+00:00,4929.27,4498.5705898499855,70.67260976073885,bull
2024-01-31 00:00:00+00:00,4907.29,4502.637449652473,72.00094200192507,bull
2024-02-01 00:00:00+00:00,4854.33,4506.13687801414,72.20381820091006,bull
2024-02-02 00:00:00+00:00,4932.35,4510.377804601065,73.22865583075236,bull
2024-02-03 00:00:00+00:00,4961.1,4514.862602565233,74.2324503000973,bull
2024-02-05 00:00:00+00:00,4957.29,4519.264865226276,75.2866547747235,bull
2024-02-06 00:00:00+00:00,4938.76,4523.438946169298,76.08648905557129,bull
2024-02-07 00:00:00+00:00,4955.19,4527.734976555673,77.09557871670859,bull
2024-02-08 00:00:00+00:00,4996.37,4532.3980116148205,78.52099584390544,bull
2024-02-09 00:00:00+00:00,4998.31,4537.033951797757,80.02476702953754,bull
2024-02-10 00:00:00+00:00,5026.23,4541.901574167929,82.0894957158107,bull
2024-02-12 00:00:00+00:00,5027.73,4546.7356878578,83.69925197734483,bull
2024-02-13 00:00:00+00:00,5020.68,4551.4515516602105,84.68841364921263,bull
2024-02-14 00:00:00+00:00,4957.64,4555.493227763094,84.95221052832494,bull
2024-02-15 00:00:00+00:00,5003.47,4559.950708083859,85.59457659271902,bull
2024-02-16 00:00:00+00:00,5032.76,4564.655278152677,86.28318777090135,bull
2024-02-17 00:00:00+00:00,5003.91,4569.025971902402,86.72912620104125,bull
2024-02-19 00:00:00+00:00,5011.28,4573.426509495413,87.08565230849399,bull
2024-02-20 00:00:00+00:00,5002.89,4577.699778057648,87.3407204447276,bull
2024-02-21 00:00:00+00:00,4977.13,4581.674208126726,87.43225556468042,bull
2024-02-22 00:00:00+00:00,5010.16,4585.93774834437,87.36715849438497,bull
2024-02-23 00:00:00+00:00,5088.07,4590.9340891568645,88.29663950439135,bull
2024-02-24 00:00:00+00:00,5095.43,4595.953948966249,89.81707095210913,bull
2024-02-26 00:00:00+00:00,5091.89,4600.8886360412125,90.51083144014774,bull
2024-02-27 00:00:00+00:00,5072.5,4605.581286428862,90.71868386362894,bull
2024-02-28 00:00:00+00:00,5080.31,4610.304955220615,91.04008999433881,bull
2024-02-29 00:00:00+00:00,5063.98,4614.819134770659,91.38018860136071,bull
2024-03-01 00:00:00+00:00,5091.23,4619.559541389856,91.82456483418355,bull
2024-03-02 00:00:00+00:00,5141.18,4624.74979470936,92.35178309453931,bull
2024-03-04 00:00:00+00:00,5138.16,4629.858353965983,92.82440216822579,bull
2024-03-05 00:00:00+00:00,5128.58,4634.820758404133,92.91918423620427,bull
2024-03-06 00:00:00+00:00,5085.68,4639.306920012052,92.57123215425145,bull
2024-03-07 00:00:00+00:00,5107.74,4643.967945683574,92.51639402336332,bull
2024-03-08 00:00:00+00:00,5157.34,4649.076125328514,93.58289756541944,bull
2024-03-09 00:00:00+00:00,5129.92,4653.8606414944,93.90993341054036,bull
2024-03-11 00:00:00+00:00,5129.27,4658.591082872565,93.93580471988753,bull
2024-03-12 00:00:00+00:00,5138.38,4663.36510194846,94.33913004605802,bull
2024-03-13 00:00:00+00:00,5182.84,4668.534006406684,95.10749691127148,bull
2024-03-14 00:00:00+00:00,5177.84,4673.601727735971,95.90194967832304,bull
2024-03-15 00:00:00+00:00,5152.83,4678.370168256011,96.6959601292856,bull
2024-03-16 00:00:00+00:00,5118.46,4682.749171556947,96.8114232125763,bull
2024-03-18 00:00:00+00:00,5128.27,4687.182214626032,96.24812546916746,bull
2024-03-19 00:00:00+00:00,5153.04,4691.817615475524,95.86366650927448,bull
2024-03-20 00:00:00+00:00,5181.14,4696.686494923529,95.79785888231618,bull
2024-03-21 00:00:00+00:00,5246.57,4702.157972585981,96.57668615711918,bull
2024-03-22 00:00:00+00:00,5254.57,4707.654609674678,97.34965445406306,bull
2024-03-23 00:00:00+00:00,5243.42,4712.985608583388,98.16647381272924,bull
2024-03-25 00:00:00+00:00,5239.41,4718.223662229325,98.66412083946852,bull
2024-03-26 00:00:00+00:00,5231.09,4723.326809868834,98.57701515947429,bull
2024-03-27 00:00:00+00:00,5222.93,4728.29798589004,98.43963192405681,bull
2024-03-28 00:00:00+00:00,5251.29,4733.50188652795,98.68112812381696,bull
2024-03-29 00:00:00+00:00,5251.78,4738.658882681901,99.35196266984894,bull
2024-04-01 00:00:00+00:00,5283.18,4744.0770032522305,100.10905756865668,bull
2024-04-02 00:00:00+00:00,5240.69,4749.018426105443,99.94230077692919,bull
2024-04-03 00:00:00+00:00,5210.82,4753.613466641707,99.7528251473077,bull
2024-04-04 00:00:00+00:00,5229.67,4758.350347570647,99.759264698082,bull
2024-04-05 00:00:00+00:00,5154.27,4762.289846599795,98.92474465133546,bull
2024-04-06 00:00:00+00:00,5207.99,4766.724673996812,98.19066759012821,bull
2024-04-08 00:00:00+00:00,5214.3,4771.178159827689,97.57643209171874,bull
2024-04-09 00:00:00+00:00,5210.73,4775.551809978658,97.18164172264642,bull
2024-04-10 00:00:00+00:00,5218.81,4779.962339232602,97.21316767565531,bull
2024-04-11 00:00:00+00:00,5153.18,4783.675947797452,96.49373317141999,bull
2024-04-12 00:00:00+00:00,5201.69,4787.835291600462,96.01767612493859,bull
2024-04-13 00:00:00+00:00,5121.99,4791.1602140721,94.47371914857104,bull
2024-04-15 00:00:00+00:00,5143.52,4794.666281593771,92.50830900778965,bull
2024-04-16 00:00:00+00:00,5063.41,4797.340348443584,89.68573876890605,bull
2024-04-17 00:00:00+00:00,5068.51,4800.038553931708,87.05294534831955,bull
2024-04-18 00:00:00+00:00,5029.33,4802.32006085776,84.09639862843505,bull
2024-04-19 00:00:00+00:00,5004.12,4804.328020451216,81.00121058238165,bull
2024-04-20 00:00:00+00:00,4969.6,4805.972517760159,77.6745318701187,bull
2024-04-22 00:00:00+00:00,4988.49,4807.788612110804,74.28672558285416,bull
2024-04-23 00:00:00+00:00,5013.04,4809.830914477861,71.17203179596072,bull
2024-04-24 00:00:00+00:00,5084.25,4812.561452642261,68.48444939003093,bull
2024-04-25 00:00:00+00:00,5043.94,4814.863726745323,65.8453006398804,bull
2024-04-26 00:00:00+00:00,5088.87,4817.590157324972,63.97669068326468,bull
2024-04-27 00:00:00+00:00,5098.85,4820.388762724724,62.038415154077484,bull
2024-04-29 00:00:00+00:00,5113.35,4823.303799911543,61.01395331174808,bull
2024-04-30 00:00:00+00:00,5117.26,4826.228737225857,59.50406322904473,bull
2024-05-01 00:00:00+00:00,5031.0,4828.266262228584,57.08810240089497,bull
2024-05-02 00:00:00+00:00,5040.48,4830.377841708897,54.826031730239265,bull
2024-05-03 00:00:00+00:00,5081.23,4832.873883084928,52.91154385232585,bull
2024-05-04 00:00:00+00:00,5128.18,4835.812252407466,52.13630461001412,bull
2024-05-06 00:00:00+00:00,5135.95,4838.798697657143,50.96340605668047,bull
2024-05-07 00:00:00+00:00,5182.05,4842.21413350135,51.05391942925053,bull
2024-05-08 00:00:00+00:00,5191.28,4845.687425705317,51.021144111546164,bull
2024-05-09 00:00:00+00:00,5187.21,4849.085660275413,51.745311831828985,bull
2024-05-10 00:00:00+00:00,5220.64,4852.7827183821255,52.744164450417884,bull
2024-05-11 00:00:00+00:00,5222.68,4856.463288348473,54.14322749071289,bull
2024-05-13 00:00:00+00:00,5222.2,4860.102459608687,55.774439157471534,bull
2024-05-14 00:00:00+00:00,5223.64,4863.719748567805,57.7472308076467,bull
2024-05-15 00:00:00+00:00,5250.69,4867.570198830812,59.78158672000791,bull
2024-05-16 00:00:00+00:00,5316.39,4872.0360674991625,62.20515302130116,bull
2024-05-17 00:00:00+00:00,5299.01,4876.284564339967,63.72311169770546,bull
2024-05-18 00:00:00+00:00,5306.8,4880.568300018176,65.70457327285294,bull
2024-05-20 00:00:00+00:00,5316.48,4884.905729868742,67.31557254377003,bull
2024-05-21 00:00:00+00:00,5313.76,4889.172936536715,68.78417381199051,bull
2024-05-22 00:00:00+00:00,5329.57,4893.554996869683,70.2511969581401,bull
2024-05-23 00:00:00+00:00,5325.28,4897.850768045109,71.62203081925236,bull
2024-05-24 00:00:00+00:00,5272.08,4901.57444199491,73.30817976632534,bull
2024-05-25 00:00:00+00:00,5306.33,4905.601860482522,75.22401877362518,bull
2024-05-27 00:00:00+00:00,5303.83,4909.564329532448,76.69044644752012,bull
2024-05-28 00:00:00+00:00,5314.65,4913.595032721179,77.78278031371337,bull
2024-05-29 00:00:00+00:00,5308.81,4917.5275199577845,78.7288223006417,bull
2024-05-30 00:00:00+00:00,5257.4,4920.9093356795975,78.6952021782472,bull
2024-05-31 00:00:00+00:00,5233.72,4924.021879603184,78.3344538978672,bull
2024-06-01 00:00:00+00:00,5285.33,4927.616985278774,78.53132500336142,bull
2024-06-03 00:00:00+00:00,5294.96,4931.27213965411,78.48942127198461,bull
2024-06-04 00:00:00+00:00,5290.1,4934.842566125213,78.37927777674031,bull
2024-06-05 00:00:00+00:00,5305.52,4938.5308988005845,78.42843919189727,bull
2024-06-06 00:00:00+00:00,5364.78,4942.772183389633,79.05243482182777,bull
2024-06-07 00:00:00+00:00,5359.79,4946.921614400681,79.35141556986946,bull
2024-06-08 00:00:00+00:00,5352.07,4950.952941620575,78.91687412141255,bull
2024-06-10 00:00:00+00:00,5351.21,4954.935598917883,78.6510345779161,bull
2024-06-11 00:00:00+00:00,5364.89,4959.014747187357,78.44644716918083,bull
2024-06-12 00:00:00+00:00,5384.15,4963.244948707881,78.339218839139,bull
2024-06-13 00:00:00+00:00,5435.26,4967.941615884918,78.76867934820348,bull
2024-06-14 00:00:00+00:00,5437.2,4972.610853537805,79.05585666812203,bull
2024-06-15 00:00:00+00:00,5437.61,4977.237710716534,79.38694267142455,bull
2024-06-17 00:00:00+00:00,5438.73,4981.829673793982,80.25523179907213,bull
2024-06-18 00:00:00+00:00,5489.34,4986.879527786082,81.27766730355961,bull
2024-06-19 00:00:00+00:00,5502.78,4992.012865818062,82.44853628561395,bull
2024-06-20 00:00:00+00:00,5501.83,4997.085673123355,83.49064040217581,bull
2024-06-21 00:00:00+00:00,5486.4,5001.954472395761,84.42695243797607,bull
2024-06-22 00:00:00+00:00,5472.61,5006.6376119739125,85.72827629431504,bull
2024-06-24 00:00:00+00:00,5478.27,5011.330471556262,87.30859195307767,bull
2024-06-25 00:00:00+00:00,5461.54,5015.8101683566965,88.19318307792219,bull
2024-06-26 00:00:00+00:00,5477.39,5020.403002502401,89.13086284829114,bull
2024-06-27 00:00:00+00:00,5469.19,5024.868544766059,90.025978640846,bull
2024-06-28 00:00:00+00:00,5498.83,5029.584579146496,91.05368034591174,bull
2024-06-29 00:00:00+00:00,5466.33,5033.930304727129,91.15812133749569,bull
2024-07-01 00:00:00+00:00,5475.51,5038.324132540789,91.40251814010753,bull
2024-07-02 00:00:00+00:00,5475.81,5042.6772257493385,91.72428412876343,bull
2024-07-03 00:00:00+00:00,5509.75,5047.324716040391,92.38911712250774,bull
2024-07-04 00:00:00+00:00,5539.4,5052.220987522576,93.20624033521926,bull
2024-07-05 00:00:00+00:00,5536.92,5057.04386326862,93.79891456073892,bull
2024-07-06 00:00:00+00:00,5572.96,5062.177357166445,94.23574128152723,bull
2024-07-08 00:00:00+00:00,5563.82,5067.168826249366,94.55797271156098,bull
2024-07-09 00:00:00+00:00,5590.26,5072.373713550368,95.13600283383403,bull
2024-07-10 00:00:00+00:00,5585.71,5077.481537296136,95.6518635021539,bull
2024-07-11 00:00:00+00:00,5636.26,5083.041521999658,96.16199421357578,bull
2024-07-12 00:00:00+00:00,5591.23,5088.098123770806,96.08525795274363,bull
2024-07-13 00:00:00+00:00,5620.78,5093.398440947215,96.31276782385976,bull
2024-07-15 00:00:00+00:00,5627.73,5098.715172878088,96.7607004823276,bull
2024-07-16 00:00:00+00:00,5648.69,5104.18755921761,97.54994724369772,bull
2024-07-17 00:00:00+00:00,5670.1,5109.818528777634,98.4880572213724,bull
2024-07-18 00:00:00+00:00,5607.0,5114.76560809328,98.95543973658368,bull
2024-07-19 00:00:00+00:00,5560.15,5119.19729358489,98.7942910824886,bull
2024-07-20 00:00:00+00:00,5511.25,5123.09831553927,98.22977077321048,bull
2024-07-22 00:00:00+00:00,5532.9,5127.175944240372,97.59136509387554,bull
2024-07-23 00:00:00+00:00,5567.16,5131.55389504395,97.62359031682172,bull
2024-07-24 00:00:00+00:00,5537.46,5135.592761759931,97.26862921914199,bull
2024-07-25 00:00:00+00:00,5448.46,5138.705868608091,96.02864285875239,bull
2024-07-26 00:00:00+00:00,5415.85,5141.463521656767,94.13880561637598,bull
2024-07-27 00:00:00+00:00,5462.27,5144.655625918888,92.43463839631204,bull
2024-07-29 00:00:00+00:00,5479.56,5147.988007750542,90.9441444819222,bull
2024-07-30 00:00:00+00:00,5456.49,5151.057679315213,88.88032214876785,bull
2024-07-31 00:00:00+00:00,5448.67,5154.018995938943,86.85016968957643,bull
2024-08-01 00:00:00+00:00,5556.26,5158.021393989301,85.6476804389331,bull
2024-08-02 00:00:00+00:00,5429.57,5160.723370168512,83.24183287237611,bull
2024-08-03 00:00:00+00:00,5345.58,5162.562739619571,79.52121761991384,bull
2024-08-05 00:00:00+00:00,5296.63,5163.8967422104215,75.7986184396159,bull
2024-08-06 00:00:00+00:00,5247.92,5164.732794526735,71.33435357952021,bull
2024-08-07 00:00:00+00:00,5218.01,5165.26291597423,66.54774309614186,bull
2024-08-08 00:00:00+00:00,5177.81,5165.387762581452,61.200203363841865,bull
2024-08-09 00:00:00+00:00,5333.83,5167.063804744821,57.2452759671869,bull
2024-08-10 00:00:00+00:00,5345.58,5168.840085294623,54.07447720134314,bull
2024-08-12 00:00:00+00:00,5348.44,5170.627149122538,51.42985553764811,bull
2024-08-13 00:00:00+00:00,5351.39,5172.425784454652,49.32746891538227,bull
2024-08-14 00:00:00+00:00,5437.22,5175.060552768537,47.88460852816479,bull
2024-08-15 00:00:00+00:00,5453.57,5177.831791049447,46.277896005496586,bull
2024-08-16 00:00:00+00:00,5553.39,5181.568688650945,45.97592689101384,bull
2024-08-17 00:00:00+00:00,5557.24,5185.306711649443,46.600843041352164,bull
2024-08-19 00:00:00+00:00,5566.09,5189.095600090743,47.63207843397595,bull
2024-08-20 00:00:00+00:00,5610.31,5193.286788149541,48.63116223065299,bull
2024-08-21 00:00:00+00:00,5601.9,5197.352591252531,49.36458350198882,bull
2024-08-22 00:00:00+00:00,5628.1,5201.638635120666,50.580955805452504,bull
2024-08-23 00:00:00+00:00,5588.27,5205.485713378172,51.46671743922889,bull
2024-08-24 00:00:00+00:00,5634.96,5209.759089364459,51.73769537515818,bull
2024-08-26 00:00:00+00:00,5632.6,5213.96646160959,53.24309144107792,bull
2024-08-27 00:00:00+00:00,5618.5,5217.991670946808,55.42893132723657,bull
2024-08-28 00:00:00+00:00,5623.85,5222.030062280671,58.13332007024928,bull
2024-08-29 00:00:00+00:00,5560.52,5225.398121362456,60.66532683572041,bull
2024-08-30 00:00:00+00:00,5603.91,5229.164408712083,63.901492737853005,bull
2024-08-31 00:00:00+00:00,5648.19,5233.33381758062,67.94605499916815,bull
2024-09-02 00:00:00+00:00,5647.11,5237.450993525093,70.38718878027157,bull
2024-09-03 00:00:00+00:00,5648.62,5241.542227420366,72.70214212574228,bull
2024-09-04 00:00:00+00:00,5527.65,5244.389070928621,73.76192180608268,bull
2024-09-05 00:00:00+00:00,5519.16,5247.123110023858,74.69732556920644,bull
2024-09-06 00:00:00+00:00,5506.26,5249.701586541034,74.6410337724974,bull
2024-09-07 00:00:00+00:00,5416.13,5251.357590655054,73.52579960560706,bull
2024-09-09 00:00:00+00:00,5416.08,5252.99661960376,71.42793095281559,bull
2024-09-10 00:00:00+00:00,5485.8,5255.3130711499925,70.00635950054948,bull
2024-09-11 00:00:00+00:00,5497.51,5257.722990840042,68.6273907492996,bull
2024-09-12 00:00:00+00:00,5557.53,5260.706145160042,67.41935701050079,bull
2024-09-13 00:00:00+00:00,5606.19,5264.143795456957,66.79120420442632,bull
2024-09-14 00:00:00+00:00,5631.08,5267.794901969824,66.15626684915878,bull
2024-09-16 00:00:00+00:00,5635.89,5271.45753976117,65.97182638299819,bull
2024-09-17 00:00:00+00:00,5638.45,5275.109206032203,65.35011666774335,bull
2024-09-18 00:00:00+00:00,5648.56,5278.82513433039,64.85867272080031,bull
2024-09-19 00:00:00+00:00,5663.82,5282.65592901367,64.6642580668622,bull
2024-09-20 00:00:00+00:00,5715.38,5286.9616411627885,64.93157888211772,bull
2024-09-21 00:00:00+00:00,5708.19,5291.152968116393,65.75484675393727,bull
2024-09-23 00:00:00+00:00,5715.0,5295.37035151822,66.20594280613659,bull
2024-09-24 00:00:00+00:00,5721.97,5299.615124139929,66.28130655930909,bull
2024-09-25 00:00:00+00:00,5742.04,5304.017361710677,66.566368185584,bull
2024-09-26 00:00:00+00:00,5739.44,5308.349925275745,66.80769785537905,bull
2024-09-27 00:00:00+00:00,5755.95,5312.803657362554,68.41458643393344,bull
2024-09-28 00:00:00+00:00,5741.59,5317.070188135066,69.9470781112077,bull
2024-09-30 00:00:00+00:00,5752.6,5321.403818103871,71.70223156283737,bull
2024-10-01 00:00:00+00:00,5761.74,5325.785272650102,74.42768199504826,bull
2024-10-02 00:00:00+00:00,5704.74,5329.555966454579,76.55934685081866,bull
2024-10-03 00:00:00+00:00,5724.22,5333.482971763488,78.16990061349588,bull
2024-10-04 00:00:00+00:00,5703.52,5337.164932243454,79.44194140341187,bull
2024-10-05 00:00:00+00:00,5754.52,5341.3177189873,80.61157382725833,bull
2024-10-07 00:00:00+00:00,5759.05,5345.474259096879,81.33046363992162,bull
2024-10-08 00:00:00+00:00,5701.89,5349.020684379498,81.22578240967323,bull
2024-10-09 00:00:00+00:00,5753.7,5353.047344236418,81.58980447524846,bull
2024-10-10 00:00:00+00:00,5796.85,5357.463291059937,82.35408502773407,bull
2024-10-11 00:00:00+00:00,5794.05,5361.807437417549,82.98230308715938,bull
2024-10-12 00:00:00+00:00,5818.72,5366.353831075086,83.69790206141624,bull
2024-10-14 00:00:00+00:00,5816.96,5370.837474546976,83.8758333841879,bull
2024-10-15 00:00:00+00:00,5874.24,5375.846454899743,84.69348678334973,bull
2024-10-16 00:00:00+00:00,5825.27,5380.318330970393,84.94797945217306,bull
2024-10-17 00:00:00+00:00,5841.77,5384.90988986621,85.29476572628027,bull
2024-10-18 00:00:00+00:00,5855.1,5389.588398424756,85.57103671407913,bull
2024-10-19 00:00:00+00:00,5869.65,5394.365130778738,86.01520550299301,bull
2024-10-21 00:00:00+00:00,5879.2,5399.1893583331785,86.38570097062438,bull
2024-10-22 00:00:00+00:00,5862.26,5403.797026409466,86.7268382743996,bull
2024-10-23 00:00:00+00:00,5857.2,5408.308498783501,86.90468067962956,bull
2024-10-24 00:00:00+00:00,5810.78,5412.3131903378935,86.52791768779116,bull
2024-10-25 00:00:00+00:00,5819.55,5416.36529789672,86.80933144214123,bull
2024-10-26 00:00:00+00:00,5814.56,5420.327434236056,86.84446247256801,bull
2024-10-28 00:00:00+00:00,5841.64,5424.519599069528,87.35466682607421,bull
2024-10-29 00:00:00+00:00,5832.94,5428.583483655901,87.26576466860024,bull
2024-10-30 00:00:00+00:00,5856.83,5432.8446430225085,87.37038392562954,bull
2024-10-31 00:00:00+00:00,5804.64,5436.544099310842,87.52341493134463,bull
2024-11-01 00:00:00+00:00,5716.26,5439.32734210377,86.279997867352,bull
2024-11-02 00:00:00+00:00,5730.87,5442.228264072887,84.76497301295058,bull
2024-11-04 00:00:00+00:00,5724.35,5445.035445524898,83.22800810734861,bull
2024-11-05 00:00:00+00:00,5718.74,5447.758873927635,81.40504285254883,bull
2024-11-06 00:00:00+00:00,5792.36,5451.187740853729,80.35026630675293,bull
2024-11-07 00:00:00+00:00,5933.65,5455.988360347723,80.1419054479802,bull
2024-11-08 00:00:00+00:00,5983.65,5461.238724921377,80.92039395098436,bull
2024-11-09 00:00:00+00:00,6001.82,5466.617643081363,81.70775321515339,bull
2024-11-11 00:00:00+00:00,6016.0,5472.084134194982,82.49573577022602,bull
2024-11-12 00:00:00+00:00,6006.92,5477.40588410349,83.04075332475259,bull
2024-11-13 00:00:00+00:00,5987.6,5482.48244247062,83.29308413744184,bull
2024-11-14 00:00:00+00:00,5999.7,5487.628885829122,83.83185941965621,bull
2024-11-15 00:00:00+00:00,5947.34,5492.2031257711205,83.89462698761963,bull
2024-11-16 00:00:00+00:00,5877.63,5496.03821904703,83.7250287091365,bull
2024-11-18 00:00:00+00:00,5888.25,5499.940823832632,83.57552593591208,bull
2024-11-19 00:00:00+00:00,5902.56,5503.946984789522,83.61955055346516,bull
2024-11-20 00:00:00+00:00,5931.7,5508.203233697089,83.68363462756042,bull
2024-11-21 00:00:00+00:00,5926.85,5512.36887316279,83.78538950688926,bull
2024-11-22 00:00:00+00:00,5951.35,5516.736844574106,83.89220155159728,bull
2024-11-23 00:00:00+00:00,5973.48,5521.281552588294,84.737453277452,bull
2024-11-25 00:00:00+00:00,5998.56,5526.030591866023,86.70324976225311,bull
2024-11-26 00:00:00+00:00,5984.15,5530.588993937009,88.36072986412182,bull
2024-11-27 00:00:00+00:00,6031.31,5535.5712925048,90.53584697990209,bull
2024-11-28 00:00:00+00:00,6012.26,5540.314463723658,92.55558979602301,bull
2024-11-29 00:00:00+00:00,6022.05,5545.107852144319,93.92011129058938,bull
2024-11-30 00:00:00+00:00,6043.83,5550.070261575719,94.08190122799624,bull
2024-12-02 00:00:00+00:00,6040.23,5554.9474729033245,93.70874798194745,bull
2024-12-03 00:00:00+00:00,6058.5,5559.95794580976,93.34030272839664,bull
2024-12-04 00:00:00+00:00,6065.47,5564.98791649822,92.90378230323859,bull
2024-12-05 00:00:00+00:00,6090.4,5570.215897428587,92.8100133250964,bull
2024-12-06 00:00:00+00:00,6081.45,5575.302803921835,92.82036145121492,bull
2024-12-07 00:00:00+00:00,6095.37,5580.477601892762,92.8487160636405,bull
2024-12-09 00:00:00+00:00,6099.97,5585.646680480894,93.44355470977371,bull
2024-12-10 00:00:00+00:00,6061.14,5590.377957292029,94.33973824499935,bull
2024-12-11 00:00:00+00:00,6051.46,5594.9658383139995,95.02501448136718,bull
2024-12-12 00:00:00+00:00,6087.67,5599.868367286,95.92138249647815,bull
2024-12-13 00:00:00+00:00,6067.31,5604.5195278105175,96.31629411342874,bull
2024-12-14 00:00:00+00:00,6067.57,5609.126995195488,96.75812203269834,bull
2024-12-16 00:00:00+00:00,6070.3,5613.715781312946,96.97893673884028,bull
2024-12-17 00:00:00+00:00,6091.11,5618.465972543663,97.18441995536887,bull
2024-12-18 00:00:00+00:00,6068.9,5622.94790316512,96.91731129909658,bull
2024-12-19 00:00:00+00:00,5889.9,5625.604142934621,95.01514899761241,bull
2024-12-20 00:00:00+00:00,5882.95,5628.164798228805,92.5935057240049,bull
2024-12-21 00:00:00+00:00,5948.22,5631.349427102151,91.03496337849265,bull
2024-12-23 00:00:00+00:00,5971.67,5634.735701459344,89.62784931502574,bull
2024-12-24 00:00:00+00:00,5987.2,5638.24280890751,88.17254733179107,bull
2024-12-25 00:00:00+00:00,6050.29,5642.342780958182,87.3953080548572,bull
2024-12-26 00:00:00+00:00,6049.74,5646.39648463024,86.43853882048006,bull
2024-12-27 00:00:00+00:00,6047.7,5650.389554434914,85.40163793669399,bull
2024-12-28 00:00:00+00:00,5980.42,5653.673439465413,83.45754203682645,bull
2024-12-30 00:00:00+00:00,5979.94,5656.919872903568,81.6170689817327,bull
2024-12-31 00:00:00+00:00,5909.36,5659.431714964229,78.95411307146696,bull
2025-01-01 00:00:00+00:00,5893.96,5661.765329740705,76.11864925981081,bull
2025-01-02 00:00:00+00:00,5895.79,5664.093933424877,73.71597613284757,bull
2025-01-03 00:00:00+00:00,5871.45,5666.157177868411,71.19133955441157,bull
2025-01-04 00:00:00+00:00,5944.53,5668.927056695591,69.05868940959135,bull
2025-01-06 00:00:00+00:00,5948.59,5671.709772549366,67.19024473884838,bull
2025-01-07 00:00:00+00:00,5984.22,5674.819327051362,65.69233185587382,bull
2025-01-08 00:00:00+00:00,5917.25,5677.231572553339,63.5157912403929,bull
2025-01-09 00:00:00+00:00,5910.16,5679.549268348828,61.08329580516511,bull
2025-01-10 00:00:00+00:00,5891.4,5681.6572358279445,58.709332662824636,bull
2025-01-11 00:00:00+00:00,5828.53,5683.118656366971,57.514513432349304,bull
2025-01-13 00:00:00+00:00,5824.8,5684.528420980235,56.36362275142983,bull
2025-01-14 00:00:00+00:00,5855.28,5686.227441666999,54.878014564847945,bull
2025-01-15 00:00:00+00:00,5850.66,5687.863586526034,53.12788506668949,bull
2025-01-16 00:00:00+00:00,5958.71,5690.558575714829,52.31576680731905,bull
2025-01-17 00:00:00+00:00,5939.56,5693.03620182712,50.69342086893812,bull
2025-01-18 00:00:00+00:00,5998.56,5696.076239619885,49.67975498964552,bull
2025-01-20 00:00:00+00:00,5989.67,5698.997570568941,48.60801613402691,bull
2025-01-21 00:00:00+00:00,6034.99,5702.340778821987,48.6673393565743,bull
2025-01-22 00:00:00+00:00,6065.21,5705.951417838684,49.03154493511647,bull
2025-01-23 00:00:00+00:00,6085.46,5709.727622636309,50.29590767207992,bull
2025-01-24 00:00:00+00:00,6117.35,5713.78356668968,52.018236948974845,bull
2025-01-25 00:00:00+00:00,6102.43,5717.650695379335,53.556761954458125,bull
2025-01-27 00:00:00+00:00,6075.08,5721.207205873073,55.050028004661726,bull
2025-01-28 00:00:00+00:00,6025.64,5724.236387904187,55.30933120859572,bull
2025-01-29 00:00:00+00:00,6061.52,5727.592443745936,55.8826711965703,bull
2025-01-30 00:00:00+00:00,6043.45,5730.735305002196,55.91597795083362,bull
2025-01-31 00:00:00+00:00,6084.35,5734.253859181279,57.02228662794005,bull
2025-02-01 00:00:00+00:00,6041.8,5737.31401978644,57.764751437612176,bull
2025-02-03 00:00:00+00:00,5944.21,5739.372686256227,57.715450428282566,bull
2025-02-04 00:00:00+00:00,6033.08,5742.295147089499,59.17649072252789,bull
2025-02-05 00:00:00+00:00,6019.75,5745.055891894578,60.52747091434321,bull
2025-02-06 00:00:00+00:00,6068.55,5748.274738741398,62.04729707439947,bull
2025-02-07 00:00:00+00:00,6079.5,5751.570512485266,63.70692595923174,bull
2025-02-08 00:00:00+00:00,6027.66,5754.317671565014,63.759095850185076,bull
2025-02-10 00:00:00+00:00,6040.28,5757.16306786785,64.12686604073042,bull
2025-02-11 00:00:00+00:00,6058.18,5760.158261222399,64.08202160251403,bull
2025-02-12 00:00:00+00:00,6074.56,5763.286636732624,64.28906616368295,bull
2025-02-13 00:00:00+00:00,6066.85,5766.307167710409,63.966388888421534,bull
2025-02-14 00:00:00+00:00,6115.75,5769.784210817768,63.83279297908393,bull
2025-02-15 00:00:00+00:00,6113.82,5773.207452501174,63.47982986486477,bull
2025-02-17 00:00:00+00:00,6118.8,5776.646184317083,62.86261762740287,bull
2025-02-18 00:00:00+00:00,6125.62,5780.118560592535,62.46786521319973,bull
2025-02-19 00:00:00+00:00,6134.61,5783.64583859659,62.438632723517,bull
2025-02-20 00:00:00+00:00,6140.15,5787.193143685181,62.95675578099417,bull
2025-02-21 00:00:00+00:00,6123.2,5790.536495489309,62.944051743373166,bull
2025-02-22 00:00:00+00:00,6016.83,5792.788172151108,62.0528671489119,bull
2025-02-24 00:00:00+00:00,6038.85,5795.236548547615,60.98268936633576,bull
2025-02-25 00:00:00+00:00,5988.85,5797.163050552116,59.84903076567571,bull
2025-02-26 00:00:00+00:00,5976.51,5798.947597312792,59.574911056564815,bull
2025-02-27 00:00:00+00:00,5970.35,5800.653093856944,58.357946767445355,bull
2025-02-28 00:00:00+00:00,5879.32,5801.43584914195,56.37995724737175,bull
2025-03-01 00:00:00+00:00,5955.46,5802.968427757453,54.69368901605503,bull
2025-03-03 00:00:00+00:00,5968.69,5804.617398625539,53.04688614027327,bull
2025-03-04 00:00:00+00:00,5865.19,5805.220111077026,50.90243951201137,bull
2025-03-05 00:00:00+00:00,5830.17,5805.46836867825,48.305300810399785,bull
2025-03-06 00:00:00+00:00,5841.93,5805.831170979959,45.672909757559864,bull
2025-03-07 00:00:00+00:00,5761.53,5805.3903633085165,42.103726575892324,mixed
2025-03-08 00:00:00+00:00,5778.16,5805.119414419874,38.8122467094654,mixed
2025-03-10 00:00:00+00:00,5731.55,5804.387380445548,34.60316962777961,mixed
2025-03-11 00:00:00+00:00,5601.18,5802.365416461016,29.157963959842164,mixed
2025-03-12 00:00:00+00:00,5592.66,5800.278795401702,23.632611084619384,mixed
2025-03-13 00:00:00+00:00,5620.26,5798.487563606661,18.369003014126065,mixed
2025-03-14 00:00:00+00:00,5552.26,5796.037538098138,12.391699501547919,mixed
2025-03-15 00:00:00+00:00,5637.71,5794.462139709101,7.268996023920408,mixed
2025-03-17 00:00:00+00:00,5610.56,5792.632267672196,2.0957721828863214,mixed
2025-03-18 00:00:00+00:00,5682.91,5791.540503814761,-1.2476683363465781,bear
2025-03-19 00:00:00+00:00,5624.7,5789.880399299192,-5.356149248423208,bear
2025-03-20 00:00:00+00:00,5697.92,5788.9653704504435,-8.197680101672631,bear
2025-03-21 00:00:00+00:00,5665.24,5787.734272237006,-11.213325075786088,bear
2025-03-22 00:00:00+00:00,5666.99,5786.532836692359,-14.120257164585382,bear
2025-03-24 00:00:00+00:00,5705.41,5785.72564428746,-15.710204854489348,bear
2025-03-25 00:00:00+00:00,5764.9,5785.518423946292,-17.45000381116097,bear
2025-03-26 00:00:00+00:00,5786.7,5785.530180921951,-19.087217703588067,mixed
2025-03-27 00:00:00+00:00,5703.2,5784.710975141634,-20.509135935391896,bear
2025-03-28 00:00:00+00:00,5691.66,5783.785094791966,-21.68327388628404,bear
2025-03-29 00:00:00+00:00,5578.99,5781.747332654732,-24.08383832522668,bear
2025-03-31 00:00:00+00:00,5552.44,5779.465667653193,-25.924695655323376,bear
2025-04-01 00:00:00+00:00,5595.4,5777.634168472565,-27.485245947309522,bear
2025-04-02 00:00:00+00:00,5643.45,5776.2990026171165,-28.088377828431476,bear
2025-04-03 00:00:00+00:00,5473.41,5773.285181695554,-29.080234765462592,bear
2025-04-04 00:00:00+00:00,5383.91,5769.410801778185,-30.867993623517577,bear
2025-04-05 00:00:00+00:00,5076.41,5762.515271412233,-35.97229219442761,bear
2025-04-07 00:00:00+00:00,4883.23,5753.766164234002,-42.27137386413597,bear
2025-04-08 00:00:00+00:00,5117.25,5747.43267006252,-47.029469646581674,bear
2025-04-09 00:00:00+00:00,4927.23,5739.271449464883,-53.36081820731306,bear
2025-04-10 00:00:00+00:00,5480.96,5736.701186286128,-54.83931752863282,bear
2025-04-11 00:00:00+00:00,5242.54,5731.784159556913,-58.09623974227816,bear
2025-04-12 00:00:00+00:00,5359.96,5728.084416675751,-60.8809537746929,bear
2025-04-14 00:00:00+00:00,5398.62,5724.8061637735045,-62.9281084635013,bear
2025-04-15 00:00:00+00:00,5390.14,5721.476152193669,-65.05668449868972,bear
2025-04-16 00:00:00+00:00,5355.39,5717.833503913135,-67.89214037432521,bear
2025-04-17 00:00:00+00:00,5277.63,5713.45336954584,-72.06505440045203,bear
2025-04-18 00:00:00+00:00,5296.55,5709.305077311554,-76.22510361039713,bear
2025-04-21 00:00:00+00:00,5265.57,5704.889802910444,-79.82117223118985,bear
2025-04-22 00:00:00+00:00,5178.54,5699.652491438698,-84.13260335326777,bear
2025-04-23 00:00:00+00:00,5386.76,5696.53913331493,-85.20819933980238,bear
2025-04-24 00:00:00+00:00,5386.14,5693.450584724732,-86.0150829284612,bear
2025-04-25 00:00:00+00:00,5504.04,5691.56590228966,-86.06826618290506,bear
2025-04-26 00:00:00+00:00,5523.97,5689.898281371355,-86.40072124576182,bear
2025-04-28 00:00:00+00:00,5507.86,5688.086955188555,-85.19822650699825,bear
2025-04-29 00:00:00+00:00,5532.99,5686.543701903097,-82.86709987508766,bear
2025-04-30 00:00:00+00:00,5549.64,5685.181476013514,-77.3337953987193,bear
2025-05-01 00:00:00+00:00,5612.92,5684.462456351688,-69.30370788231357,bear
2025-05-02 00:00:00+00:00,5590.8,5683.530491611871,-63.902178450648535,bear
2025-05-03 00:00:00+00:00,5686.01,5683.555163337126,-55.716286127756575,mixed
2025-05-05 00:00:00+00:00,5659.13,5683.31212688601,-53.38905940011773,bear
2025-05-06 00:00:00+00:00,5648.0,5682.960762439384,-48.82339711752957,bear
2025-05-07 00:00:00+00:00,5653.92,5682.671799629042,-45.412617046708874,bear
2025-05-08 00:00:00+00:00,5628.51,5682.132876249648,-42.67328752385674,bear
2025-05-09 00:00:00+00:00,5661.81,5681.930658575522,-39.54549361814679,bear
2025-05-10 00:00:00+00:00,5659.43,5681.706771425517,-36.12673248761803,bear
2025-05-12 00:00:00+00:00,5729.63,5682.183619471035,-31.269750074805415,mixed
2025-05-13 00:00:00+00:00,5841.04,5683.764279973811,-25.540797337742333,mixed
2025-05-14 00:00:00+00:00,5892.71,5685.84334186462,-19.04646104582389,mixed
2025-05-15 00:00:00+00:00,5881.29,5687.788084731639,-11.86440670705906,mixed
2025-05-16 00:00:00+00:00,5920.52,5690.103825182071,-6.435308132859063,mixed
2025-05-17 00:00:00+00:00,5925.64,5692.447468712598,-1.0031160121343419,mixed
2025-05-19 00:00:00+00:00,5926.74,5694.778737680631,3.2128353909711223,bull
2025-05-20 00:00:00+00:00,5974.95,5697.566511435053,7.668230063698502,bull
2025-05-21 00:00:00+00:00,5943.54,5700.014008833709,11.927053645154047,bull
2025-05-22 00:00:00+00:00,5849.99,5701.506307253275,14.96260535017791,bull
2025-05-23 00:00:00+00:00,5849.4,5702.977886285581,17.796410272067078,bull
2025-05-24 00:00:00+00:00,5800.24,5703.945668511596,19.483212159907453,bull
2025-05-26 00:00:00+00:00,5857.3,5705.471582257749,21.94109064587792,bull
2025-05-27 00:00:00+00:00,5871.44,5707.12300929996,23.567845962834326,bull
2025-05-28 00:00:00+00:00,5930.81,5709.348750500956,26.03662361494571,bull
2025-05-29 00:00:00+00:00,5984.71,5712.088663431295,29.127900991910792,bull
2025-05-30 00:00:00+00:00,5899.7,5713.955442899641,31.283643270598986,bull
2025-05-31 00:00:00+00:00,5907.71,5715.883348940441,33.750472690792776,bull
2025-06-02 00:00:00+00:00,5896.15,5717.677046960935,35.7463883854125,bull
2025-06-03 00:00:00+00:00,5932.91,5719.81866838421,38.11189695869234,bull
2025-06-04 00:00:00+00:00,5981.81,5722.42554730576,40.241927834725175,bull
2025-06-05 00:00:00+00:00,5972.59,5724.914745840031,41.15046586621975,bull
2025-06-06 00:00:00+00:00,5945.32,5727.107832946101,41.26449108148063,bull
2025-06-07 00:00:00+00:00,6008.68,5729.909546051115,42.12146131947611,bull
2025-06-09 00:00:00+00:00,6002.16,5732.618505791901,42.514680609830066,bull
2025-06-10 00:00:00+00:00,6013.26,5735.410958470588,42.96348975799083,bull
2025-06-11 00:00:00+00:00,6041.28,5738.454431520633,43.67569384000217,bull
2025-06-12 00:00:00+00:00,6018.85,5741.244437177144,43.67792574209125,bull
2025-06-13 00:00:00+00:00,6015.85,5743.976830837074,43.962822003364636,bull
2025-06-14 00:00:00+00:00,5981.71,5746.342335007849,44.83602775457439,bull
2025-06-16 00:00:00+00:00,5989.46,5748.761416251552,45.783529965970956,bull
2025-06-17 00:00:00+00:00,6002.76,5751.288765343576,47.3430968319808,bull
2025-06-18 00:00:00+00:00,5974.76,5753.512359718267,48.04077746051826,bull
2025-06-19 00:00:00+00:00,5984.61,5755.8118387260465,48.68882942608616,bull
2025-06-20 00:00:00+00:00,5969.02,5757.933312967579,48.58456246662263,bull
2025-06-21 00:00:00+00:00,5977.89,5760.121936719145,48.033273287850534,bull
2025-06-23 00:00:00+00:00,5953.5,5762.0460965527855,48.09065365314473,bull
2025-06-24 00:00:00+00:00,6061.95,5765.030214995047,49.14686605460611,bull
2025-06-25 00:00:00+00:00,6099.1,5768.354292457783,50.67724549684863,bull
2025-06-26 00:00:00+00:00,6100.04,5771.654647756711,51.83597937250124,bull
2025-06-27 00:00:00+00:00,6150.62,5775.425447281519,52.999899975759035,bull
2025-06-28 00:00:00+00:00,6174.36,5779.39494531852,54.48019947848843,bull
2025-06-30 00:00:00+00:00,6194.3,5783.523353822813,56.415520876712435,bull
2025-07-01 00:00:00+00:00,6204.94,5787.716554282288,57.807008231172404,bull
2025-07-02 00:00:00+00:00,6207.3,5791.891513941171,59.27300814927003,bull
2025-07-03 00:00:00+00:00,6233.39,5796.28453370295,60.87357523236187,bull
2025-07-04 00:00:00+00:00,6271.85,5801.016528392473,62.56209687184037,bull
2025-07-05 00:00:00+00:00,6240.84,5805.392881343792,64.148444166648,bull
2025-07-07 00:00:00+00:00,6260.78,5809.9240964548,65.94726561772586,bull
2025-07-08 00:00:00+00:00,6227.55,5814.079578082115,67.73724307426619,bull
2025-07-09 00:00:00+00:00,6230.79,5818.225950439508,69.4645341879559,bull
2025-07-10 00:00:00+00:00,6264.62,5822.667682275931,71.37891693235451,bull
2025-07-11 00:00:00+00:00,6291.52,5827.332879467215,73.82051974894785,bull
2025-07-12 00:00:00+00:00,6255.48,5831.593049820775,75.78121109472886,bull
2025-07-14 00:00:00+00:00,6236.94,5835.626352807633,77.69303984005455,bull
2025-07-15 00:00:00+00:00,6265.6,5839.904697555817,79.78276083667151,bull
2025-07-16 00:00:00+00:00,6235.26,5843.8385811622275,81.792484609442,bull
2025-07-17 00:00:00+00:00,6256.23,5847.9419783645935,82.91176336954686,bull
2025-07-18 00:00:00+00:00,6313.97,5852.579073107235,84.22478064945153,bull
2025-07-19 00:00:00+00:00,6296.94,5857.000574867362,85.34592711065125,bull
2025-07-21 00:00:00+00:00,6307.51,5861.483255714454,86.05780843293451,bull
2025-07-22 00:00:00+00:00,6313.85,5865.984417349136,86.58947203061598,bull
2025-07-23 00:00:00+00:00,6329.0,5870.591537574517,87.06818375170405,bull
2025-07-24 00:00:00+00:00,6370.82,5875.568935210591,87.85238092830332,bull
2025-07-25 00:00:00+00:00,6379.01,5880.578299039342,88.68678509817073,bull
2025-07-26 00:00:00+00:00,6393.84,5885.68538064094,89.40084693798963,bull
2025-07-28 00:00:00+00:00,6417.06,5890.972690286304,89.95616189383054,bull
2025-07-29 00:00:00+00:00,6399.34,5896.031071477485,90.63819013369266,bull
2025-07-30 00:00:00+00:00,6379.89,5900.8455881792015,90.92149172440168,bull
2025-07-31 00:00:00+00:00,6414.81,5905.959661928662,91.88008384654677,bull
2025-08-01 00:00:00+00:00,6335.39,5910.232600615939,92.00665017643132,bull
2025-08-02 00:00:00+00:00,6238.57,5913.499639415781,90.83195713984969,bull
2025-08-04 00:00:00+00:00,6246.94,5916.817453948957,89.48457448174213,bull
2025-08-05 00:00:00+00:00,6340.85,5921.036683262899,89.44363344212343,bull
2025-08-06 00:00:00+00:00,6294.57,5924.753432683169,89.12707987553586,bull
2025-08-07 00:00:00+00:00,6359.0,5929.0742940495065,89.16959649368982,bull
2025-08-08 00:00:00+00:00,6355.5,5933.31733589976,89.47875473753265,bull
2025-08-09 00:00:00+00:00,6401.31,5937.973979323644,90.03200095905049,bull
2025-08-11 00:00:00+00:00,6394.96,5942.521103907488,89.94203080025363,bull
2025-08-12 00:00:00+00:00,6379.84,5946.8725357094045,89.87196084204243,bull
2025-08-13 00:00:00+00:00,6452.96,5951.9082318715,90.42497615704633,bull
2025-08-14 00:00:00+00:00,6469.15,5957.054916131486,91.07049878235011,bull
2025-08-15 00:00:00+00:00,6471.71,5962.17586223963,91.58432466511294,bull
2025-08-16 00:00:00+00:00,6448.97,5967.019585003415,91.45064979282415,bull
2025-08-18 00:00:00+00:00,6464.88,5971.973419978505,91.39512093916346,bull
2025-08-19 00:00:00+00:00,6456.5,5976.794579978719,91.1091993377795,bull
2025-08-20 00:00:00+00:00,6412.72,5981.13214634709,90.1594560607864,bull
2025-08-21 00:00:00+00:00,6396.81,5985.268244393388,89.2371729159031,bull
2025-08-22 00:00:00+00:00,6384.17,5989.237416090967,88.39182791176518,bull
2025-08-23 00:00:00+00:00,6470.43,5994.02540200051,88.06574007184827,bull
2025-08-25 00:00:00+00:00,6471.47,5998.776094517918,88.54349390197876,bull
2025-08-26 00:00:00+00:00,6448.49,6003.250859746596,89.75122033081516,bull
2025-08-27 00:00:00+00:00,6476.81,6007.962890992898,91.14543704394055,bull
2025-08-28 00:00:00+00:00,6466.96,6012.530026405904,91.4933431430054,bull
2025-08-29 00:00:00+00:00,6506.11,6017.441269924253,92.6878372410838,bull
2025-08-30 00:00:00+00:00,6467.31,6021.917575696151,92.84328164664475,bull
2025-09-01 00:00:00+00:00,6482.55,6026.500982903155,93.18364700339498,bull
2025-09-02 00:00:00+00:00,6464.01,6030.854306456357,92.88032713271332,bull
2025-09-03 00:00:00+00:00,6431.83,6034.844114352314,92.32301044482574,bull
2025-09-04 00:00:00+00:00,6452.37,6038.998600776669,92.12606506726479,bull
2025-09-05 00:00:00+00:00,6512.07,6043.705778878395,91.797547006895,bull
2025-09-06 00:00:00+00:00,6484.33,6048.090099486571,91.03518335508488,bull
2025-09-08 00:00:00+00:00,6503.6,6052.6225363076,90.44667406796998,bull
2025-09-09 00:00:00+00:00,6508.91,6057.162710075683,90.14312507226805,bull
2025-09-10 00:00:00+00:00,6530.45,6061.872036343587,89.89861636508158,bull
2025-09-11 00:00:00+00:00,6546.09,6066.690125534198,89.89554555547875,bull
2025-09-12 00:00:00+00:00,6594.12,6071.938183986594,90.8060376395033,bull
2025-09-13 00:00:00+00:00,6588.95,6077.082580165832,91.81433577244388,bull
2025-09-15 00:00:00+00:00,6590.31,6082.189320661695,92.9519045707284,bull
2025-09-16 00:00:00+00:00,6624.04,6087.580869709838,93.55546770932779,bull
2025-09-17 00:00:00+00:00,6619.3,6092.871607324666,94.09551280674805,bull
2025-09-18 00:00:00+00:00,6630.65,6098.222636107505,94.97177636090964,bull
2025-09-19 00:00:00+00:00,6650.95,6103.722410872605,95.75951987970711,bull
2025-09-20 00:00:00+00:00,6666.62,6109.323381908699,96.79335550279484,bull
2025-09-22 00:00:00+00:00,6664.11,6114.843646765329,97.40237684107615,bull
2025-09-23 00:00:00+00:00,6701.32,6120.6792323696545,98.76165667350324,bull
2025-09-24 00:00:00+00:00,6669.33,6126.138443987867,99.6374610847115,bull
2025-09-25 00:00:00+00:00,6650.62,6131.357165938237,100.50285948187957,bull
2025-09-26 00:00:00+00:00,6612.11,6136.140776227408,101.29666187509429,bull
2025-09-27 00:00:00+00:00,6651.19,6141.265644125643,102.26704334897386,bull
2025-09-29 00:00:00+00:00,6661.01,6146.437229756234,102.73145087783905,bull
2025-09-30 00:00:00+00:00,6667.03,6151.617257320849,103.52715783427811,bull
2025-10-01 00:00:00+00:00,6679.59,6156.870717447009,104.2481811394091,bull
2025-10-02 00:00:00+00:00,6716.75,6162.441655581864,105.27894550618112,bull
2025-10-03 00:00:00+00:00,6726.25,6168.051688859657,106.17965251606984,bull
2025-10-04 00:00:00+00:00,6720.05,6173.544209368517,106.85408383431877,bull
2025-10-06 00:00:00+00:00,6737.4,6179.154714747935,107.21653076134135,bull
2025-10-07 00:00:00+00:00,6738.88,6184.724120571339,107.64154040550693,bull
2025-10-08 00:00:00+00:00,6719.02,6190.040497481077,107.85117681938209,bull
2025-10-09 00:00:00+00:00,6769.25,6195.803776113106,108.2229064032681,bull
2025-10-10 00:00:00+00:00,6749.45,6201.312693763723,108.44108643905656,bull
2025-10-11 00:00:00+00:00,6511.37,6204.397841089457,106.17520498195154,bull
2025-10-13 00:00:00+00:00,6632.25,6208.655076501503,104.93266562889767,bull
2025-10-14 00:00:00+00:00,6654.95,6213.095822008951,103.77244010025152,bull
2025-10-15 00:00:00+00:00,6653.97,6217.482629750155,102.63898298482582,bull
2025-10-16 00:00:00+00:00,6680.0,6222.084792638213,101.40556026855847,bull
2025-10-17 00:00:00+00:00,6617.14,6226.015690223902,99.87724623603572,bull
2025-10-18 00:00:00+00:00,6676.57,6230.498817684361,99.1416517461239,bull
2025-10-20 00:00:00+00:00,6673.07,6234.902511040736,98.76173481332717,bull
2025-10-21 00:00:00+00:00,6746.86,6239.99661540849,98.73097128284644,bull
2025-10-22 00:00:00+00:00,6739.35,6244.965305802435,98.52807604620102,bull
2025-10-23 00:00:00+00:00,6697.05,6249.46366096858,97.84640364773168,bull
2025-10-24 00:00:00+00:00,6751.8,6254.462032501231,97.59131505422192,bull
2025-10-25 00:00:00+00:00,6796.31,6259.853554565895,97.41189898403081,bull
2025-10-27 00:00:00+00:00,6843.81,6265.664066460762,97.61237760110544,bull
2025-10-28 00:00:00+00:00,6884.82,6271.824822018367,98.2806126498499,bull
2025-10-29 00:00:00+00:00,6902.0,6278.095221799278,98.94050705134305,bull
2025-10-30 00:00:00+00:00,6897.81,6284.261538000281,99.53741742894181,bull
2025-10-31 00:00:00+00:00,6874.7,6290.136547572418,100.09605009134066,bull
2025-11-01 00:00:00+00:00,6848.97,6295.697079437369,99.89330332426289,bull
2025-11-03 00:00:00+00:00,6871.78,6301.429247801177,100.11655403745408,bull
2025-11-04 00:00:00+00:00,6857.42,6306.961494091713,102.5636530022557,bull
2025-11-05 00:00:00+00:00,6775.03,6311.618892160452,102.96381565894899,bull
2025-11-06 00:00:00+00:00,6819.45,6316.671938009602,103.57611600065138,bull
2025-11-07 00:00:00+00:00,6747.56,6320.959381412492,103.47675166233694,bull
2025-11-08 00:00:00+00:00,6749.6,6325.224462194457,103.13966955624437,bull
2025-11-10 00:00:00+00:00,6771.05,6329.660537197498,103.64484697359603,bull
2025-11-11 00:00:00+00:00,6850.05,6334.838541802499,104.33972411813829,bull
2025-11-12 00:00:00+00:00,6859.14,6340.055471734813,105.15296069407759,bull
2025-11-13 00:00:00+00:00,6846.79,6345.097606344418,105.10099093592817,bull
2025-11-14 00:00:00+00:00,6753.41,6349.160416231538,104.1951104291029,bull
2025-11-15 00:00:00+00:00,6751.6,6353.164790199384,103.70112923080342,bull
2025-11-17 00:00:00+00:00,6755.31,6357.166235073022,102.70420257179103,bull
2025-11-18 00:00:00+00:00,6690.75,6360.485476515081,100.63192194918611,bull
2025-11-19 00:00:00+00:00,6631.15,6363.17865585324,97.51458939247823,bull
2025-11-20 00:00:00+00:00,6722.44,6366.753395595995,94.92857357762841,bull
2025-11-21 00:00:00+00:00,6558.16,6368.657938923399,90.56271712412126,bull
2025-11-22 00:00:00+00:00,6622.48,6371.183531570928,86.92199357064692,bull
2025-11-24 00:00:00+00:00,6647.51,6373.933048669725,83.79650109730756,bull
2025-11-25 00:00:00+00:00,6716.49,6377.341575548634,81.64449611126474,bull
2025-11-26 00:00:00+00:00,6778.67,6381.334893204867,79.90564540368996,bull
2025-11-27 00:00:00+00:00,6825.7,6385.756436556062,78.79494246434933,bull
2025-11-28 00:00:00+00:00,6833.86,6390.2151784808775,78.59628632042586,bull
2025-11-29 00:00:00+00:00,6855.12,6394.841097102959,78.16915909335694,bull
2025-12-01 00:00:00+00:00,6852.3,6399.392926982531,78.43354557003931,bull
2025-12-02 00:00:00+00:00,6824.73,6403.625136664297,78.40067446983994,bull
2025-12-03 00:00:00+00:00,6846.25,6408.029364160175,78.3688269626764,bull
2025-12-04 00:00:00+00:00,6863.69,6412.563300835199,77.7247590326997,bull
2025-12-05 00:00:00+00:00,6863.7,6417.052223214949,76.99675148013557,bull
2025-12-06 00:00:00+00:00,6880.73,6421.66593243669,76.5683260922724,bull
2025-12-08 00:00:00+00:00,6883.2,6426.258311218415,77.09789498687678,bull
2025-12-09 00:00:00+00:00,6871.71,6430.69066633067,77.52587613128617,bull
2025-12-10 00:00:00+00:00,6850.91,6434.871953232853,77.70571815983112,bull
2025-12-11 00:00:00+00:00,6888.46,6439.385267131034,78.89979061595295,bull
2025-12-12 00:00:00+00:00,6910.18,6444.0697918361975,80.89113598295717,bull
2025-12-13 00:00:00+00:00,6842.18,6448.031087439817,81.27769184382214,bull
2025-12-15 00:00:00+00:00,6842.15,6451.952668659322,83.29472973592237,bull
2025-12-16 00:00:00+00:00,6824.95,6455.664084891568,84.48055332063996,bull
2025-12-17 00:00:00+00:00,6795.95,6459.050014395134,85.11696572540859,bull
2025-12-18 00:00:00+00:00,6733.21,6461.777974450904,84.43639890227041,bull
2025-12-19 00:00:00+00:00,6781.85,6464.962770725025,83.62787752015811,bull
2025-12-20 00:00:00+00:00,6844.55,6468.739758080995,82.98332152493276,bull
2025-12-22 00:00:00+00:00,6859.96,6472.632496806557,82.41731832567984,bull
2025-12-23 00:00:00+00:00,6885.35,6476.7391386293775,81.89804152641864,bull
2025-12-24 00:00:00+00:00,6912.4,6481.074072573364,81.68114559083278,bull
2025-12-25 00:00:00+00:00,6935.43,6485.595027075122,81.96989041082452,bull
2025-12-26 00:00:00+00:00,6940.92,6490.125623820643,82.0962596604686,bull
2025-12-27 00:00:00+00:00,6934.38,6494.546065374667,81.98276453946801,bull
2025-12-29 00:00:00+00:00,6938.34,6498.96192542069,81.90970220574127,bull
2025-12-30 00:00:00+00:00,6910.46,6503.056433625459,81.39050118876912,bull
2025-12-31 00:00:00+00:00,6902.3,6507.029006425206,80.77069520679106,bull
2026-01-01 00:00:00+00:00,6854.32,6510.48463820207,79.79397187139966,bull
2026-01-02 00:00:00+00:00,6863.35,6513.9957363294125,79.12378309655924,bull
2026-01-03 00:00:00+00:00,6859.67,6517.435281241558,78.05001411052399,bull
2026-01-05 00:00:00+00:00,6869.95,6520.942890383434,76.87309854723662,bull
2026-01-06 00:00:00+00:00,6904.78,6524.762165105987,76.73107766616977,bull
2026-01-07 00:00:00+00:00,6950.66,6528.999954507918,77.0472858485964,bull
2026-01-08 00:00:00+00:00,6929.15,6532.981547000377,77.3174621088092,bull
2026-01-09 00:00:00+00:00,6927.9,6536.911083846145,77.86106945101074,bull
2026-01-10 00:00:00+00:00,6967.68,6541.197341718323,79.41936726741824,bull
2026-01-12 00:00:00+00:00,6963.5,6545.399358218638,80.43658749361293,bull
2026-01-13 00:00:00+00:00,6971.59,6549.640061121934,80.90030304093943,bull
2026-01-14 00:00:00+00:00,6964.11,6553.764140115746,81.1316433091888,bull
2026-01-15 00:00:00+00:00,6927.02,6557.478128771311,80.73899014193375,bull
2026-01-16 00:00:00+00:00,6957.16,6561.4550628133875,80.3809902400235,bull
2026-01-17 00:00:00+00:00,6945.55,6565.2769029843985,79.68187590927664,bull
2026-01-19 00:00:00+00:00,6903.05,6568.637829322862,78.51220550221842,bull
2026-01-20 00:00:00+00:00,6877.15,6571.70760216542,77.16153679075342,bull
2026-01-21 00:00:00+00:00,6803.14,6574.010412094122,75.04848667343231,bull
2026-01-22 00:00:00+00:00,6894.35,6577.197870680251,74.14143705479182,bull
2026-01-23 00:00:00+00:00,6912.64,6580.535603310299,73.50659688509313,bull
2026-01-24 00:00:00+00:00,6905.65,6583.77057243159,73.28593422952054,bull
2026-01-26 00:00:00+00:00,6888.26,6586.800317979535,72.8045816501226,bull
2026-01-27 00:00:00+00:00,6955.64,6590.470364566803,73.03508332524507,bull
2026-01-28 00:00:00+00:00,6987.21,6594.418022630816,73.47513224738213,bull
2026-01-29 00:00:00+00:00,6971.71,6598.172171659366,73.41000655337848,bull
2026-01-30 00:00:00+00:00,6962.5,6601.797324180168,72.79736967225017,bull
2026-01-31 00:00:00+00:00,6938.21,6605.144713989321,72.16316698894389,bull
2026-02-02 00:00:00+00:00,6924.9,6608.326358626243,71.41527478009812,bull
2026-02-03 00:00:00+00:00,6994.72,6612.171071475733,70.97372975741018,bull
2026-02-04 00:00:00+00:00,6923.46,6615.2684737496065,69.86911553096888,bull
2026-02-05 00:00:00+00:00,6900.29,6618.104508836675,68.46444771474125,bull
2026-02-06 00:00:00+00:00,6753.32,6619.449936609445,65.68579649369894,bull
2026-02-07 00:00:00+00:00,6926.25,6622.502673558605,65.02454478729396,bull
2026-02-09 00:00:00+00:00,6957.45,6625.835482776927,64.38041996353968,bull
2026-02-10 00:00:00+00:00,6962.45,6629.184880958252,63.90797797385312,bull
2026-02-11 00:00:00+00:00,6958.95,6632.466125923841,63.82829660097923,bull
2026-02-12 00:00:00+00:00,6941.65,6635.542582382311,63.83498021689047,bull
2026-02-13 00:00:00+00:00,6844.81,6637.624845244179,63.61443315005636,bull
2026-02-14 00:00:00+00:00,6831.96,6639.558528376077,62.360657695826376,bull
2026-02-16 00:00:00+00:00,6847.32,6641.625806700694,61.09020339039489,bull
2026-02-17 00:00:00+00:00,6850.62,6643.705350912628,59.93477848103794,bull
2026-02-18 00:00:00+00:00,6838.6,6645.644601152304,58.84428317276888,bull
2026-02-19 00:00:00+00:00,6883.35,6648.009829001535,57.5394644347316,bull
2026-02-20 00:00:00+00:00,6868.9,6650.2077411507735,55.789718519957205,bull
2026-02-21 00:00:00+00:00,6912.89,6652.82149497017,54.64932331080399,bull
2026-02-23 00:00:00+00:00,6897.29,6655.254017408278,53.45669322810954,bull
2026-02-24 00:00:00+00:00,6847.35,6657.165420220136,52.02070623081545,bull
2026-02-25 00:00:00+00:00,6896.4,6659.5458638000355,51.21950517379264,bull
2026-02-26 00:00:00+00:00,6940.53,6662.3417258517775,50.170654376044695,bull
2026-02-27 00:00:00+00:00,6884.5,6664.5522559428055,49.28378219319893,bull
2026-02-28 00:00:00+00:00,6866.26,6666.55929817223,48.45478933555478,bull
2026-03-02 00:00:00+00:00,6810.59,6667.99243948395,48.54250287450486,bull
2026-03-03 00:00:00+00:00,6869.8,6670.000474911971,47.4978013533655,bull
2026-03-04 00:00:00+00:00,6803.14,6671.325246305882,45.48976352895443,bull
2026-03-05 00:00:00+00:00,6880.54,6673.406985148609,44.22210419035764,bull
2026-03-06 00:00:00+00:00,6836.81,6675.032885793898,42.56675987005656,bull
2026-03-07 00:00:00+00:00,6737.95,6675.658926731272,40.11634434896132,bull
2026-03-09 00:00:00+00:00,6621.77,6675.12271850509,37.49787326091155,mixed
2026-03-10 00:00:00+00:00,6769.09,6676.05771633091,36.49918795483245,bull
2026-03-11 00:00:00+00:00,6796.02,6677.251370894782,35.62556419408793,bull
2026-03-12 00:00:00+00:00,6727.39,6677.750262726675,34.04491181404683,bull
2026-03-13 00:00:00+00:00,6678.51,6677.757822301534,32.11322114923041,bull
2026-03-14 00:00:00+00:00,6626.8,6677.2507792935585,29.240950292023626,mixed
2026-03-16 00:00:00+00:00,6647.87,6676.958433230936,26.75069208016248,mixed
2026-03-17 00:00:00+00:00,6702.66,6677.214170213713,24.392675243543636,bull
2026-03-18 00:00:00+00:00,6716.85,6677.608556579747,22.354539171468787,bull
2026-03-19 00:00:00+00:00,6621.69,6677.05215303169,19.886732811553884,mixed
2026-03-20 00:00:00+00:00,6627.22,6676.556310712967,17.01044691293191,mixed
2026-03-21 00:00:00+00:00,6541.59,6675.213362347665,12.871636495887287,mixed
2026-03-23 00:00:00+00:00,6494.54,6673.415617448683,8.863361505877947,mixed
2026-03-24 00:00:00+00:00,6601.87,6672.703720757652,6.144422585422035,mixed
2026-03-25 00:00:00+00:00,6606.3,6672.042987217775,4.050547733824715,mixed
2026-03-26 00:00:00+00:00,6587.99,6671.206639086255,1.2061641742839129,mixed
2026-03-27 00:00:00+00:00,6508.74,6669.59005561276,-1.7351906931216945,bear
2026-03-28 00:00:00+00:00,6362.08,6666.530254064375,-6.876731084234052,bear
2026-03-30 00:00:00+00:00,6330.55,6663.187166959257,-11.845718834640138,bear
2026-03-31 00:00:00+00:00,6336.22,6659.933762312897,-15.725164418375243,bear
2026-04-01 00:00:00+00:00,6556.21,6658.901685075953,-16.221033429137606,bear
2026-04-02 00:00:00+00:00,6580.84,6658.124951891117,-17.932764439792663,bear
2026-04-03 00:00:00+00:00,6590.83,6657.455350379762,-19.796020515019336,bear
2026-04-04 00:00:00+00:00,6570.25,6656.587635450611,-21.162627276064086,bear
2026-04-06 00:00:00+00:00,6556.14,6655.588156490903,-22.16966581063116,bear
2026-04-07 00:00:00+00:00,6613.11,6655.165488267113,-22.085291026445702,bear
2026-04-08 00:00:00+00:00,6774.97,6656.357572960973,-20.60086026996305,mixed
2026-04-09 00:00:00+00:00,6780.48,6657.592621986237,-19.621548227476524,mixed
2026-04-10 00:00:00+00:00,6823.86,6659.247023757518,-18.361532822228583,mixed
2026-04-11 00:00:00+00:00,6827.06,6660.916804615652,-16.13534841603814,mixed
2026-04-13 00:00:00+00:00,6752.7,6661.830070241367,-14.72624047160025,mixed
2026-04-14 00:00:00+00:00,6895.35,6664.153651632001,-11.059710715663641,mixed
2026-04-15 00:00:00+00:00,6977.35,6667.270033207802,-6.145584240881362,mixed
2026-04-16 00:00:00+00:00,7037.63,6670.95520700673,-1.7485137509220294,mixed
2026-04-17 00:00:00+00:00,7053.7,6674.763612907162,2.7206256893869067,bull
2026-04-18 00:00:00+00:00,7134.79,6679.34098989316,8.134350806905786,bull
2026-04-20 00:00:00+00:00,7078.76,6683.315308401686,13.7252527889259,bull
2026-04-21 00:00:00+00:00,7127.39,6687.73396204943,21.20370798505519,bull
2026-04-22 00:00:00+00:00,7105.03,6691.886161432023,28.698994472765662,bull
2026-04-23 00:00:00+00:00,7136.44,6696.309582711307,36.375820398409815,bull
2026-04-24 00:00:00+00:00,7129.11,6700.616054525125,41.71436944917241,bull
2026-04-25 00:00:00+00:00,7171.49,6705.301367415423,47.17641552430541,bull
2026-04-27 00:00:00+00:00,7155.45,6709.780458286911,52.32510790714878,bull
2026-04-28 00:00:00+00:00,7196.05,6714.618961189529,58.031325738917985,bull
2026-04-29 00:00:00+00:00,7158.89,6719.039568540877,63.45141204997344,bull
2026-04-30 00:00:00+00:00,7172.62,6723.5528066648485,68.38731839773573,bull
2026-05-01 00:00:00+00:00,7232.88,6728.62073893684,72.2631659758672,bull
2026-05-02 00:00:00+00:00,7224.2,6733.551875862842,75.95925387660554,bull
2026-05-04 00:00:00+00:00,7243.41,6738.625091028387,79.378067270869,bull
2026-05-05 00:00:00+00:00,7207.71,6743.292602560444,82.37579794479188,bull
2026-05-06 00:00:00+00:00,7296.25,6748.794666216559,86.96459597519151,bull
2026-05-07 00:00:00+00:00,7362.7,6754.903177000474,90.74952536847286,bull
2026-05-08 00:00:00+00:00,7346.08,6760.78553344823,93.51550024042808,bull
2026-05-09 00:00:00+00:00,7402.8,6767.173737095512,96.21853008878134,bull
2026-05-11 00:00:00+00:00,7385.94,6773.330615333368,98.56700242620627,bull
2026-05-12 00:00:00+00:00,7422.4,6779.789017170848,100.44802727768729,bull
2026-05-13 00:00:00+00:00,7396.99,6785.930320482581,102.61501208089521,bull
2026-05-14 00:00:00+00:00,7465.8,6792.69519291559,104.9612308661599,bull
2026-05-15 00:00:00+00:00,7506.89,6799.80160890648,107.91544747445732,bull
2026-05-16 00:00:00+00:00,7403.1,6805.804577972088,109.49499526078125,bull
2026-05-18 00:00:00+00:00,7397.82,6811.695278688783,111.07922416365818,bull
2026-05-19 00:00:00+00:00,7416.71,6817.715325667005,112.4139582515827,bull
2026-05-20 00:00:00+00:00,7370.71,6823.217760237483,113.43730195057196,bull
2026-05-21 00:00:00+00:00,7409.72,6829.053603419201,114.43464222967214,bull
2026-05-22 00:00:00+00:00,7469.05,6835.421726768264,116.38215822738766,bull
2026-05-23 00:00:00+00:00,7475.25,6841.788177248182,118.23537058333386,bull
2026-05-25 00:00:00+00:00,7529.78,6848.633867026808,120.01312808996772,bull
2026-05-26 00:00:00+00:00,7539.97,6855.512833524054,121.96095766121198,bull
2026-05-27 00:00:00+00:00,7536.74,6862.291213289985,123.6661222615976,bull
2026-05-28 00:00:00+00:00,7528.21,6868.917270869189,125.62466830874564,bull
2026-05-29 00:00:00+00:00,7579.86,6875.991327875467,127.19666165890794,bull
2026-05-30 00:00:00+00:00,7585.3,6883.0491256080495,128.14594860757552,bull
2026-06-01 00:00:00+00:00,7602.17,6890.20455719404,129.41902374580968,bull
2026-06-02 00:00:00+00:00,7593.79,6897.205407371214,130.0316702757027,bull
2026-06-03 00:00:00+00:00,7622.97,6904.426945606327,131.09633027295877,bull
2026-06-04 00:00:00+00:00,7533.12,6910.682597888852,130.89358071800416,bull
2026-06-05 00:00:00+00:00,7573.15,6917.274313332744,131.34399285016298,bull
2026-06-06 00:00:00+00:00,7369.14,6921.770489319483,129.07529640389293,bull
2026-06-08 00:00:00+00:00,7402.12,6926.550086440682,126.74847753420181,bull
2026-06-09 00:00:00+00:00,7412.97,6931.390085580576,125.58550760848811,bull
2026-06-10 00:00:00+00:00,7382.3,6935.876751395695,124.18147270691134,bull
2026-06-11 00:00:00+00:00,7253.62,6939.0383757599175,121.32305009291213,bull
2026-06-12 00:00:00+00:00,7420.46,6943.82864067773,120.61088044024655,bull
2026-06-13 00:00:00+00:00,7443.74,6948.802883059046,119.74927963984464,bull
2026-06-15 00:00:00+00:00,7505.16,6954.338774769901,118.91704800163643,bull
2026-06-16 00:00:00+00:00,7566.17,6960.426647657763,118.6384704095808,bull
2026-06-17 00:00:00+00:00,7538.07,6966.1743427059455,117.54047567913767,bull
2026-06-18 00:00:00+00:00,7488.61,6971.372707455141,115.85987393108644,bull
2026-06-19 00:00:00+00:00,7512.96,6976.76163573917,114.47042244918521,bull
2026-06-20 00:00:00+00:00,7504.53,6982.013062249228,113.09579138003846,bull
2026-06-22 00:00:00+00:00,7465.77,6986.826564117396,110.83523624192912,bull
2026-06-23 00:00:00+00:00,7482.0,6991.7536629819,108.70453737385014,bull
2026-06-24 00:00:00+00:00,7398.63,6995.802183748249,105.59762655420946,bull
2026-06-25 00:00:00+00:00,7423.96,7000.062460526874,102.85705315565974,bull
2026-06-26 00:00:00+00:00,7376.27,7003.805819128597,99.37887352227062,bull
2026-06-27 00:00:00+00:00,7355.48,7007.305064709408,96.62246682055593,bull
2026-06-29 00:00:00+00:00,7402.37,7011.236059090409,93.96174575766508,bull
2026-06-30 00:00:00+00:00,7450.82,7015.6100286516985,93.83953933221528,bull
2026-07-01 00:00:00+00:00,7500.62,7020.435998515861,93.88591207517857,bull
2026-07-02 00:00:00+00:00,7491.06,7025.118824401276,93.72873882069962,bull
2026-07-03 00:00:00+00:00,7492.92,7029.773562466935,93.89681107124034,bull
2026-07-04 00:00:00+00:00,7513.84,7034.590143934926,95.55176817500887,bull
2026-07-06 00:00:00+00:00,7528.12,7039.500888771395,95.67224809366508,bull
2026-07-07 00:00:00+00:00,7544.74,7044.528143609491,95.72526055044546,bull
2026-07-08 00:00:00+00:00,7498.75,7049.047764071088,94.7089893011871,bull
2026-07-09 00:00:00+00:00,7487.74,7053.412860946002,92.98621328823901,bull
2026-07-10 00:00:00+00:00,7549.17,7058.3457678022605,92.17142509631503,bull
2026-07-11 00:00:00+00:00,7588.15,7063.617451704727,92.24474424958589,bull
2026-07-13 00:00:00+00:00,7562.42,7068.580661140501,91.8190254013316,bull
2026-07-14 00:00:00+00:00,7517.22,7073.04473416398,91.03167191475222,bull
2026-07-15 00:00:00+00:00,7565.62,7077.94598059021,91.11941647281401,bull
2026-07-16 00:00:00+00:00,7580.2,7082.943533022148,91.18987004024802,bull
2026-07-17 00:00:00+00:00,7525.69,7087.348970504515,91.54678675626565,bull
2026-07-18 00:00:00+00:00,7463.2,7091.088781743276,91.02632121640181,bull
2026-07-20 00:00:00+00:00,7472.71,7094.8860077955815,91.08018866698421,bull
2026-07-21 00:00:00+00:00,7455.02,7098.469430603585,91.16436589417754,bull
2026-07-22 00:00:00+00:00,7513.62,7102.6002820403655,91.36422294995646,bull
2026-07-23 00:00:00+00:00,7501.02,7106.564657343447,90.95462869174844,bull
2026-07-24 00:00:00+00:00,7420.12,7109.684611001721,89.24861248586058,bull
2026-07-25 00:00:00+00:00,7415.85,7112.731032782799,87.61220838152349,bull
2026-07-27 00:00:00+00:00,7484.12,7116.426445391926,86.65288292499099,bull
2026-07-28 00:00:00+00:00,7421.68,7119.463794193996,84.87365025907002,bull
2026-07-29 00:00:00+00:00,7469.52,7122.9469405204245,83.44605174902972,bull
2026-07-30 00:00:00+00:00,7354.36,7125.2495580276845,80.72141441819349,bull
2026-07-31 00:00:00+00:00,7465.42,7128.634338544822,79.58657447373389,bull
2026-08-01 00:00:00+00:00,7489.04,7132.2204645294505,78.80760358344833,bull
2026-08-03 00:00:00+00:00,7531.21,7136.1905096585115,77.84474185625095,bull
2026-08-04 00:00:00+00:00,7616.07,7140.965429960416,77.34797825568967,bull
2026-08-05 00:00:00+00:00,7758.46,7147.109654537925,78.52899339742362,bull
2026-08-06 00:00:00+00:00,7744.76,7153.056424144513,80.01168998053254,bull
2026-08-07 00:00:00+00:00,7722.92,7158.726708481383,80.78072789117323,bull
2026-08-08 00:00:00+00:00,7759.53,7164.704850685548,81.7613176634004,bull
2026-08-10 00:00:00+00:00,7751.9,7170.547588489672,83.1986179851574,bull
2026-08-11 00:00:00+00:00,7756.76,7176.380547808183,85.29176606490728,bull
2026-08-12 00:00:00+00:00,7741.63,7182.0049204668085,87.11891267122701,bull
2026-08-13 00:00:00+00:00,7755.58,7187.712135188533,89.2427045849472,bull
2026-08-14 00:00:00+00:00,7812.63,7193.930223395612,91.32994135524677,bull
2026-08-15 00:00:00+00:00,7788.73,7199.84862913297,93.2839717895231,bull
2026-08-17 00:00:00+00:00,7800.79,7205.828145261001,96.14353425927948,bull
2026-08-18 00:00:00+00:00,7757.23,7211.3147308802945,98.58369809749547,bull
2026-08-19 00:00:00+00:00,7700.14,7216.178663906361,99.7522185144353,bull
2026-08-20 00:00:00+00:00,7729.54,7221.286736902319,101.82294270832244,bull
2026-08-21 00:00:00+00:00,7655.94,7225.611644992844,102.66470447241954,bull
2026-08-22 00:00:00+00:00,7677.41,7230.107151012816,104.8575929851313,bull
2026-08-24 00:00:00+00:00,7694.34,7234.726383341047,106.09204479622531,bull
2026-08-25 00:00:00+00:00,7662.98,7238.987613357554,106.76714882810393,bull
2026-08-26 00:00:00+00:00,7675.39,7243.329925662454,107.13941600394264,bull
2026-08-27 00:00:00+00:00,7732.83,7248.200573168301,107.2351432078849,bull
2026-08-28 00:00:00+00:00,7723.73,7252.93220925618,105.82255471825465,bull
2026-08-29 00:00:00+00:00,7719.81,7257.577759412835,104.52133526832222,bull
2026-08-31 00:00:00+00:00,7685.98,7261.840468274399,103.11375979301647,bull
2026-09-01 00:00:00+00:00,7701.28,7266.2130009283865,101.50815024283838,bull
