available_at,close,ema,slope,regime
2022-01-03 00:00:00+00:00,1828.521,,,unavailable
2022-01-04 00:00:00+00:00,1804.17,,,unavailable
2022-01-05 00:00:00+00:00,1813.942,,,unavailable
2022-01-06 00:00:00+00:00,1810.313,,,unavailable
2022-01-07 00:00:00+00:00,1791.433,,,unavailable
2022-01-08 00:00:00+00:00,1796.968,,,unavailable
2022-01-10 00:00:00+00:00,1795.214,,,unavailable
2022-01-11 00:00:00+00:00,1801.294,,,unavailable
2022-01-12 00:00:00+00:00,1820.791,,,unavailable
2022-01-13 00:00:00+00:00,1825.346,,,unavailable
2022-01-14 00:00:00+00:00,1820.887,,,unavailable
2022-01-15 00:00:00+00:00,1817.708,,,unavailable
2022-01-17 00:00:00+00:00,1816.447,,,unavailable
2022-01-18 00:00:00+00:00,1819.129,,,unavailable
2022-01-19 00:00:00+00:00,1814.279,,,unavailable
2022-01-20 00:00:00+00:00,1838.563,,,unavailable
2022-01-21 00:00:00+00:00,1838.958,,,unavailable
2022-01-22 00:00:00+00:00,1834.733,,,unavailable
2022-01-24 00:00:00+00:00,1834.737,,,unavailable
2022-01-25 00:00:00+00:00,1843.59,,,unavailable
2022-01-26 00:00:00+00:00,1849.595,,,unavailable
2022-01-27 00:00:00+00:00,1821.997,,,unavailable
2022-01-28 00:00:00+00:00,1797.274,,,unavailable
2022-01-29 00:00:00+00:00,1791.703,,,unavailable
2022-01-31 00:00:00+00:00,1789.533,,,unavailable
2022-02-01 00:00:00+00:00,1797.807,,,unavailable
2022-02-02 00:00:00+00:00,1800.763,,,unavailable
2022-02-03 00:00:00+00:00,1807.899,,,unavailable
2022-02-04 00:00:00+00:00,1805.787,,,unavailable
2022-02-05 00:00:00+00:00,1807.801,,,unavailable
2022-02-07 00:00:00+00:00,1810.097,,,unavailable
2022-02-08 00:00:00+00:00,1822.072,,,unavailable
2022-02-09 00:00:00+00:00,1826.203,,,unavailable
2022-02-10 00:00:00+00:00,1832.61,,,unavailable
2022-02-11 00:00:00+00:00,1826.865,,,unavailable
2022-02-12 00:00:00+00:00,1859.024,,,unavailable
2022-02-14 00:00:00+00:00,1859.606,,,unavailable
2022-02-15 00:00:00+00:00,1871.117,,,unavailable
2022-02-16 00:00:00+00:00,1853.032,,,unavailable
2022-02-17 00:00:00+00:00,1869.975,,,unavailable
2022-02-18 00:00:00+00:00,1900.012,,,unavailable
2022-02-19 00:00:00+00:00,1897.876,,,unavailable
2022-02-21 00:00:00+00:00,1904.932,,,unavailable
2022-02-22 00:00:00+00:00,1909.481,,,unavailable
2022-02-23 00:00:00+00:00,1898.227,,,unavailable
2022-02-24 00:00:00+00:00,1910.826,,,unavailable
2022-02-25 00:00:00+00:00,1906.6,,,unavailable
2022-02-26 00:00:00+00:00,1889.071,,,unavailable
2022-02-28 00:00:00+00:00,1910.279,,,unavailable
2022-03-01 00:00:00+00:00,1906.336,,,unavailable
2022-03-02 00:00:00+00:00,1942.338,,,unavailable
2022-03-03 00:00:00+00:00,1928.874,,,unavailable
2022-03-04 00:00:00+00:00,1934.939,,,unavailable
2022-03-05 00:00:00+00:00,1970.386,,,unavailable
2022-03-07 00:00:00+00:00,1988.652,,,unavailable
2022-03-08 00:00:00+00:00,1998.804,,,unavailable
2022-03-09 00:00:00+00:00,2043.896,,,unavailable
2022-03-10 00:00:00+00:00,1989.936,,,unavailable
2022-03-11 00:00:00+00:00,1995.455,,,unavailable
2022-03-12 00:00:00+00:00,1988.215,,,unavailable
2022-03-14 00:00:00+00:00,1974.37,,,unavailable
2022-03-15 00:00:00+00:00,1952.253,,,unavailable
2022-03-16 00:00:00+00:00,1918.154,,,unavailable
2022-03-17 00:00:00+00:00,1927.102,,,unavailable
2022-03-18 00:00:00+00:00,1944.016,,,unavailable
2022-03-19 00:00:00+00:00,1921.339,,,unavailable
2022-03-21 00:00:00+00:00,1919.054,,,unavailable
2022-03-22 00:00:00+00:00,1935.647,,,unavailable
2022-03-23 00:00:00+00:00,1919.733,,,unavailable
2022-03-24 00:00:00+00:00,1946.174,,,unavailable
2022-03-25 00:00:00+00:00,1959.285,,,unavailable
2022-03-26 00:00:00+00:00,1958.312,,,unavailable
2022-03-28 00:00:00+00:00,1957.278,,,unavailable
2022-03-29 00:00:00+00:00,1924.11,,,unavailable
2022-03-30 00:00:00+00:00,1916.423,,,unavailable
2022-03-31 00:00:00+00:00,1934.113,,,unavailable
2022-04-01 00:00:00+00:00,1936.771,,,unavailable
2022-04-02 00:00:00+00:00,1924.564,,,unavailable
2022-04-04 00:00:00+00:00,1924.743,,,unavailable
2022-04-05 00:00:00+00:00,1931.562,,,unavailable
2022-04-06 00:00:00+00:00,1920.687,,,unavailable
2022-04-07 00:00:00+00:00,1923.875,,,unavailable
2022-04-08 00:00:00+00:00,1933.007,,,unavailable
2022-04-09 00:00:00+00:00,1947.936,,,unavailable
2022-04-11 00:00:00+00:00,1944.675,,,unavailable
2022-04-12 00:00:00+00:00,1952.867,,,unavailable
2022-04-13 00:00:00+00:00,1965.967,,,unavailable
2022-04-14 00:00:00+00:00,1977.15,,,unavailable
2022-04-15 00:00:00+00:00,1973.22,,,unavailable
2022-04-18 00:00:00+00:00,1986.661,,,unavailable
2022-04-19 00:00:00+00:00,1977.23,,,unavailable
2022-04-20 00:00:00+00:00,1949.786,,,unavailable
2022-04-21 00:00:00+00:00,1956.865,,,unavailable
2022-04-22 00:00:00+00:00,1950.966,,,unavailable
2022-04-23 00:00:00+00:00,1931.568,,,unavailable
2022-04-25 00:00:00+00:00,1932.732,,,unavailable
2022-04-26 00:00:00+00:00,1899.444,,,unavailable
2022-04-27 00:00:00+00:00,1906.598,,,unavailable
2022-04-28 00:00:00+00:00,1885.702,,,unavailable
2022-04-29 00:00:00+00:00,1895.584,,,unavailable
2022-04-30 00:00:00+00:00,1896.789,,,unavailable
2022-05-02 00:00:00+00:00,1897.304,,,unavailable
2022-05-03 00:00:00+00:00,1863.219,,,unavailable
2022-05-04 00:00:00+00:00,1868.398,,,unavailable
2022-05-05 00:00:00+00:00,1894.001,,,unavailable
2022-05-06 00:00:00+00:00,1874.299,,,unavailable
2022-05-07 00:00:00+00:00,1883.699,,,unavailable
2022-05-09 00:00:00+00:00,1881.325,,,unavailable
2022-05-10 00:00:00+00:00,1854.705,,,unavailable
2022-05-11 00:00:00+00:00,1833.653,,,unavailable
2022-05-12 00:00:00+00:00,1854.133,,,unavailable
2022-05-13 00:00:00+00:00,1821.448,,,unavailable
2022-05-14 00:00:00+00:00,1811.559,,,unavailable
2022-05-16 00:00:00+00:00,1813.23,,,unavailable
2022-05-17 00:00:00+00:00,1826.422,,,unavailable
2022-05-18 00:00:00+00:00,1814.59,,,unavailable
2022-05-19 00:00:00+00:00,1816.084,,,unavailable
2022-05-20 00:00:00+00:00,1842.141,,,unavailable
2022-05-21 00:00:00+00:00,1846.555,,,unavailable
2022-05-23 00:00:00+00:00,1846.352,,,unavailable
2022-05-24 00:00:00+00:00,1853.952,,,unavailable
2022-05-25 00:00:00+00:00,1867.398,,,unavailable
2022-05-26 00:00:00+00:00,1854.042,,,unavailable
2022-05-27 00:00:00+00:00,1852.868,,,unavailable
2022-05-28 00:00:00+00:00,1853.092,,,unavailable
2022-05-30 00:00:00+00:00,1849.918,,,unavailable
2022-05-31 00:00:00+00:00,1852.453,,,unavailable
2022-06-01 00:00:00+00:00,1836.472,,,unavailable
2022-06-02 00:00:00+00:00,1846.017,,,unavailable
2022-06-03 00:00:00+00:00,1869.924,,,unavailable
2022-06-04 00:00:00+00:00,1851.028,,,unavailable
2022-06-06 00:00:00+00:00,1851.547,,,unavailable
2022-06-07 00:00:00+00:00,1839.454,,,unavailable
2022-06-08 00:00:00+00:00,1853.634,,,unavailable
2022-06-09 00:00:00+00:00,1852.76,,,unavailable
2022-06-10 00:00:00+00:00,1846.987,,,unavailable
2022-06-11 00:00:00+00:00,1871.601,,,unavailable
2022-06-13 00:00:00+00:00,1877.018,,,unavailable
2022-06-14 00:00:00+00:00,1821.082,,,unavailable
2022-06-15 00:00:00+00:00,1810.971,,,unavailable
2022-06-16 00:00:00+00:00,1833.896,,,unavailable
2022-06-17 00:00:00+00:00,1850.878,,,unavailable
2022-06-18 00:00:00+00:00,1840.317,,,unavailable
2022-06-20 00:00:00+00:00,1838.501,,,unavailable
2022-06-21 00:00:00+00:00,1839.145,,,unavailable
2022-06-22 00:00:00+00:00,1831.388,,,unavailable
2022-06-23 00:00:00+00:00,1836.631,,,unavailable
2022-06-24 00:00:00+00:00,1824.651,,,unavailable
2022-06-25 00:00:00+00:00,1827.168,,,unavailable
2022-06-27 00:00:00+00:00,1831.093,,,unavailable
2022-06-28 00:00:00+00:00,1823.562,,,unavailable
2022-06-29 00:00:00+00:00,1818.446,,,unavailable
2022-06-30 00:00:00+00:00,1818.952,,,unavailable
2022-07-01 00:00:00+00:00,1806.617,,,unavailable
2022-07-02 00:00:00+00:00,1809.41,,,unavailable
2022-07-04 00:00:00+00:00,1808.139,,,unavailable
2022-07-05 00:00:00+00:00,1809.354,,,unavailable
2022-07-06 00:00:00+00:00,1769.595,,,unavailable
2022-07-07 00:00:00+00:00,1740.027,,,unavailable
2022-07-08 00:00:00+00:00,1741.791,,,unavailable
2022-07-09 00:00:00+00:00,1742.318,,,unavailable
2022-07-11 00:00:00+00:00,1742.034,,,unavailable
2022-07-12 00:00:00+00:00,1733.307,,,unavailable
2022-07-13 00:00:00+00:00,1725.355,,,unavailable
2022-07-14 00:00:00+00:00,1732.059,,,unavailable
2022-07-15 00:00:00+00:00,1711.724,,,unavailable
2022-07-16 00:00:00+00:00,1707.508,,,unavailable
2022-07-18 00:00:00+00:00,1710.365,,,unavailable
2022-07-19 00:00:00+00:00,1708.284,,,unavailable
2022-07-20 00:00:00+00:00,1710.023,,,unavailable
2022-07-21 00:00:00+00:00,1695.474,,,unavailable
2022-07-22 00:00:00+00:00,1718.145,,,unavailable
2022-07-23 00:00:00+00:00,1727.538,,,unavailable
2022-07-25 00:00:00+00:00,1724.742,,,unavailable
2022-07-26 00:00:00+00:00,1719.059,,,unavailable
2022-07-27 00:00:00+00:00,1717.969,,,unavailable
2022-07-28 00:00:00+00:00,1738.838,,,unavailable
2022-07-29 00:00:00+00:00,1754.977,,,unavailable
2022-07-30 00:00:00+00:00,1766.247,,,unavailable
2022-08-01 00:00:00+00:00,1762.21,,,unavailable
2022-08-02 00:00:00+00:00,1772.297,,,unavailable
2022-08-03 00:00:00+00:00,1756.744,,,unavailable
2022-08-04 00:00:00+00:00,1763.655,,,unavailable
2022-08-05 00:00:00+00:00,1793.449,,,unavailable
2022-08-06 00:00:00+00:00,1775.697,,,unavailable
2022-08-08 00:00:00+00:00,1774.627,,,unavailable
2022-08-09 00:00:00+00:00,1789.261,,,unavailable
2022-08-10 00:00:00+00:00,1794.15,,,unavailable
2022-08-11 00:00:00+00:00,1791.729,,,unavailable
2022-08-12 00:00:00+00:00,1789.019,,,unavailable
2022-08-13 00:00:00+00:00,1802.003,,,unavailable
2022-08-15 00:00:00+00:00,1799.172,,,unavailable
2022-08-16 00:00:00+00:00,1778.578,,,unavailable
2022-08-17 00:00:00+00:00,1775.625,,,unavailable
2022-08-18 00:00:00+00:00,1764.978,,,unavailable
2022-08-19 00:00:00+00:00,1758.456,,,unavailable
2022-08-20 00:00:00+00:00,1747.445,,,unavailable
2022-08-22 00:00:00+00:00,1745.733,,,unavailable
2022-08-23 00:00:00+00:00,1735.289,,,unavailable
2022-08-24 00:00:00+00:00,1746.039,1823.5460516776568,,unavailable
2022-08-25 00:00:00+00:00,1751.049,1822.8246879793717,,unavailable
2022-08-26 00:00:00+00:00,1756.452,1822.1642632233581,,unavailable
2022-08-27 00:00:00+00:00,1738.067,1821.3274745345686,,unavailable
2022-08-29 00:00:00+00:00,1734.803,1820.4665344894486,,unavailable
2022-08-30 00:00:00+00:00,1739.595,1819.6618426039815,,unavailable
2022-08-31 00:00:00+00:00,1723.373,1818.7037446676236,,unavailable
2022-09-01 00:00:00+00:00,1709.021,1817.612374073916,,unavailable
2022-09-02 00:00:00+00:00,1697.275,1816.4149872672106,,unavailable
2022-09-03 00:00:00+00:00,1712.601,1815.382012269527,,unavailable
2022-09-05 00:00:00+00:00,1708.027,1814.3138031922183,,unavailable
2022-09-06 00:00:00+00:00,1713.996,1813.3156160957785,,unavailable
2022-09-07 00:00:00+00:00,1703.547,1812.2233910599996,,unavailable
2022-09-08 00:00:00+00:00,1716.622,1811.2721334375121,,unavailable
2022-09-09 00:00:00+00:00,1710.717,1810.2715848460941,,unavailable
2022-09-10 00:00:00+00:00,1717.255,1809.3460466884217,,unavailable
2022-09-12 00:00:00+00:00,1718.465,1808.4417576666465,,unavailable
2022-09-13 00:00:00+00:00,1725.315,1807.6146257495654,,unavailable
2022-09-14 00:00:00+00:00,1702.166,1806.565385692356,,unavailable
2022-09-15 00:00:00+00:00,1697.581,1805.4809639441733,,unavailable
2022-09-16 00:00:00+00:00,1662.426,1804.0575314671169,-19.488520210539946,bear
2022-09-17 00:00:00+00:00,1675.355,1802.776909263464,-20.047778715907725,bear
2022-09-19 00:00:00+00:00,1678.015,1801.5354972309917,-20.628765992366425,bear
2022-09-20 00:00:00+00:00,1675.821,1800.2846067112805,-21.042867823288134,bear
2022-09-21 00:00:00+00:00,1666.468,1798.9530981867904,-21.513436302658192,bear
2022-09-22 00:00:00+00:00,1667.111,1797.64123651329,-22.020606090691444,bear
2022-09-23 00:00:00+00:00,1672.792,1796.398955552959,-22.304789114664572,bear
2022-09-24 00:00:00+00:00,1643.946,1794.8820107215863,-22.730363352329732,bear
2022-09-26 00:00:00+00:00,1644.122,1793.3819111124162,-23.033076154794344,bear
2022-09-27 00:00:00+00:00,1627.738,1791.7337129918947,-23.648299277632304,bear
2022-09-28 00:00:00+00:00,1628.866,1790.113138733269,-24.200664458949404,bear
2022-09-29 00:00:00+00:00,1656.184,1788.7805104871668,-24.53510560861173,bear
2022-09-30 00:00:00+00:00,1664.636,1787.5452417261006,-24.678149333899,bear
2022-10-01 00:00:00+00:00,1661.032,1786.2864034999702,-24.98572993754192,bear
2022-10-03 00:00:00+00:00,1664.221,1785.0718223706172,-25.199762475476973,bear
2022-10-04 00:00:00+00:00,1701.065,1784.2359335908102,-25.110113097611475,bear
2022-10-05 00:00:00+00:00,1725.632,1783.6528098734889,-24.788947793157604,bear
2022-10-06 00:00:00+00:00,1718.448,1783.0040057951458,-24.61061995441969,bear
2022-10-07 00:00:00+00:00,1711.938,1782.2968813593732,-24.26850433298273,bear
2022-10-08 00:00:00+00:00,1695.07,1781.4289521916185,-24.05201175255479,bear
2022-10-10 00:00:00+00:00,1696.762,1780.586494955881,-23.471036511235752,bear
2022-10-11 00:00:00+00:00,1670.2,1779.4881218717433,-23.28878739172069,bear
2022-10-12 00:00:00+00:00,1664.105,1778.3400311068506,-23.19546612414115,bear
2022-10-13 00:00:00+00:00,1674.551,1777.3073044291705,-22.97730228211003,bear
2022-10-14 00:00:00+00:00,1663.51,1776.1749929423133,-22.778105244477047,bear
2022-10-15 00:00:00+00:00,1644.335,1774.8631522165194,-22.778084296770658,bear
2022-10-17 00:00:00+00:00,1647.539,1773.5962452292904,-22.802710323668634,bear
2022-10-18 00:00:00+00:00,1650.767,1772.3740636847203,-22.50794703686597,bear
2022-10-19 00:00:00+00:00,1652.374,1771.1800332002954,-22.201877912120835,bear
2022-10-20 00:00:00+00:00,1627.166,1769.747057745566,-21.98665524632861,bear
2022-10-21 00:00:00+00:00,1627.049,1768.3271765739685,-21.785962159300425,bear
2022-10-22 00:00:00+00:00,1657.875,1767.2281499413918,-21.552360545774945,bear
2022-10-24 00:00:00+00:00,1661.32,1766.1743375041642,-21.37090422193637,bear
2022-10-25 00:00:00+00:00,1651.811,1765.0363938474065,-21.250009652563676,bear
2022-10-26 00:00:00+00:00,1652.823,1763.9198426648452,-21.151979705771964,bear
2022-10-27 00:00:00+00:00,1667.582,1762.9612571656926,-21.274676425117605,bear
2022-10-28 00:00:00+00:00,1661.931,1761.9559809749892,-21.69682889849969,bear
2022-10-29 00:00:00+00:00,1644.666,1760.7889164876758,-22.215089307469952,bear
2022-10-31 00:00:00+00:00,1643.515,1759.6220118460076,-22.674869513365593,bear
2022-11-01 00:00:00+00:00,1632.485,1758.3569669520175,-23.071985239600963,bear
2022-11-02 00:00:00+00:00,1646.841,1757.2473553405548,-23.339139615326303,bear
2022-11-03 00:00:00+00:00,1633.79,1756.0189239441315,-23.46919792761173,bear
2022-11-04 00:00:00+00:00,1629.806,1754.7630739546375,-23.576957152213026,bear
2022-11-05 00:00:00+00:00,1681.034,1754.0294513282233,-23.27785310094714,bear
2022-11-07 00:00:00+00:00,1672.729,1753.2204916135147,-22.954501328798642,bear
2022-11-08 00:00:00+00:00,1674.141,1752.4336310004448,-22.42952121607459,bear
2022-11-09 00:00:00+00:00,1711.656,1752.0278834283013,-21.568361800989123,bear
2022-11-10 00:00:00+00:00,1706.518,1751.575048767323,-20.799014917397244,bear
2022-11-11 00:00:00+00:00,1752.265,1751.5819139537182,-19.5981192465772,mixed
2022-11-12 00:00:00+00:00,1771.06,1751.7757257551737,-17.9713319903924,mixed
2022-11-14 00:00:00+00:00,1763.507,1751.8924548521372,-16.434721721831238,mixed
2022-11-15 00:00:00+00:00,1769.55,1752.0681518187828,-15.159998122609068,mixed
2022-11-16 00:00:00+00:00,1780.814,1752.3541801588945,-13.820157345269763,mixed
2022-11-17 00:00:00+00:00,1773.912,1752.5686858289555,-12.467708018451049,mixed
2022-11-18 00:00:00+00:00,1760.127,1752.6438929351352,-11.275949729709964,mixed
2022-11-19 00:00:00+00:00,1750.921,1752.6267497218503,-10.334507443842313,bear
2022-11-21 00:00:00+00:00,1752.33,1752.6237969882995,-9.332183986689643,bear
2022-11-22 00:00:00+00:00,1738.574,1752.4839980132915,-8.304918474384294,bear
2022-11-23 00:00:00+00:00,1741.208,1752.3717990280845,-7.250212817923057,bear
2022-11-24 00:00:00+00:00,1752.34,1752.371482619845,-5.985484332172518,bear
2022-11-25 00:00:00+00:00,1755.365,1752.4012688624337,-4.846086478121151,mixed
2022-11-26 00:00:00+00:00,1756.149,1752.438559719524,-3.5803642246075924,mixed
2022-11-28 00:00:00+00:00,1750.968,1752.4239272845039,-2.3391466701336867,bear
2022-11-29 00:00:00+00:00,1741.299,1752.3132314906284,-1.7162198375949629,bear
2022-11-30 00:00:00+00:00,1748.953,1752.2797963514183,-0.9406952620963693,bear
2022-12-01 00:00:00+00:00,1773.4,1752.4899476315038,0.05631663105896223,bull
2022-12-02 00:00:00+00:00,1802.322,1752.9857889486034,0.9579055203021198,bull
2022-12-03 00:00:00+00:00,1798.014,1753.4338308496124,1.8587820822892809,bull
2022-12-05 00:00:00+00:00,1799.015,1753.887374821258,2.3054608675397503,bull
2022-12-06 00:00:00+00:00,1769.416,1754.0418885046286,2.2661627494549066,bull
2022-12-07 00:00:00+00:00,1770.983,1754.2104567782146,2.318001926077386,bull
2022-12-08 00:00:00+00:00,1787.033,1754.5370492480831,2.468897429300341,bull
2022-12-09 00:00:00+00:00,1789.276,1754.8827104495947,2.528530290700246,bull
2022-12-10 00:00:00+00:00,1797.524,1755.307001887907,2.7383160589515683,bull
2022-12-12 00:00:00+00:00,1795.022,1755.7021759984752,3.0582830633400135,bull
2022-12-13 00:00:00+00:00,1781.961,1755.9634578293362,3.336708107485947,bull
2022-12-14 00:00:00+00:00,1809.657,1756.497721930537,3.8739249422374087,bull
2022-12-15 00:00:00+00:00,1807.685,1757.007048080482,4.523050067190525,bull
2022-12-16 00:00:00+00:00,1776.559,1757.2015948657508,4.829795837666325,bull
2022-12-17 00:00:00+00:00,1793.131,1757.5591013844996,5.187618764654644,bull
2022-12-19 00:00:00+00:00,1791.085,1757.8926924154998,5.49142355306617,bull
2022-12-20 00:00:00+00:00,1787.324,1758.1855412471864,5.746981527662456,bull
2022-12-21 00:00:00+00:00,1817.268,1758.773426408906,6.3494991244022,bull
2022-12-22 00:00:00+00:00,1814.961,1759.3325067431458,7.0192752525174456,bull
2022-12-23 00:00:00+00:00,1793.509,1759.6725713526666,7.39277500124831,bull
2022-12-24 00:00:00+00:00,1798.537,1760.059282085476,7.56933445397226,bull
2022-12-27 00:00:00+00:00,1801.35,1760.4701350000485,7.484346051445073,bull
2022-12-28 00:00:00+00:00,1812.422,1760.9870689801476,7.553238130535192,bull
2022-12-29 00:00:00+00:00,1805.834,1761.4333070997482,7.545932278490227,bull
2022-12-30 00:00:00+00:00,1815.164,1761.9679408599497,7.92605235532119,bull
2022-12-31 00:00:00+00:00,1823.578,1762.5809762742788,8.370519496064162,bull
2023-01-03 00:00:00+00:00,1829.359,1763.2454342217984,8.708384973715283,bull
2023-01-04 00:00:00+00:00,1836.59,1763.9752308962084,9.092520446613662,bull
2023-01-05 00:00:00+00:00,1854.896,1764.879915165898,9.572913277990892,bull
2023-01-06 00:00:00+00:00,1832.867,1765.5564035722075,9.85422757373226,bull
2023-01-07 00:00:00+00:00,1866.057,1766.5564095068125,10.592951677476321,bull
2023-01-09 00:00:00+00:00,1869.671,1767.5824253326155,11.084703402078503,bull
2023-01-10 00:00:00+00:00,1870.556,1768.607038015873,11.599989935391022,bull
2023-01-11 00:00:00+00:00,1877.236,1769.6879232097451,12.486328343994273,bull
2023-01-12 00:00:00+00:00,1877.007,1770.7557747200958,13.196673335596188,bull
2023-01-13 00:00:00+00:00,1898.091,1772.02279188706,14.130099471560243,bull
2023-01-14 00:00:00+00:00,1920.319,1773.4983760473879,15.312834800201472,bull
2023-01-16 00:00:00+00:00,1916.961,1774.9258648429363,16.152438434030273,bull
2023-01-17 00:00:00+00:00,1917.924,1776.3487318594246,17.016225116278747,bull
2023-01-18 00:00:00+00:00,1908.759,1777.6662469653008,17.993675612634206,bull
2023-01-19 00:00:00+00:00,1906.887,1778.952025602462,18.892743516986002,bull
2023-01-20 00:00:00+00:00,1931.749,1780.4723935069153,20.002258506866838,bull
2023-01-21 00:00:00+00:00,1925.985,1781.9202801386875,20.93321115853996,bull
2023-01-23 00:00:00+00:00,1927.327,1783.3671131721335,21.933806072385323,bull
2023-01-24 00:00:00+00:00,1931.394,1784.8400175186794,22.87207665872961,bull
2023-01-25 00:00:00+00:00,1937.032,1786.3543656030706,23.773389328791836,bull
2023-01-26 00:00:00+00:00,1948.39,1787.9666604726917,24.721226250893324,bull
2023-01-27 00:00:00+00:00,1930.787,1789.387758378436,25.412527482227688,bull
2023-01-28 00:00:00+00:00,1928.333,1790.7702980960637,25.890382930165742,bull
2023-01-30 00:00:00+00:00,1928.923,1792.1449518463517,26.58854827414416,bull
2023-01-31 00:00:00+00:00,1922.158,1793.4386140170348,26.88220451022221,bull
2023-02-01 00:00:00+00:00,1927.404,1794.7716029322883,27.189177599672803,bull
2023-02-02 00:00:00+00:00,1953.112,1796.3471292712707,27.7400912553976,bull
2023-02-03 00:00:00+00:00,1915.071,1797.5284613183228,27.840538108577675,bull
2023-02-04 00:00:00+00:00,1865.805,1798.207829862419,27.45205514232316,bull
2023-02-06 00:00:00+00:00,1865.53,1798.8777022020965,26.854910315036477,bull
2023-02-07 00:00:00+00:00,1868.545,1799.5709091453593,26.072533097971473,bull
2023-02-08 00:00:00+00:00,1872.963,1800.301178706102,25.37531386316573,bull
2023-02-09 00:00:00+00:00,1875.058,1801.0450276742006,24.696295814776022,bull
2023-02-10 00:00:00+00:00,1862.391,1801.6554353590345,23.989188393733684,bull
2023-02-11 00:00:00+00:00,1865.383,1802.28954047984,23.337514877378,bull
2023-02-13 00:00:00+00:00,1862.774,1802.891375897951,22.418982391035797,bull
2023-02-14 00:00:00+00:00,1854.445,1803.4043472820513,21.484067143363745,bull
2023-02-15 00:00:00+00:00,1854.934,1803.9170801449166,20.549966972783068,bull
2023-02-16 00:00:00+00:00,1836.43,1804.2405917852657,19.400574266586318,bull
2023-02-17 00:00:00+00:00,1834.341,1804.5400983346663,18.185732731595635,bull
2023-02-18 00:00:00+00:00,1842.568,1804.9184854159134,16.95182494322171,bull
2023-02-20 00:00:00+00:00,1838.728,1805.254898496352,15.867140117916051,bull
2023-02-21 00:00:00+00:00,1841.743,1805.6179641829556,14.847666086891877,bull
2023-02-22 00:00:00+00:00,1835.617,1805.916462051782,13.771510205430332,bull
2023-02-23 00:00:00+00:00,1825.144,1806.1077808373366,12.669166820301825,bull
2023-02-24 00:00:00+00:00,1823.234,1806.2781909782586,11.506588045970375,bull
2023-02-25 00:00:00+00:00,1810.846,1806.3236418142958,9.976512543025137,bull
2023-02-27 00:00:00+00:00,1811.809,1806.3782224927606,8.849761174437845,bull
2023-02-28 00:00:00+00:00,1817.206,1806.485961572435,8.278131710015941,bull
2023-03-01 00:00:00+00:00,1825.619,1806.6763400642515,7.798637862154919,bull
2023-03-02 00:00:00+00:00,1836.623,1806.9743167800302,7.403407634670884,bull
2023-03-03 00:00:00+00:00,1837.887,1807.2819056677913,6.980726961689243,bull
2023-03-04 00:00:00+00:00,1855.333,1807.7600260094055,6.714998335204882,bull
2023-03-06 00:00:00+00:00,1852.363,1808.203836695879,6.548401336844563,bull
2023-03-07 00:00:00+00:00,1846.391,1808.5838084700495,6.294267990209391,bull
2023-03-08 00:00:00+00:00,1814.005,1808.6377506743277,5.74637477637657,bull
2023-03-09 00:00:00+00:00,1815.265,1808.7036934536877,5.299346171636444,bull
2023-03-10 00:00:00+00:00,1831.638,1808.931895508875,5.014815363958405,bull
2023-03-11 00:00:00+00:00,1867.178,1809.5114587376424,5.270866952376764,bull
2023-03-13 00:00:00+00:00,1877.815,1810.1910959641336,5.650997629467383,bull
2023-03-14 00:00:00+00:00,1912.093,1811.205045258023,6.286559842109455,bull
2023-03-15 00:00:00+00:00,1903.133,1812.119751275356,6.864852779003968,bull
2023-03-16 00:00:00+00:00,1921.224,1813.2053656905268,7.587401507571258,bull
2023-03-17 00:00:00+00:00,1921.362,1814.2815511065417,8.365089054759665,bull
2023-03-18 00:00:00+00:00,1988.198,1816.01206303583,9.90428219849332,bull
2023-03-20 00:00:00+00:00,1977.005,1817.6139828066177,11.335791828359106,bull
2023-03-21 00:00:00+00:00,1976.654,1819.1964705398852,12.872828725589443,bull
2023-03-22 00:00:00+00:00,1943.175,1820.4300877484436,14.05186525568297,bull
2023-03-23 00:00:00+00:00,1969.774,1821.9160968255737,15.430135253138815,bull
2023-03-24 00:00:00+00:00,1991.393,1823.6024341705931,16.92609410634168,bull
2023-03-25 00:00:00+00:00,1978.845,1825.1471363181495,18.172819538119256,bull
2023-03-27 00:00:00+00:00,1975.759,1826.6457618274217,19.36385615963036,bull
2023-03-28 00:00:00+00:00,1958.14,1827.9541622072484,20.19413619784291,bull
2023-03-29 00:00:00+00:00,1971.936,1829.386817309664,21.18298061378482,bull
2023-03-30 00:00:00+00:00,1963.265,1830.7189385304634,22.135130060413985,bull
2023-03-31 00:00:00+00:00,1978.455,1832.1889490923495,23.55119841802184,bull
2023-04-01 00:00:00+00:00,1969.445,1833.554680942177,24.85098748848918,bull
2023-04-03 00:00:00+00:00,1957.095,1834.7839378482252,25.85204233935019,bull
2023-04-04 00:00:00+00:00,1985.004,1836.2786648348101,26.767206097167673,bull
2023-04-05 00:00:00+00:00,2021.803,1838.124678120036,27.933582155902286,bull
2023-04-06 00:00:00+00:00,2020.355,1839.9379151536675,28.732869895644626,bull
2023-04-07 00:00:00+00:00,2007.83,1841.608483162089,29.48873188673292,bull
2023-04-10 00:00:00+00:00,2005.566,1843.2399012400783,30.034535549551492,bull
2023-04-11 00:00:00+00:00,1992.457,1844.724648491421,30.443097384879366,bull
2023-04-12 00:00:00+00:00,2004.728,1846.3167216407603,30.30465860493041,bull
2023-04-13 00:00:00+00:00,2018.217,1848.027172171698,30.41318936508037,bull
2023-04-14 00:00:00+00:00,2039.782,1849.9351804087958,30.73870986891052,bull
2023-04-15 00:00:00+00:00,2004.321,1851.471357718161,31.041269969717405,bull
2023-04-17 00:00:00+00:00,2002.916,1852.9782695816618,31.062172756088103,bull
2023-04-18 00:00:00+00:00,1993.974,1854.3812121728893,30.77877800229612,bull
2023-04-19 00:00:00+00:00,2005.786,1855.8877274746515,30.740591156501978,bull
2023-04-20 00:00:00+00:00,1993.684,1857.2588346639584,30.61307283653673,bull
2023-04-21 00:00:00+00:00,2005.382,1858.7326970056106,30.778534798362216,bull
2023-04-22 00:00:00+00:00,1982.955,1859.968739821475,30.58192251181117,bull
2023-04-24 00:00:00+00:00,1984.688,1861.209727484943,30.490788954479513,bull
2023-04-25 00:00:00+00:00,1995.084,1862.5418097985257,30.352860706176216,bull
2023-04-26 00:00:00+00:00,2000.241,1863.9119509945604,30.357270052383456,bull
2023-04-27 00:00:00+00:00,1991.716,1865.1836330742167,30.399695225991536,bull
2023-04-28 00:00:00+00:00,1986.982,1866.3955571232295,30.11689228841942,bull
2023-04-29 00:00:00+00:00,1989.445,1867.6199296891677,29.495251569131824,bull
2023-05-01 00:00:00+00:00,1986.964,1868.8074328763403,28.869517722672754,bull
2023-05-02 00:00:00+00:00,1981.442,1869.9281748377698,28.319691675680815,bull
2023-05-03 00:00:00+00:00,2015.974,1871.3813671279413,28.141465887862978,bull
2023-05-04 00:00:00+00:00,2052.026,1873.1788261614943,28.45417767007325,bull
2023-05-05 00:00:00+00:00,2049.991,1874.9381512743153,28.621429633554953,bull
2023-05-06 00:00:00+00:00,2016.718,1876.348896037755,28.3217238660568,bull
2023-05-08 00:00:00+00:00,2016.075,1877.7392055299165,27.80402512112073,bull
2023-05-09 00:00:00+00:00,2021.306,1879.1677308480268,27.696373129865833,bull
2023-05-10 00:00:00+00:00,2036.339,1880.7316240734197,27.75335449175782,bull
2023-05-11 00:00:00+00:00,2031.505,1882.2318566697043,27.850644496814994,bull
2023-05-12 00:00:00+00:00,2016.414,1883.5670023744835,27.67927489983208,bull
2023-05-13 00:00:00+00:00,2010.98,1884.834793395633,27.57595873167452,bull
2023-05-15 00:00:00+00:00,2009.627,1886.076506894184,27.343809888573333,bull
2023-05-16 00:00:00+00:00,2014.469,1887.3540441390178,27.385304317542705,bull
2023-05-17 00:00:00+00:00,1989.698,1888.37239195853,27.16266447358703,bull
2023-05-18 00:00:00+00:00,1982.783,1889.3118009937687,26.769991195242937,bull
2023-05-19 00:00:00+00:00,1958.425,1889.9994945162186,26.08754352165829,bull
2023-05-20 00:00:00+00:00,1977.772,1890.8728527797389,25.68921970552219,bull
2023-05-22 00:00:00+00:00,1980.897,1891.7686154386472,25.373058315417666,bull
2023-05-23 00:00:00+00:00,1969.852,1892.5455645387601,24.92563484959237,bull
2023-05-24 00:00:00+00:00,1975.049,1893.3664942448422,24.559061368501943,bull
2023-05-25 00:00:00+00:00,1959.82,1894.0277231578289,24.099548320059057,bull
2023-05-26 00:00:00+00:00,1940.584,1894.490969693572,23.109602565630667,bull
2023-05-27 00:00:00+00:00,1946.902,1895.0124724826908,21.83364632119651,bull
2023-05-29 00:00:00+00:00,1943.723,1895.4971543485347,20.55900307421939,bull
2023-05-30 00:00:00+00:00,1941.752,1895.9574015689473,19.60850553119235,bull
2023-05-31 00:00:00+00:00,1958.603,1896.5807408568187,18.841535326902203,bull
2023-06-01 00:00:00+00:00,1966.313,1897.2745941816265,18.106863333599676,bull
2023-06-02 00:00:00+00:00,1977.099,1898.0688668763369,17.337242802917217,bull
2023-06-03 00:00:00+00:00,1948.06,1898.5662910865226,16.33443441681834,bull
2023-06-05 00:00:00+00:00,1949.399,1899.0720891851643,15.505086810680723,bull
2023-06-06 00:00:00+00:00,1961.292,1899.6911927753617,14.856399379728828,bull
2023-06-07 00:00:00+00:00,1963.414,1900.3252505586916,14.248743664507629,bull
2023-06-08 00:00:00+00:00,1944.505,1900.7648500556202,13.410805916602385,bull
2023-06-09 00:00:00+00:00,1965.385,1901.4078366222311,13.035444663701128,bull
2023-06-10 00:00:00+00:00,1960.709,1901.9978979493733,12.686096955604626,bull
2023-06-12 00:00:00+00:00,1960.002,1902.575053193658,12.575558677439403,bull
2023-06-13 00:00:00+00:00,1960.009,1903.1465352514326,12.273682471693746,bull
2023-06-14 00:00:00+00:00,1943.953,1903.5525697265427,11.78395428789554,bull
2023-06-15 00:00:00+00:00,1945.256,1903.9675292317513,11.421964692991196,bull
2023-06-16 00:00:00+00:00,1958.292,1904.5080712294452,11.141576984603034,bull
2023-06-17 00:00:00+00:00,1957.509,1905.035443655023,11.007720497194214,bull
2023-06-19 00:00:00+00:00,1957.106,1905.5535586435306,11.062588949958581,bull
2023-06-20 00:00:00+00:00,1952.266,1906.0183590550378,11.00588657234698,bull
2023-06-21 00:00:00+00:00,1937.3,1906.3296191639429,10.83246481540823,bull
2023-06-22 00:00:00+00:00,1933.908,1906.6040309135556,10.6466293446083,bull
2023-06-23 00:00:00+00:00,1914.508,1906.6826773721273,10.10193651530858,bull
2023-06-24 00:00:00+00:00,1921.261,1906.827735308723,9.553141127096524,bull
2023-06-26 00:00:00+00:00,1925.363,1907.0121658031637,8.943298926826856,bull
2023-06-27 00:00:00+00:00,1922.522,1907.1664925115901,8.600201425067553,bull
2023-06-28 00:00:00+00:00,1915.422,1907.2486368647087,8.176547679544456,bull
2023-06-29 00:00:00+00:00,1909.719,1907.2732175924232,7.582024817061438,bull
2023-06-30 00:00:00+00:00,1908.698,1907.2873945318022,6.962143973110642,bull
2023-07-01 00:00:00+00:00,1919.371,1907.4076294120828,6.642779356462597,bull
2023-07-03 00:00:00+00:00,1918.238,1907.515394293555,6.107557671323775,bull
2023-07-04 00:00:00+00:00,1921.25,1907.6520570369028,5.654159087529479,bull
2023-07-05 00:00:00+00:00,1926.245,1907.837061444496,5.26200825083788,bull
2023-07-06 00:00:00+00:00,1916.84,1907.9266429226602,4.780107671227597,bull
2023-07-07 00:00:00+00:00,1911.585,1907.9630444856189,4.4104747590761235,bull
2023-07-08 00:00:00+00:00,1925.408,1908.1366261325281,4.169096900776822,bull
2023-07-10 00:00:00+00:00,1924.917,1908.3035950267317,3.795523797286478,bull
2023-07-11 00:00:00+00:00,1924.89,1908.4686338821873,3.433190227164232,bull
2023-07-12 00:00:00+00:00,1933.309,1908.7158017042552,3.162243060724677,bull
2023-07-13 00:00:00+00:00,1957.781,1909.2040126325712,3.185653577533458,bull
2023-07-14 00:00:00+00:00,1960.203,1909.7114652431926,3.3818460792497262,bull
2023-07-15 00:00:00+00:00,1955.293,1910.165012852713,3.5609819391575,bull
2023-07-17 00:00:00+00:00,1953.35,1910.5947142173627,3.912036845235434,bull
2023-07-18 00:00:00+00:00,1955.467,1911.0412046231602,4.213469314437134,bull
2023-07-19 00:00:00+00:00,1977.55,1911.7029836816364,4.6908178784726715,bull
2023-07-20 00:00:00+00:00,1977.751,1912.360177873859,5.193685362268752,bull
2023-07-21 00:00:00+00:00,1972.265,1912.9562457557113,5.707608891002565,bull
2023-07-22 00:00:00+00:00,1961.92,1913.4434472904802,6.170229698057028,bull
2023-07-24 00:00:00+00:00,1961.246,1913.9190945811222,6.6317000493199885,bull
2023-07-25 00:00:00+00:00,1954.462,1914.32250657534,6.914877163257188,bull
2023-07-26 00:00:00+00:00,1965.353,1914.830272679068,7.314878385513111,bull
2023-07-27 00:00:00+00:00,1972.077,1915.3998918563907,7.7478348194879345,bull
2023-07-28 00:00:00+00:00,1947.512,1915.7194153205062,7.8823538760102565,bull
2023-07-29 00:00:00+00:00,1959.252,1916.1525753670683,8.225932444408045,bull
2023-07-31 00:00:00+00:00,1958.138,1916.5703407863016,8.60729630068272,bull
2023-08-01 00:00:00+00:00,1963.975,1917.0420289376818,8.905402805153699,bull
2023-08-02 00:00:00+00:00,1952.215,1917.3920087492472,9.088413722515497,bull
2023-08-03 00:00:00+00:00,1936.069,1917.57784945821,9.109215576022734,bull
2023-08-04 00:00:00+00:00,1935.843,1917.7595922496707,9.043790545415504,bull
2023-08-05 00:00:00+00:00,1942.552,1918.0062828740522,8.802270241480983,bull
2023-08-07 00:00:00+00:00,1943.858,1918.263513890231,8.552048647038418,bull
2023-08-08 00:00:00+00:00,1936.801,1918.4479664883381,8.282953635625063,bull
2023-08-09 00:00:00+00:00,1925.638,1918.5195091103449,7.924794892982163,bull
2023-08-10 00:00:00+00:00,1916.757,1918.5019717062619,7.4607670831017,mixed
2023-08-11 00:00:00+00:00,1912.427,1918.4415242265975,6.738540544961097,mixed
2023-08-12 00:00:00+00:00,1913.854,1918.3958772193678,6.035699345508874,mixed
2023-08-14 00:00:00+00:00,1913.689,1918.3490426201702,5.392796864458887,mixed
2023-08-15 00:00:00+00:00,1907.626,1918.242345678676,4.7988983881957665,mixed
2023-08-16 00:00:00+00:00,1901.488,1918.0756357714256,4.156541190303415,mixed
2023-08-17 00:00:00+00:00,1893.364,1917.829748848327,3.507242272987014,mixed
2023-08-18 00:00:00+00:00,1891.295,1917.5657214966025,2.7354488175344613,mixed
2023-08-19 00:00:00+00:00,1889.598,1917.2874357105668,1.8875438541761014,mixed
2023-08-21 00:00:00+00:00,1889.987,1917.0157895840937,1.296374263587495,mixed
2023-08-22 00:00:00+00:00,1894.733,1916.7940702847495,0.641494917681257,mixed
2023-08-23 00:00:00+00:00,1898.547,1916.6125073963442,0.042166610042613684,mixed
2023-08-24 00:00:00+00:00,1917.917,1916.6254874222514,-0.416541515430481,mixed
2023-08-25 00:00:00+00:00,1915.916,1916.6184278459104,-0.7735809033367786,bear
2023-08-26 00:00:00+00:00,1914.39,1916.5962544345086,-0.9815950237014022,bear
2023-08-28 00:00:00+00:00,1915.097,1916.5813364799365,-1.1782557697342781,bear
2023-08-29 00:00:00+00:00,1921.255,1916.627840594564,-1.3784422794881266,mixed
2023-08-30 00:00:00+00:00,1936.236,1916.8229466582998,-1.4405672319312544,mixed
2023-08-31 00:00:00+00:00,1944.254,1917.0958924626948,-1.3520740256433328,mixed
2023-09-01 00:00:00+00:00,1939.893,1917.3227293536133,-1.1967797567315301,mixed
2023-09-02 00:00:00+00:00,1939.772,1917.5461051809407,-0.9558665253211984,mixed
2023-09-04 00:00:00+00:00,1940.627,1917.7757658259065,-0.6657584006909474,mixed
2023-09-05 00:00:00+00:00,1937.728,1917.9742955191812,-0.4215817001866071,mixed
2023-09-06 00:00:00+00:00,1926.628,1918.060402031428,-0.2886405887420551,mixed
2023-09-07 00:00:00+00:00,1917.16,1918.051442807235,-0.19090287144103968,bear
2023-09-08 00:00:00+00:00,1920.316,1918.0739757146257,-0.0016600567998921179,mixed
2023-09-09 00:00:00+00:00,1919.042,1918.0836077970673,0.2538589487403442,bull
2023-09-11 00:00:00+00:00,1918.869,1918.0914226448576,0.5257011482551661,bull
2023-09-12 00:00:00+00:00,1921.692,1918.1272492852074,0.8398135746406297,bull
2023-09-13 00:00:00+00:00,1912.926,1918.0754955609766,1.059705976882924,mixed
2023-09-14 00:00:00+00:00,1909.245,1917.9876299335042,1.1935596487546718,mixed
2023-09-15 00:00:00+00:00,1909.803,1917.9061908296885,1.293683433344313,mixed
2023-09-16 00:00:00+00:00,1923.899,1917.9658207716818,1.3403333494304661,bull
2023-09-18 00:00:00+00:00,1923.295,1918.0188474306701,1.4004195847596748,bull
2023-09-19 00:00:00+00:00,1934.109,1918.1789484512606,1.5826940167519297,bull
2023-09-20 00:00:00+00:00,1931.387,1918.3103718497555,1.7290353698190302,bull
2023-09-21 00:00:00+00:00,1929.493,1918.4216417815987,1.79380118703466,bull
2023-09-22 00:00:00+00:00,1921.422,1918.4514960922295,1.6285494339297202,bull
2023-09-23 00:00:00+00:00,1925.3,1918.5196404097198,1.4237479470250491,bull
2023-09-25 00:00:00+00:00,1924.786,1918.581992246439,1.2592628928257454,bull
2023-09-26 00:00:00+00:00,1916.276,1918.5590470499571,1.0129418690164584,mixed
2023-09-27 00:00:00+00:00,1901.598,1918.3902804126442,0.6145145867376414,mixed
2023-09-28 00:00:00+00:00,1877.63,1917.9847054831653,0.010409963984102433,mixed
2023-09-29 00:00:00+00:00,1866.769,1917.4750964733826,-0.5853055580455475,bear
2023-09-30 00:00:00+00:00,1848.864,1916.7923989960357,-1.2590438111992626,bear
2023-10-02 00:00:00+00:00,1848.383,1916.1117084587618,-1.9622672558639351,bear
2023-10-03 00:00:00+00:00,1825.013,1915.205253648227,-2.8783541488403444,bear
2023-10-04 00:00:00+00:00,1823.372,1914.2914899303341,-3.799932714523493,bear
2023-10-05 00:00:00+00:00,1822.592,1913.379057194709,-4.748192090498378,bear
2023-10-06 00:00:00+00:00,1821.341,1912.4632556305828,-5.612239930393798,bear
2023-10-07 00:00:00+00:00,1831.968,1911.662307813363,-6.325322120141209,bear
2023-10-09 00:00:00+00:00,1848.034,1911.0291903226828,-6.877000507005732,bear
2023-10-10 00:00:00+00:00,1862.605,1910.5473575831536,-7.4184631885282215,bear
2023-10-11 00:00:00+00:00,1859.716,1910.0415729305848,-7.9772745000852865,bear
2023-10-12 00:00:00+00:00,1875.319,1909.6960746924697,-8.482873758790902,bear
2023-10-13 00:00:00+00:00,1870.623,1909.3072878796092,-9.003083970146236,bear
2023-10-14 00:00:00+00:00,1932.286,1909.5359317813047,-8.885710000294011,mixed
2023-10-16 00:00:00+00:00,1925.905,1909.6988080819883,-8.752688010241172,mixed
2023-10-17 00:00:00+00:00,1919.455,1909.795884618486,-8.72375579123377,mixed
2023-10-18 00:00:00+00:00,1924.77,1909.9448807914366,-8.637111455002469,mixed
2023-10-19 00:00:00+00:00,1950.946,1910.3528521268454,-8.206194923111752,mixed
2023-10-20 00:00:00+00:00,1977.188,1911.017878473842,-7.372401938802113,mixed
2023-10-21 00:00:00+00:00,1980.843,1911.7126558024606,-6.27204968070464,mixed
2023-10-23 00:00:00+00:00,1971.623,1912.308778630297,-5.166317843085608,mixed
2023-10-24 00:00:00+00:00,1973.591,1912.9185519772593,-3.8738470187763596,mixed
2023-10-25 00:00:00+00:00,1972.912,1913.515501708829,-2.596206749932662,mixed
2023-10-26 00:00:00+00:00,1982.989,1914.206780298791,-0.9984733494359261,mixed
2023-10-27 00:00:00+00:00,1984.414,1914.9053595993007,0.6138696689665721,bull
2023-10-28 00:00:00+00:00,2006.152,1915.813286369457,2.4342291747479976,bull
2023-10-30 00:00:00+00:00,2002.69,1916.6777312812037,4.214475650620898,bull
2023-10-31 00:00:00+00:00,1995.582,1917.4628483828835,5.800540569520535,bull
2023-11-01 00:00:00+00:00,1983.736,1918.1222827273325,7.093092404649724,bull
2023-11-02 00:00:00+00:00,1985.079,1918.7885187200955,8.241161136941855,bull
2023-11-03 00:00:00+00:00,1985.029,1919.447627986562,9.406055055977276,bull
2023-11-04 00:00:00+00:00,1992.585,1920.175363031472,10.479288339002323,bull
2023-11-06 00:00:00+00:00,1988.539,1920.8555982251887,11.548310345579466,bull
2023-11-07 00:00:00+00:00,1976.746,1921.411721625933,11.875789844628343,bull
2023-11-08 00:00:00+00:00,1968.971,1921.8849482764215,12.186140194433165,bull
2023-11-09 00:00:00+00:00,1950.881,1922.1734662040194,12.377581585533335,bull
2023-11-10 00:00:00+00:00,1959.127,1922.541163057711,12.59628226627433,bull
2023-11-11 00:00:00+00:00,1938.422,1922.6991813357438,12.346329208898396,bull
2023-11-13 00:00:00+00:00,1940.413,1922.8754382378756,11.857559764033567,bull
2023-11-14 00:00:00+00:00,1946.468,1923.1101900962053,11.397534293744684,bull
2023-11-15 00:00:00+00:00,1962.561,1923.5027354683823,11.193956838085342,bull
2023-11-16 00:00:00+00:00,1960.4,1923.8698724288959,10.951320451636548,bull
2023-11-17 00:00:00+00:00,1982.614,1924.4543911111955,10.938889402366385,bull
2023-11-18 00:00:00+00:00,1980.704,1925.0140887120792,10.807308413288183,bull
2023-11-20 00:00:00+00:00,1974.54,1925.5068838492725,10.601524249971817,bull
2023-11-21 00:00:00+00:00,1981.238,1926.061422318434,10.248135948977051,bull
2023-11-22 00:00:00+00:00,1999.408,1926.791239011783,10.113507730579386,bull
2023-11-23 00:00:00+00:00,1990.575,1927.4259033002231,9.963054917339605,bull
2023-11-24 00:00:00+00:00,1994.092,1928.0892475459923,9.96696481865979,bull
2023-11-25 00:00:00+00:00,2002.297,1928.8276331425495,10.039114422454077,bull
2023-11-27 00:00:00+00:00,2002.359,1929.5592885341662,10.11166054760406,bull
2023-11-28 00:00:00+00:00,2015.284,1930.4122707378062,10.23690770633425,bull
2023-11-29 00:00:00+00:00,2044.475,1931.5472232677785,10.691625042589749,bull
2023-11-30 00:00:00+00:00,2044.712,1932.6732409467063,11.261519320773232,bull
2023-12-01 00:00:00+00:00,2040.028,1933.7414475044504,11.856499228028952,bull
2023-12-02 00:00:00+00:00,2071.667,1935.1138410616202,12.940374857600773,bull
2023-12-04 00:00:00+00:00,2117.632,1936.9299421455842,14.388779087873218,bull
2023-12-05 00:00:00+00:00,2034.156,1937.8973656068222,15.19818427107839,bull
2023-12-06 00:00:00+00:00,2018.972,1938.7040783868538,15.828640148978138,bull
2023-12-07 00:00:00+00:00,2027.075,1939.583391039721,16.47320094351562,bull
2023-12-08 00:00:00+00:00,2028.025,1940.4634070492762,16.96067158089386,bull
2023-12-09 00:00:00+00:00,2004.408,1941.099671655751,17.22979922685522,bull
2023-12-11 00:00:00+00:00,2007.123,1941.75662019649,17.302229085294584,bull
2023-12-12 00:00:00+00:00,1983.028,1942.1672806920476,17.15319197996837,bull
2023-12-13 00:00:00+00:00,1982.522,1942.5688201876492,17.061936338376654,bull
2023-12-14 00:00:00+00:00,2032.882,1943.4674587927473,17.40603647431317,bull
2023-12-15 00:00:00+00:00,2035.622,1944.3844194017747,17.59318038999163,bull
2023-12-16 00:00:00+00:00,2019.56,1945.1324351291203,17.70653182889714,bull
2023-12-18 00:00:00+00:00,2017.483,1945.8523412472387,17.763093701246362,bull
2023-12-19 00:00:00+00:00,2027.673,1946.6664771552264,17.838844012676873,bull
2023-12-20 00:00:00+00:00,2041.0,1947.6051191735824,18.04583063941618,bull
2023-12-21 00:00:00+00:00,2032.195,1948.4468095300642,18.03453879225799,bull
2023-12-22 00:00:00+00:00,2052.846,1949.4856074451882,17.938384177409716,bull
2023-12-23 00:00:00+00:00,2053.164,1950.5172332417537,17.84399229504743,bull
2023-12-26 00:00:00+00:00,2054.795,1951.5548229607414,17.81337545629094,bull
2023-12-27 00:00:00+00:00,2065.798,1952.6915709909829,17.577729929362704,bull
2023-12-28 00:00:00+00:00,2079.338,1953.9517344637095,17.021792318125335,bull
2023-12-29 00:00:00+00:00,2066.732,1955.0739261605881,17.176560553765967,bull
2023-12-30 00:00:00+00:00,2062.907,1956.146892069438,17.4428136825843,bull
2024-01-02 00:00:00+00:00,2063.841,1957.2184752329263,17.63508419320533,bull
2024-01-03 00:00:00+00:00,2059.645,1958.2376446335938,17.77423758431769,bull
2024-01-04 00:00:00+00:00,2042.835,1959.0794093636077,17.979737707856657,bull
2024-01-05 00:00:00+00:00,2044.034,1959.9247286734228,18.16810847693273,bull
2024-01-06 00:00:00+00:00,2045.547,1960.7766915721947,18.609410880147152,bull
2024-01-08 00:00:00+00:00,2044.276,1961.6075304620238,19.03871027437458,bull
2024-01-09 00:00:00+00:00,2030.607,1962.294092347974,18.826633555226636,bull
2024-01-10 00:00:00+00:00,2030.569,1962.9734446629195,18.589025261144798,bull
2024-01-11 00:00:00+00:00,2026.527,1963.6058183478656,18.47338321874531,bull
2024-01-12 00:00:00+00:00,2035.123,1964.317432095648,18.465090848409318,bull
2024-01-13 00:00:00+00:00,2049.101,1965.161049686736,18.494572531509675,bull
2024-01-15 00:00:00+00:00,2047.655,1965.9818850132363,18.3767658396539,bull
2024-01-16 00:00:00+00:00,2054.009,1966.8577767046468,18.410967174582538,bull
2024-01-17 00:00:00+00:00,2027.995,1967.4661072847,17.980499839511822,bull
2024-01-18 00:00:00+00:00,2009.412,1967.883479351519,17.36624610976537,bull
2024-01-19 00:00:00+00:00,2023.592,1968.4377929898124,16.882970029070975,bull
2024-01-20 00:00:00+00:00,2029.521,1969.0455860943914,16.35401510340853,bull
2024-01-22 00:00:00+00:00,2027.573,1969.6279484218105,15.676213958101016,bull
2024-01-23 00:00:00+00:00,2020.72,1970.136327044479,15.06240088389086,bull
2024-01-24 00:00:00+00:00,2029.306,1970.7250800092106,14.578187939772533,bull
2024-01-25 00:00:00+00:00,2016.27,1971.178263292701,13.959788059774837,bull
2024-01-26 00:00:00+00:00,2020.417,1971.6682009713809,13.430556337787039,bull
2024-01-27 00:00:00+00:00,2018.537,1972.134557180621,13.055147817013221,bull
2024-01-29 00:00:00+00:00,2021.9,1972.6297357161372,12.705007042714442,bull
2024-01-30 00:00:00+00:00,2030.899,1973.2095293906036,12.43283781840887,bull
2024-01-31 00:00:00+00:00,2036.4,1973.8382902921896,12.23075983016588,bull
2024-02-01 00:00:00+00:00,2039.952,1974.4961381499788,12.202045802004932,bull
2024-02-02 00:00:00+00:00,2054.795,1975.2951318002279,12.321687137308345,bull
2024-02-03 00:00:00+00:00,2039.675,1975.9357275037082,12.329909155842643,bull
2024-02-05 00:00:00+00:00,2039.785,1976.5710436479499,12.25361155230189,bull
2024-02-06 00:00:00+00:00,2025.028,1977.053202417622,11.892152730885982,bull
2024-02-07 00:00:00+00:00,2035.238,1977.632155627397,11.650270614160718,bull
2024-02-08 00:00:00+00:00,2036.396,1978.2168704967762,11.359093792129443,bull
2024-02-09 00:00:00+00:00,2034.292,1978.7748319843706,11.30872469967062,bull
2024-02-10 00:00:00+00:00,2024.26,1979.2274207208447,11.343941369325648,bull
2024-02-12 00:00:00+00:00,2025.332,1979.6861727534733,11.248379763660978,bull
2024-02-13 00:00:00+00:00,2018.819,1980.0755541191104,11.029968024718983,bull
2024-02-14 00:00:00+00:00,1991.361,1980.18784711295,10.559898691139551,bull
2024-02-15 00:00:00+00:00,1993.621,1980.3215103257567,10.18518328127766,bull
2024-02-16 00:00:00+00:00,2003.326,1980.5504107205252,9.825330711314564,bull
2024-02-17 00:00:00+00:00,2013.338,1980.8766553899727,9.698392097271608,bull
2024-02-19 00:00:00+00:00,2010.745,1981.173852848779,9.505651877398122,bull
2024-02-20 00:00:00+00:00,2016.375,1981.5241130194381,9.38955583881716,bull
2024-02-21 00:00:00+00:00,2024.296,1981.9497039346675,9.31996821853022,bull
2024-02-22 00:00:00+00:00,2025.737,1982.38539842288,9.175869032276296,bull
2024-02-23 00:00:00+00:00,2024.846,1982.807891970911,8.969601678721347,bull
2024-02-24 00:00:00+00:00,2035.592,1983.3331069761757,8.83696882619688,bull
2024-02-26 00:00:00+00:00,2034.293,1983.8401705883532,8.54503878812534,bull
2024-02-27 00:00:00+00:00,2031.242,1984.311830582499,8.37610307879072,bull
2024-02-28 00:00:00+00:00,2030.258,1984.7690063975983,8.197962749648468,bull
2024-02-29 00:00:00+00:00,2034.472,1985.2635635478712,8.210361130249112,bull
2024-03-01 00:00:00+00:00,2044.15,1985.8494982389373,8.217342611540289,bull
2024-03-02 00:00:00+00:00,2083.384,1986.819990793774,8.603120296997758,bull
2024-03-04 00:00:00+00:00,2083.508,1987.7820605371196,9.007228552748984,bull
2024-03-05 00:00:00+00:00,2114.648,1989.0444081934668,9.816987472622031,bull
2024-03-06 00:00:00+00:00,2128.331,1990.430344430348,10.744171676874657,bull
2024-03-07 00:00:00+00:00,2147.411,1991.9923410031804,11.916786884070007,bull
2024-03-08 00:00:00+00:00,2161.634,1993.6803177096165,13.492470596666408,bull
2024-03-09 00:00:00+00:00,2178.571,1995.5200259911128,15.198515665356126,bull
2024-03-11 00:00:00+00:00,2181.635,1997.3719162797586,16.8215055592334,bull
2024-03-12 00:00:00+00:00,2183.62,1999.225131043144,18.348475653171363,bull
2024-03-13 00:00:00+00:00,2156.984,2000.7948710327646,19.621018183985598,bull
2024-03-14 00:00:00+00:00,2175.43,2002.532534007563,21.008420988124954,bull
2024-03-15 00:00:00+00:00,2161.689,2004.1161804353485,22.16647650068103,bull
2024-03-16 00:00:00+00:00,2155.766,2005.6251338638526,23.23973544097271,bull
2024-03-18 00:00:00+00:00,2156.585,2007.1272220841129,24.319330113201886,bull
2024-03-19 00:00:00+00:00,2161.719,2008.665448730042,25.33234175386633,bull
2024-03-20 00:00:00+00:00,2157.078,2010.1421905337234,26.302019945370148,bull
2024-03-21 00:00:00+00:00,2203.595,2012.0670941105025,27.755263528003525,bull
2024-03-22 00:00:00+00:00,2181.559,2013.7535807362688,28.984574338670427,bull
2024-03-23 00:00:00+00:00,2165.407,2015.2625699826742,29.99900643480305,bull
2024-03-25 00:00:00+00:00,2168.405,2016.7863752564785,30.936877017541292,bull
2024-03-26 00:00:00+00:00,2172.947,2018.3402123186033,31.520221524829367,bull
2024-03-27 00:00:00+00:00,2179.535,2019.944140554239,32.16208001711948,bull
2024-03-28 00:00:00+00:00,2191.038,2021.646567016386,32.60215882291914,bull
2024-03-29 00:00:00+00:00,2232.674,2023.7463424689593,33.31599803861127,bull
2024-04-01 00:00:00+00:00,2245.022,2025.9480903050892,33.95574930190878,bull
2024-04-02 00:00:00+00:00,2249.005,2028.1675620433473,34.487244333730814,bull
2024-04-03 00:00:00+00:00,2280.275,2030.6760937643091,35.156067773196355,bull
2024-04-04 00:00:00+00:00,2297.517,2033.3312271596892,35.95931087993063,bull
2024-04-05 00:00:00+00:00,2288.959,2035.8747870884488,36.64965604530471,bull
2024-04-06 00:00:00+00:00,2329.424,2038.7956747791109,38.000803746346264,bull
2024-04-08 00:00:00+00:00,2311.715,2041.5112899554383,38.97875594787524,bull
2024-04-09 00:00:00+00:00,2338.856,2044.4699437867275,40.35376335137903,bull
2024-04-10 00:00:00+00:00,2354.844,2047.5582428535263,41.933108989673656,bull
2024-04-11 00:00:00+00:00,2335.498,2050.4233150639393,43.296092979826426,bull
2024-04-12 00:00:00+00:00,2377.069,2053.6735208841988,45.00807215415671,bull
2024-04-13 00:00:00+00:00,2344.451,2056.566829134107,46.42463860038379,bull
2024-04-15 00:00:00+00:00,2364.655,2059.632383073071,47.56528896256873,bull
2024-04-16 00:00:00+00:00,2381.904,2062.839065828563,49.08548509229422,bull
2024-04-17 00:00:00+00:00,2382.911,2066.0238611934533,50.76129121077906,bull
2024-04-18 00:00:00+00:00,2367.906,2069.0276635696378,52.2412883131592,bull
2024-04-19 00:00:00+00:00,2380.072,2072.122632091333,53.782419772729554,bull
2024-04-20 00:00:00+00:00,2390.745,2075.29300391132,55.348863357080745,bull
2024-04-22 00:00:00+00:00,2386.552,2078.390108350013,56.74354133362726,bull
2024-04-23 00:00:00+00:00,2333.807,2080.931569958471,57.18522748951159,bull
2024-04-24 00:00:00+00:00,2323.279,2083.3429871728144,57.394896867725265,bull
2024-04-25 00:00:00+00:00,2316.288,2085.660847996966,57.493285953618624,bull
2024-04-26 00:00:00+00:00,2330.69,2088.0989490119214,57.42285524761223,bull
2024-04-27 00:00:00+00:00,2337.86,2090.5841335988675,57.25290643917833,bull
2024-04-29 00:00:00+00:00,2336.054,2093.026619831715,57.15183274326614,bull
2024-04-30 00:00:00+00:00,2333.242,2095.416822619459,56.62114784034793,bull
2024-05-01 00:00:00+00:00,2291.313,2097.366038314788,55.85474835934974,bull
2024-05-02 00:00:00+00:00,2323.878,2099.619888679815,55.14994489308765,bull
2024-05-03 00:00:00+00:00,2304.316,2101.6566659068817,54.09842305335542,bull
2024-05-04 00:00:00+00:00,2301.696,2103.647107042137,53.22379197819782,bull
2024-05-06 00:00:00+00:00,2294.037,2105.541533837738,51.868012953539164,bull
2024-05-07 00:00:00+00:00,2326.012,2107.7352698194522,51.168440685345104,bull
2024-05-08 00:00:00+00:00,2315.187,2109.7994661396565,50.16708306658529,bull
2024-05-09 00:00:00+00:00,2308.808,2111.7796505561773,48.94058472761435,bull
2024-05-10 00:00:00+00:00,2346.585,2114.1160221924342,48.092160998980944,bull
2024-05-11 00:00:00+00:00,2360.518,2116.567783165644,47.54011959600621,bull
2024-05-13 00:00:00+00:00,2360.479,2118.9947604475783,46.87212835624541,bull
2024-05-14 00:00:00+00:00,2338.477,2121.178663328697,45.885659417377155,bull
2024-05-15 00:00:00+00:00,2355.841,2123.513611952292,45.123503602279015,bull
2024-05-16 00:00:00+00:00,2391.838,2126.1835063607273,45.25193640225643,bull
2024-05-17 00:00:00+00:00,2377.795,2128.687103312362,45.34411613954762,bull
2024-05-18 00:00:00+00:00,2414.002,2131.5260575082593,45.865209511293415,bull
2024-05-20 00:00:00+00:00,2420.262,2134.3990519609138,46.30010294899239,bull
2024-05-21 00:00:00+00:00,2426.202,2137.3025638817007,46.7184302828332,bull
2024-05-22 00:00:00+00:00,2421.722,2140.1326080221816,47.10598819046663,bull
2024-05-23 00:00:00+00:00,2382.192,2142.5411591861402,47.12433656668145,bull
2024-05-24 00:00:00+00:00,2332.081,2144.427127751452,47.06108943666413,bull
2024-05-25 00:00:00+00:00,2333.85,2146.311932450443,46.692043770627606,bull
2024-05-27 00:00:00+00:00,2337.244,2148.2117540181002,46.55508811121854,bull
2024-05-28 00:00:00+00:00,2352.441,2150.2438858189153,46.59677877677814,bull
2024-05-29 00:00:00+00:00,2359.754,2152.3285635719612,46.787029734223324,bull
2024-05-30 00:00:00+00:00,2338.432,2154.1803390588075,46.445069239355234,bull
2024-05-31 00:00:00+00:00,2343.975,2156.0688431477747,46.26937700811823,bull
2024-06-01 00:00:00+00:00,2327.259,2157.7722277930707,45.99257723689334,bull
2024-06-03 00:00:00+00:00,2326.006,2159.446195675727,45.33017348329258,bull
2024-06-04 00:00:00+00:00,2350.698,2161.349198703829,44.78141553818523,bull
2024-06-05 00:00:00+00:00,2328.855,2163.0159230948357,44.02116264725737,bull
2024-06-06 00:00:00+00:00,2355.081,2164.9270183874246,43.74835505872761,bull
2024-06-07 00:00:00+00:00,2376.799,2167.0351973089428,43.521585356650576,bull
2024-06-08 00:00:00+00:00,2293.87,2168.297235146665,42.11372878593784,bull
2024-06-10 00:00:00+00:00,2298.547,2169.593252707395,40.906149395033026,bull
2024-06-11 00:00:00+00:00,2310.016,2170.990493973988,39.464436465728795,bull
2024-06-12 00:00:00+00:00,2315.139,2172.4248074667844,38.02575550587062,bull
2024-06-13 00:00:00+00:00,2320.619,2173.8993765467167,36.59681266501593,bull
2024-06-14 00:00:00+00:00,2302.404,2175.1780295164012,35.04542149421968,bull
2024-06-15 00:00:00+00:00,2332.895,2176.7473526057906,34.20619341965039,bull
2024-06-17 00:00:00+00:00,2328.943,2178.261737156977,33.83460940552459,bull
2024-06-18 00:00:00+00:00,2320.714,2179.6791726081515,33.36724015770869,bull
2024-06-19 00:00:00+00:00,2328.324,2181.158225617026,32.946471598925655,bull
2024-06-20 00:00:00+00:00,2329.411,2182.633377600936,32.38949178202074,bull
2024-06-21 00:00:00+00:00,2360.816,2184.406339017842,32.07777544588089,bull
2024-06-22 00:00:00+00:00,2321.571,2185.771161515177,31.59082245636955,bull
2024-06-24 00:00:00+00:00,2319.253,2187.0993390125386,31.030495864763907,bull
2024-06-25 00:00:00+00:00,2330.945,2188.530639121867,30.758411328796228,bull
2024-06-26 00:00:00+00:00,2320.096,2189.8397471903063,30.393551514579485,bull
2024-06-27 00:00:00+00:00,2298.47,2190.9206452282137,29.571446524384555,bull
2024-06-28 00:00:00+00:00,2327.789,2192.282519405048,29.266596310212208,bull
2024-06-29 00:00:00+00:00,2326.706,2193.6200664756443,28.69304808821971,bull
2024-07-01 00:00:00+00:00,2325.001,2194.927339446036,27.892142137093288,bull
2024-07-02 00:00:00+00:00,2332.291,2196.294142038613,27.996906891947674,bull
2024-07-03 00:00:00+00:00,2330.248,2197.6270162471837,28.03376353978865,bull
2024-07-04 00:00:00+00:00,2358.768,2199.230409120346,28.239915146357816,bull
2024-07-05 00:00:00+00:00,2356.79,2200.7981662435263,28.373358776741952,bull
2024-07-06 00:00:00+00:00,2391.626,2202.6969506590135,28.797574112296843,bull
2024-07-08 00:00:00+00:00,2386.185,2204.52270239375,29.344672877348785,bull
2024-07-09 00:00:00+00:00,2361.778,2206.0874317231655,29.3400791173749,bull
2024-07-10 00:00:00+00:00,2365.034,2207.6689896164676,29.407252459490792,bull
2024-07-11 00:00:00+00:00,2372.92,2209.3132782770003,29.63410566884886,bull
2024-07-12 00:00:00+00:00,2415.925,2211.369116304095,30.210890687068968,bull
2024-07-13 00:00:00+00:00,2411.468,2213.360149972711,30.72677237177504,bull
2024-07-15 00:00:00+00:00,2408.721,2215.3040390277088,30.89770000986664,bull
2024-07-16 00:00:00+00:00,2422.559,2217.3662774453437,31.595115930166685,bull
2024-07-17 00:00:00+00:00,2468.342,2219.8635483165344,32.76420930399581,bull
2024-07-18 00:00:00+00:00,2461.36,2222.2664980845293,33.735858962662405,bull
2024-07-19 00:00:00+00:00,2441.314,2224.4460752180166,34.60632802771033,bull
2024-07-20 00:00:00+00:00,2400.515,2226.198004817837,35.2773595896233,bull
2024-07-22 00:00:00+00:00,2411.592,2228.0427211878086,35.76020178276076,bull
2024-07-23 00:00:00+00:00,2395.847,2229.7124155043475,36.09234902870321,bull
2024-07-24 00:00:00+00:00,2408.577,2231.492162613757,36.56482316772099,bull
2024-07-25 00:00:00+00:00,2398.733,2233.1562505479487,36.86210850933594,bull
2024-07-26 00:00:00+00:00,2363.864,2234.456825169362,36.82980892217847,bull
2024-07-27 00:00:00+00:00,2387.178,2235.976438849269,36.74602972892308,bull
2024-07-29 00:00:00+00:00,2397.154,2237.5801956766395,36.782029433113166,bull
2024-07-30 00:00:00+00:00,2381.207,2239.009318107718,36.31236744870466,bull
2024-07-31 00:00:00+00:00,2409.871,2240.7094343454523,36.18673195170231,bull
2024-08-01 00:00:00+00:00,2445.807,2242.7502061430105,36.662774419844936,bull
2024-08-02 00:00:00+00:00,2445.908,2244.771676728652,37.10268711218441,bull
2024-08-03 00:00:00+00:00,2441.956,2246.7337097960285,37.42043151902817,bull
2024-08-05 00:00:00+00:00,2441.016,2248.666866912486,37.2977506083912,bull
2024-08-06 00:00:00+00:00,2404.901,2250.2214354009193,36.86128542820825,bull
2024-08-07 00:00:00+00:00,2383.852,2251.551092760114,36.24705373240522,bull
2024-08-08 00:00:00+00:00,2384.855,2252.877499797327,35.51122235198318,bull
2024-08-09 00:00:00+00:00,2424.659,2254.5867684560603,34.72322013952589,bull
2024-08-10 00:00:00+00:00,2430.869,2256.3408205112237,34.07432242669438,bull
2024-08-12 00:00:00+00:00,2427.992,2258.0487924464355,33.602717228418896,bull
2024-08-13 00:00:00+00:00,2475.599,2260.2134711285607,34.015466310723696,bull
2024-08-14 00:00:00+00:00,2464.122,2262.2424117143464,34.19969052653778,bull
2024-08-15 00:00:00+00:00,2449.47,2264.1053727918156,34.39295728746811,bull
2024-08-16 00:00:00+00:00,2457.361,2266.0283143560764,34.53615174231936,bull
2024-08-17 00:00:00+00:00,2507.883,2268.4348286410905,35.27857809314173,bull
2024-08-19 00:00:00+00:00,2506.479,2270.8034273610797,36.346602191717466,bull
2024-08-20 00:00:00+00:00,2503.609,2273.119900720671,37.143461871401996,bull
2024-08-21 00:00:00+00:00,2513.029,2275.507055937381,37.926860260741705,bull
2024-08-22 00:00:00+00:00,2512.848,2277.86865737084,38.85933926312191,bull
2024-08-23 00:00:00+00:00,2487.629,2279.95582495919,39.24639061373773,bull
2024-08-24 00:00:00+00:00,2512.422,2282.268921228253,39.51871508524255,bull
2024-08-26 00:00:00+00:00,2515.977,2284.5943747483702,39.822698019718246,bull
2024-08-27 00:00:00+00:00,2515.571,2286.892649626496,40.158939830467716,bull
2024-08-28 00:00:00+00:00,2525.329,2289.2651506252378,40.59828371275171,bull
2024-08-29 00:00:00+00:00,2508.17,2291.4433083304593,41.22187292954004,bull
2024-08-30 00:00:00+00:00,2519.673,2293.7142505361267,42.16315777601267,bull
2024-08-31 00:00:00+00:00,2503.402,2295.800695804424,42.923196007096976,bull
2024-09-02 00:00:00+00:00,2503.04,2297.8627784332357,43.27600997717536,bull
2024-09-03 00:00:00+00:00,2497.302,2299.8472482995717,43.50642778834799,bull
2024-09-04 00:00:00+00:00,2493.283,2301.7719821473374,43.72318970090191,bull
2024-09-05 00:00:00+00:00,2495.889,2303.7034947627867,43.49002363422596,bull
2024-09-06 00:00:00+00:00,2517.342,2305.8292510338038,43.58683931945734,bull
2024-09-07 00:00:00+00:00,2497.615,2307.737566943915,43.6321941520996,bull
2024-09-09 00:00:00+00:00,2496.93,2309.620078715618,43.591764359541685,bull
2024-09-10 00:00:00+00:00,2506.875,2311.582814250786,43.14798560969575,bull
2024-09-11 00:00:00+00:00,2518.74,2313.6440797806295,42.84065241954977,bull
2024-09-12 00:00:00+00:00,2511.955,2315.6173227678873,42.49742204721633,bull
2024-09-13 00:00:00+00:00,2558.484,2318.033906620943,42.52685068356186,bull
2024-09-14 00:00:00+00:00,2579.129,2320.631867749093,42.76321037825301,bull
2024-09-16 00:00:00+00:00,2579.224,2323.2049237913907,43.249098832200616,bull
2024-09-17 00:00:00+00:00,2583.72,2325.7971136044116,43.528192376158586,bull
2024-09-18 00:00:00+00:00,2574.112,2328.26790849392,43.673533745549776,bull
2024-09-19 00:00:00+00:00,2559.301,2330.5667452253238,43.674095598827535,bull
2024-09-20 00:00:00+00:00,2587.344,2333.1217427852707,43.85659216003296,bull
2024-09-21 00:00:00+00:00,2622.159,2335.9977353943727,44.55442706391341,bull
2024-09-23 00:00:00+00:00,2620.295,2338.8265638979115,45.1123133617848,bull
2024-09-24 00:00:00+00:00,2626.362,2341.6876130133555,45.88691720893166,bull
2024-09-25 00:00:00+00:00,2658.265,2344.8376367644664,46.974858331230735,bull
2024-09-26 00:00:00+00:00,2656.301,2347.9367747071087,48.08952640753705,bull
2024-09-27 00:00:00+00:00,2672.663,2351.167881426441,49.39589927910356,bull
2024-09-28 00:00:00+00:00,2658.044,2354.221375143591,50.5178803808044,bull
2024-09-30 00:00:00+00:00,2663.604,2357.2998092217645,51.470558187960705,bull
2024-10-01 00:00:00+00:00,2635.695,2360.069910622543,52.332343678627694,bull
2024-10-02 00:00:00+00:00,2660.422,2363.058488626299,53.438409910681,bull
2024-10-03 00:00:00+00:00,2660.39,2366.01701112753,54.434196876743954,bull
2024-10-04 00:00:00+00:00,2655.865,2368.901070718301,55.25699093767162,bull
2024-10-05 00:00:00+00:00,2653.58,2371.7336968803083,56.116374112421,bull
2024-10-07 00:00:00+00:00,2650.219,2374.5046949213,56.47078830035707,bull
2024-10-08 00:00:00+00:00,2643.006,2377.1763496982026,56.54448194910947,bull
2024-10-09 00:00:00+00:00,2621.929,2379.6116994524496,56.40677566105887,bull
2024-10-10 00:00:00+00:00,2608.538,2381.889573089739,56.092459485327254,bull
2024-10-11 00:00:00+00:00,2633.211,2384.3902838052636,56.1223753113436,bull
2024-10-12 00:00:00+00:00,2656.926,2387.1020819763553,56.53533675103154,bull
2024-10-14 00:00:00+00:00,2648.152,2389.6995935984814,56.577850813210716,bull
2024-10-15 00:00:00+00:00,2649.418,2392.2838563487453,56.286120954372564,bull
2024-10-16 00:00:00+00:00,2660.561,2394.953280663683,56.12671676577156,bull
2024-10-17 00:00:00+00:00,2674.149,2397.7313475227506,56.04373450939511,bull
2024-10-18 00:00:00+00:00,2693.767,2400.6769759056087,55.83933914114232,bull
2024-10-19 00:00:00+00:00,2721.84,2403.8726278866475,55.93585317953875,bull
2024-10-21 00:00:00+00:00,2723.478,2407.0527808429993,55.884899416558255,bull
2024-10-22 00:00:00+00:00,2721.545,2410.1820566555066,55.96068151191548,bull
2024-10-23 00:00:00+00:00,2746.615,2413.529648131571,56.2298389098064,bull
2024-10-24 00:00:00+00:00,2721.32,2416.5922386974257,56.52232807488281,bull
2024-10-25 00:00:00+00:00,2733.906,2419.749589556158,56.69110092985875,bull
2024-10-26 00:00:00+00:00,2747.084,2423.006648366544,56.98963723901397,bull
2024-10-28 00:00:00+00:00,2735.876,2426.119776243494,57.218705525192945,bull
2024-10-29 00:00:00+00:00,2744.488,2429.287619265947,57.55392238563854,bull
2024-10-30 00:00:00+00:00,2774.977,2432.727314596634,58.222619675334045,bull
2024-10-31 00:00:00+00:00,2785.552,2436.2380079837326,59.06165828553003,bull
2024-11-01 00:00:00+00:00,2746.752,2439.327699446581,59.71599999413138,bull
2024-11-02 00:00:00+00:00,2736.752,2442.287145223232,60.39757213349321,bull
2024-11-04 00:00:00+00:00,2738.413,2445.2336711414086,60.84338733614504,bull
2024-11-05 00:00:00+00:00,2736.063,2448.127495309156,61.02541333280078,bull
2024-11-06 00:00:00+00:00,2745.768,2451.0890923707566,61.38949877227515,bull
2024-11-07 00:00:00+00:00,2664.109,2453.2086934416943,60.92483709294902,bull
2024-11-08 00:00:00+00:00,2706.928,2455.733263656205,60.77998299252204,bull
2024-11-09 00:00:00+00:00,2684.819,2458.012723719328,60.281376196577185,bull
2024-11-11 00:00:00+00:00,2685.666,2460.277930448489,59.60095454288012,bull
2024-11-12 00:00:00+00:00,2624.099,2461.9079908420363,58.03536295538879,bull
2024-11-13 00:00:00+00:00,2599.017,2463.2722595898767,56.219478746877485,bull
2024-11-14 00:00:00+00:00,2571.05,2464.344674917341,54.16261826183427,bull
2024-11-15 00:00:00+00:00,2566.96,2465.365722928114,51.836074796543016,bull
2024-11-16 00:00:00+00:00,2563.031,2466.337516729824,49.745278032398346,bull
2024-11-18 00:00:00+00:00,2571.502,2467.383929498682,47.63433994252409,bull
2024-11-19 00:00:00+00:00,2612.766,2468.8305172648643,45.82386889832014,bull
2024-11-20 00:00:00+00:00,2635.227,2470.486203660239,44.366427416744955,bull
2024-11-21 00:00:00+00:00,2652.186,2472.294161832774,43.00654256682719,bull
2024-11-22 00:00:00+00:00,2669.221,2474.2536328593137,41.526318262679524,bull
2024-11-23 00:00:00+00:00,2715.634,2476.655427557231,40.41741957349859,bull
2024-11-25 00:00:00+00:00,2719.817,2479.0749456909903,39.747246244409325,bull
2024-11-26 00:00:00+00:00,2610.523,2480.382886529886,38.09574130665396,bull
2024-11-27 00:00:00+00:00,2632.316,2481.8946588032204,36.66098766181176,bull
2024-11-28 00:00:00+00:00,2637.23,2483.4402840887606,35.31278877960449,bull
2024-11-29 00:00:00+00:00,2638.829,2484.986440465987,33.89734809523043,bull
2024-11-30 00:00:00+00:00,2655.291,2486.6810131976686,33.47231975597424,bull
2024-12-02 00:00:00+00:00,2645.721,2488.2635006285377,32.53023697233266,bull
2024-12-03 00:00:00+00:00,2642.272,2489.795923507856,31.783199788528236,bull
2024-12-04 00:00:00+00:00,2642.783,2491.31818297544,31.040252526951008,bull
2024-12-05 00:00:00+00:00,2650.458,2492.9016637418536,30.993672899817284,bull
2024-12-06 00:00:00+00:00,2633.775,2494.3033884807405,31.031128890863783,bull
2024-12-07 00:00:00+00:00,2633.061,2495.6840612321757,31.339386314834883,bull
2024-12-09 00:00:00+00:00,2640.126,2497.121294453746,31.75557152563215,bull
2024-12-10 00:00:00+00:00,2660.511,2498.747062668137,32.40954593831293,bull
2024-12-11 00:00:00+00:00,2696.047,2500.7102461241757,33.326316625493746,bull
2024-12-12 00:00:00+00:00,2719.984,2502.8920745209502,34.06155725608596,bull
2024-12-13 00:00:00+00:00,2680.685,2504.661158356563,34.17495469632422,bull
2024-12-14 00:00:00+00:00,2648.453,2506.0919229500305,33.797761117256414,bull
2024-12-16 00:00:00+00:00,2651.541,2507.5391774480404,33.28554458872668,bull
2024-12-17 00:00:00+00:00,2651.806,2508.9746682197015,32.31924066247029,bull
2024-12-18 00:00:00+00:00,2647.439,2510.352422764779,31.27747707378876,bull
2024-12-19 00:00:00+00:00,2588.286,2511.1278812447317,30.74499471484569,bull
2024-12-20 00:00:00+00:00,2593.58,2511.948300336824,30.053641533603695,bull
2024-12-21 00:00:00+00:00,2622.705,2513.050357049891,29.6100729611303,bull
2024-12-23 00:00:00+00:00,2624.355,2514.1578659349666,29.171425468979578,bull
2024-12-24 00:00:00+00:00,2615.553,2515.1667727415843,28.48575954391572,bull
2024-12-25 00:00:00+00:00,2616.775,2516.177799878484,27.914299249946453,bull
2024-12-26 00:00:00+00:00,2618.717,2517.198090426957,27.40216691910109,bull
2024-12-27 00:00:00+00:00,2632.745,2518.3478109202215,27.029627944781623,bull
2024-12-28 00:00:00+00:00,2621.684,2519.376031707085,26.474367965231522,bull
2024-12-30 00:00:00+00:00,2624.096,2520.418021441343,26.11463296060265,bull
2024-12-31 00:00:00+00:00,2606.738,2521.2769267006333,25.592865468457603,bull
2025-01-01 00:00:00+00:00,2624.443,2522.3034547931643,25.18216033941826,bull
2025-01-02 00:00:00+00:00,2623.828,2523.3136492728345,24.566586604697477,bull
2025-01-03 00:00:00+00:00,2658.388,2524.6576726631547,23.947426538979016,bull
2025-01-04 00:00:00+00:00,2640.431,2525.8096460694915,22.91757154854122,bull
2025-01-06 00:00:00+00:00,2641.125,2526.9570625265114,22.295904169948244,bull
2025-01-07 00:00:00+00:00,2634.737,2528.0294997153023,21.937576765271842,bull
2025-01-08 00:00:00+00:00,2649.868,2529.24182310122,21.70264565317939,bull
2025-01-09 00:00:00+00:00,2662.568,2530.5684517270784,21.593783507376884,bull
2025-01-10 00:00:00+00:00,2670.012,2531.955949719844,21.603526955064808,bull
2025-01-11 00:00:00+00:00,2689.651,2533.5250546977563,22.397173453024607,bull
2025-01-13 00:00:00+00:00,2691.167,2535.093631267928,23.145330931103672,bull
2025-01-14 00:00:00+00:00,2668.119,2536.4172667776998,23.36690972780889,bull
2025-01-15 00:00:00+00:00,2675.651,2537.802677058519,23.644811123552245,bull
2025-01-16 00:00:00+00:00,2695.025,2539.367078281817,24.200305540232876,bull
2025-01-17 00:00:00+00:00,2714.639,2541.1110775028937,24.933277624409584,bull
2025-01-18 00:00:00+00:00,2702.941,2542.7213254879393,25.523235060982188,bull
2025-01-20 00:00:00+00:00,2696.486,2544.251322249254,25.903511329032426,bull
2025-01-21 00:00:00+00:00,2710.506,2545.905597649759,26.5295659426738,bull
2025-01-22 00:00:00+00:00,2744.32,2547.8798703099606,27.46184886861738,bull
2025-01-23 00:00:00+00:00,2755.645,2549.9471850332448,28.67025833261141,bull
2025-01-24 00:00:00+00:00,2754.605,2551.9835812020683,29.680126408904016,bull
2025-01-25 00:00:00+00:00,2771.14,2554.1642420856297,30.850592812795185,bull
2025-01-27 00:00:00+00:00,2767.614,2556.2881202738326,31.630447610677948,bull
2025-01-28 00:00:00+00:00,2741.771,2558.133721067128,32.32407499763667,bull
2025-01-29 00:00:00+00:00,2762.766,2560.169863146062,33.21280061955076,bull
2025-01-30 00:00:00+00:00,2760.369,2562.161894358539,34.132394643236694,bull
2025-01-31 00:00:00+00:00,2796.207,2564.490701379847,35.24887827862722,bull
2025-02-01 00:00:00+00:00,2799.409,2566.8281968885053,36.25974516142696,bull
2025-02-03 00:00:00+00:00,2793.771,2569.0863342328985,37.13038451305465,bull
2025-02-04 00:00:00+00:00,2814.084,2571.5241219519744,37.99906725421806,bull
2025-02-05 00:00:00+00:00,2841.267,2574.208130688771,39.114499420843,bull
2025-02-06 00:00:00+00:00,2869.34,2577.144766204305,40.72749942660539,bull
2025-02-07 00:00:00+00:00,2858.062,2579.9399625604815,42.13728550196265,bull
2025-02-08 00:00:00+00:00,2861.068,2582.7372564653524,43.370178183535245,bull
2025-02-10 00:00:00+00:00,2867.556,2585.571273813956,44.46019631106219,bull
2025-02-11 00:00:00+00:00,2917.909,2588.8781168605833,46.156791372643966,bull
2025-02-12 00:00:00+00:00,2898.597,2591.959896792319,47.70857454306497,bull
2025-02-13 00:00:00+00:00,2905.842,2595.0831017993605,49.177504149601646,bull
2025-02-14 00:00:00+00:00,2931.279,2598.4283346172774,50.54846430731686,bull
2025-02-15 00:00:00+00:00,2882.834,2601.258241735514,51.31105670226907,bull
2025-02-17 00:00:00+00:00,2879.282,2604.0246472903846,52.041066088316256,bull
2025-02-18 00:00:00+00:00,2899.434,2606.964043834759,52.79980174912953,bull
2025-02-19 00:00:00+00:00,2934.122,2610.2193468811797,53.93122660734707,bull
2025-02-20 00:00:00+00:00,2935.446,2613.4554329818643,55.32171191473617,bull
2025-02-21 00:00:00+00:00,2941.592,2616.7204734497063,56.550610303644135,bull
2025-02-22 00:00:00+00:00,2936.515,2619.902508539759,57.740614181219826,bull
2025-02-24 00:00:00+00:00,2936.929,2623.0570009920993,58.56629961225235,bull
2025-02-25 00:00:00+00:00,2950.058,2626.3107422757603,59.48254538725496,bull
2025-02-26 00:00:00+00:00,2918.666,2629.219749815305,60.13341558240654,bull
2025-02-27 00:00:00+00:00,2919.179,2632.1049164838096,60.58079453183518,bull
2025-02-28 00:00:00+00:00,2876.124,2634.5329670660603,60.32483637728956,bull
2025-03-01 00:00:00+00:00,2858.304,2636.7595445081893,59.61477830388412,bull
2025-03-03 00:00:00+00:00,2870.86,2639.088902274277,59.1489397137957,bull
2025-03-04 00:00:00+00:00,2890.948,2641.5949629481647,58.85770648281232,bull
2025-03-05 00:00:00+00:00,2914.425,2644.309689684999,58.73841587104289,bull
2025-03-06 00:00:00+00:00,2918.297,2647.0359315786804,58.15781471809714,bull
2025-03-07 00:00:00+00:00,2910.415,2649.656618826654,57.696722034334925,bull
2025-03-08 00:00:00+00:00,2911.318,2652.2602146592244,57.17711285986388,bull
2025-03-10 00:00:00+00:00,2916.25,2654.886978692466,56.45864407518866,bull
2025-03-11 00:00:00+00:00,2884.746,2657.174133133337,55.91589139782309,bull
2025-03-12 00:00:00+00:00,2915.612,2659.745654196687,55.72100690630259,bull
2025-03-13 00:00:00+00:00,2938.1,2662.5153491798046,55.55130534504542,bull
2025-03-14 00:00:00+00:00,2986.497,2665.739047197916,55.51970031673636,bull
2025-03-15 00:00:00+00:00,2986.431,2668.9300119024147,55.47457892055036,bull
2025-03-17 00:00:00+00:00,2990.122,2672.12595208249,55.4054786327838,bull
2025-03-18 00:00:00+00:00,2999.892,2675.3873057931123,55.48479725335346,bull
2025-03-19 00:00:00+00:00,3031.835,2678.9340490190516,55.87704802695225,bull
2025-03-20 00:00:00+00:00,3050.088,2682.6271231581654,56.316380882405156,bull
2025-03-21 00:00:00+00:00,3046.47,2686.24745029092,57.02770047561489,bull
2025-03-22 00:00:00+00:00,3023.554,2689.6037343676276,57.49881788381799,bull
2025-03-24 00:00:00+00:00,3024.782,2692.9388414883474,58.40587442228707,bull
2025-03-25 00:00:00+00:00,3009.972,2696.0934002795084,59.33385577131912,bull
2025-03-26 00:00:00+00:00,3021.102,2699.327316694638,60.23841442036064,bull
2025-03-27 00:00:00+00:00,3021.684,2702.534845881756,60.939882933591434,bull
2025-03-28 00:00:00+00:00,3055.772,2706.0496434351717,61.739953750172845,bull
2025-03-29 00:00:00+00:00,3085.064,2709.82093056517,62.78499898648943,bull
2025-03-31 00:00:00+00:00,3089.275,2713.596592947606,63.93997412095223,bull
2025-04-01 00:00:00+00:00,3120.642,2717.646796002854,65.38658134362959,bull
2025-04-02 00:00:00+00:00,3115.229,2721.6028378336714,66.71585914120533,bull
2025-04-03 00:00:00+00:00,3162.774,2725.992600641297,68.81846750796012,bull
2025-04-04 00:00:00+00:00,3112.945,2729.842873271732,70.0972190750449,bull
2025-04-05 00:00:00+00:00,3038.587,2732.9149541347,70.3996049548955,bull
2025-04-07 00:00:00+00:00,3000.006,2735.572576481619,69.83352928370277,bull
2025-04-08 00:00:00+00:00,2981.389,2738.0185110439907,69.088499141576,bull
2025-04-09 00:00:00+00:00,2978.429,2740.4106552127073,68.28470313021717,bull
2025-04-10 00:00:00+00:00,3086.846,2743.8577730712873,68.47046727817497,bull
2025-04-11 00:00:00+00:00,3189.034,2748.287387269583,69.35333825053158,bull
2025-04-12 00:00:00+00:00,3237.601,2753.156179436055,70.5290562778896,bull
2025-04-14 00:00:00+00:00,3223.794,2757.839142824751,71.59169253383106,bull
2025-04-15 00:00:00+00:00,3212.688,2762.3650021001267,72.76126773249916,bull
2025-04-16 00:00:00+00:00,3251.841,2767.235410039429,74.29656855108169,bull
2025-04-17 00:00:00+00:00,3350.194,2773.0359930241116,76.94259274460319,bull
2025-04-18 00:00:00+00:00,3327.733,2778.5553662278517,79.22804953321383,bull
2025-04-21 00:00:00+00:00,3348.14,2784.2228750216045,81.68802913984837,bull
2025-04-22 00:00:00+00:00,3434.61,2790.6943887029815,84.64474526780987,bull
2025-04-23 00:00:00+00:00,3336.622,2796.126504238275,86.3055736731053,bull
2025-04-24 00:00:00+00:00,3316.445,2801.303802703566,87.70720975595987,bull
2025-04-25 00:00:00+00:00,3349.037,2806.7538842687045,89.1070882658505,bull
2025-04-26 00:00:00+00:00,3318.859,2811.8494575595632,90.24661972589183,bull
2025-04-28 00:00:00+00:00,3302.801,2816.734547534095,90.74194689279784,bull
2025-04-29 00:00:00+00:00,3337.744,2821.918721190472,92.07584791873978,bull
2025-04-30 00:00:00+00:00,3317.183,2826.846723964696,93.93176982999603,bull
2025-05-01 00:00:00+00:00,3272.949,2831.285552581963,95.71297610034435,bull
2025-05-02 00:00:00+00:00,3237.315,2835.325646586123,97.30713554213253,bull
2025-05-03 00:00:00+00:00,3241.009,2839.3622968688483,98.95164165614096,bull
2025-05-05 00:00:00+00:00,3247.984,2843.4281844621933,99.57041139090597,bull
2025-05-06 00:00:00+00:00,3334.092,2848.31041148247,100.02302421288687,bull
2025-05-07 00:00:00+00:00,3400.741,2853.807233258764,100.65105382270895,bull
2025-05-08 00:00:00+00:00,3376.55,2859.0086538233536,101.16951099860262,bull
2025-05-09 00:00:00+00:00,3316.474,2863.560547815161,101.19554571503431,bull
2025-05-10 00:00:00+00:00,3326.867,2868.1705622647614,100.93515222533233,bull
2025-05-12 00:00:00+00:00,3287.622,2872.344208411381,99.30821538726923,bull
2025-05-13 00:00:00+00:00,3236.92,2875.971828228183,97.4164620003312,bull
2025-05-14 00:00:00+00:00,3254.471,2879.737989141335,95.5151141197307,bull
2025-05-15 00:00:00+00:00,3186.189,2882.787252930974,92.09286422799232,bull
2025-05-16 00:00:00+00:00,3237.212,2886.3138673296708,90.18736309139558,bull
2025-05-17 00:00:00+00:00,3202.279,2889.4577989980326,88.15399629446665,bull
2025-05-19 00:00:00+00:00,3234.971,2892.89574129656,86.14185702785562,bull
2025-05-20 00:00:00+00:00,3222.594,2896.1763209851515,84.32686342558827,bull
2025-05-21 00:00:00+00:00,3290.757,2900.1024968957468,83.36794936165188,bull
2025-05-22 00:00:00+00:00,3320.146,2904.282034240068,82.36331304959594,bull
2025-05-23 00:00:00+00:00,3300.207,2908.221586138177,81.37486217348078,bull
2025-05-24 00:00:00+00:00,3356.336,2912.680436027349,81.39488344538586,bull
2025-05-26 00:00:00+00:00,3342.753,2916.9597650221017,81.63411843597851,bull
2025-05-27 00:00:00+00:00,3346.201,2921.2308220865584,81.86852521771016,bull
2025-05-28 00:00:00+00:00,3309.496,2925.094157190175,81.66597272798163,bull
2025-05-29 00:00:00+00:00,3259.956,2928.426115825099,80.11570434262876,bull
2025-05-30 00:00:00+00:00,3315.565,2932.278244025844,78.47101076707986,bull
2025-05-31 00:00:00+00:00,3289.726,2935.834938115139,76.82628429178521,bull
2025-06-02 00:00:00+00:00,3310.317,2939.561127785635,76.00057997047406,bull
2025-06-03 00:00:00+00:00,3387.517,2944.018400145977,75.84783788121558,bull
2025-06-04 00:00:00+00:00,3360.057,2948.158087706714,75.81387929533321,bull
2025-06-05 00:00:00+00:00,3378.104,2952.436156485752,76.46432825756892,bull
2025-06-06 00:00:00+00:00,3361.871,2956.5101350281825,76.77214588684728,bull
2025-06-07 00:00:00+00:00,3311.763,2960.0449894060116,77.25773647503775,bull
2025-06-09 00:00:00+00:00,3318.099,2963.607715879584,77.29384854991304,bull
2025-06-10 00:00:00+00:00,3326.827,2967.221838109638,77.7640391116056,bull
2025-06-11 00:00:00+00:00,3327.923,2970.8109043971044,77.9151631005443,bull
2025-06-12 00:00:00+00:00,3365.438,2974.737542164298,78.56122117914629,bull
2025-06-13 00:00:00+00:00,3395.943,2978.92864124724,78.82614435149344,bull
2025-06-14 00:00:00+00:00,3433.51,2983.4518388467704,79.16980460670266,bull
2025-06-16 00:00:00+00:00,3444.202,2988.0364175647132,79.81483142653633,bull
2025-06-17 00:00:00+00:00,3402.83,2992.1637168924276,79.48328086507854,bull
2025-06-18 00:00:00+00:00,3387.454,2996.096953540264,79.13718851816247,bull
2025-06-19 00:00:00+00:00,3375.084,2999.8679689279234,78.63714684136494,bull
2025-06-20 00:00:00+00:00,3368.8,3003.5389344112277,78.44477722105285,bull
2025-06-21 00:00:00+00:00,3368.607,3007.171452476788,78.74533665168929,bull
2025-06-23 00:00:00+00:00,3372.817,3010.8097166312477,78.5314726054039,bull
2025-06-24 00:00:00+00:00,3344.296,3014.127988107554,78.29304999241504,bull
2025-06-25 00:00:00+00:00,3324.204,3017.21332155922,77.65219377358471,bull
2025-06-26 00:00:00+00:00,3339.09,3020.416074578531,76.39767443255414,bull
2025-06-27 00:00:00+00:00,3318.82,3023.385267866307,75.22718015959299,bull
2025-06-28 00:00:00+00:00,3274.588,3025.884797539279,73.44864105352735,bull
2025-06-30 00:00:00+00:00,3263.867,3028.2527796533163,71.74264462513383,bull
2025-07-01 00:00:00+00:00,3312.502,3031.0811301045273,71.03614069851574,bull
2025-07-02 00:00:00+00:00,3338.214,3034.137178561199,70.52946268161531,bull
2025-07-03 00:00:00+00:00,3349.457,3037.2746892222817,70.05285111264357,bull
2025-07-04 00:00:00+00:00,3330.933,3040.196662463851,69.3857580667468,bull
2025-07-05 00:00:00+00:00,3335.059,3043.130616071176,68.39307390687827,bull
2025-07-07 00:00:00+00:00,3328.914,3045.974231831662,67.04559058442192,bull
2025-07-08 00:00:00+00:00,3334.714,3048.8472643507503,65.39542550397982,bull
2025-07-09 00:00:00+00:00,3302.339,3051.369570178106,63.33315261339294,bull
2025-07-10 00:00:00+00:00,3317.701,3054.0196341564338,61.855917264006166,bull
2025-07-11 00:00:00+00:00,3323.87,3056.704712423534,60.60775888326998,bull
2025-07-12 00:00:00+00:00,3355.167,3059.6744864292705,59.806517501347116,bull
2025-07-14 00:00:00+00:00,3367.833,3062.740740295646,59.20180588441826,bull
2025-07-15 00:00:00+00:00,3345.398,3065.5532503424556,58.38179786566752,bull
2025-07-16 00:00:00+00:00,3331.117,3068.1956757121825,57.385959080934754,bull
2025-07-17 00:00:00+00:00,3346.587,3070.9657386404197,56.83775053286581,bull
2025-07-18 00:00:00+00:00,3340.2,3073.6446865146445,56.43136495542467,bull
2025-07-19 00:00:00+00:00,3350.457,3076.3990378926087,55.98296331407755,bull
2025-07-21 00:00:00+00:00,3349.189,3079.1133658737767,55.728098007469725,bull
2025-07-22 00:00:00+00:00,3396.594,3082.2723771586147,56.38757961933561,bull
2025-07-23 00:00:00+00:00,3427.519,3085.7076669381313,57.45488728481496,bull
2025-07-24 00:00:00+00:00,3390.07,3088.73614786412,57.65501775959274,bull
2025-07-25 00:00:00+00:00,3369.481,3091.5296289799003,57.39245041870117,bull
2025-07-26 00:00:00+00:00,3336.887,3093.9709958557223,56.6963066334406,bull
2025-07-28 00:00:00+00:00,3333.745,3096.356806842233,56.160144378381574,bull
2025-07-29 00:00:00+00:00,3312.529,3098.50777393833,55.37715786715398,bull
2025-07-30 00:00:00+00:00,3327.592,3100.7872189737695,54.81298714210743,bull
2025-07-31 00:00:00+00:00,3285.365,3102.6238138098515,53.77654945910126,bull
2025-08-01 00:00:00+00:00,3288.712,3104.4754375530374,53.10586737493122,bull
2025-08-02 00:00:00+00:00,3363.181,3107.0496222540023,53.02998809756855,bull
2025-08-04 00:00:00+00:00,3362.018,3109.586621037545,52.88190861401063,bull
2025-08-05 00:00:00+00:00,3377.468,3112.2521073953803,52.57762096610986,bull
2025-08-06 00:00:00+00:00,3383.212,3114.9482257297545,52.20748543410855,bull
2025-08-07 00:00:00+00:00,3370.216,3117.48820358319,51.93495324073456,bull
2025-08-08 00:00:00+00:00,3400.531,3120.3045498161937,52.10887410401119,bull
2025-08-09 00:00:00+00:00,3398.626,3123.073917479714,52.108178839294396,bull
2025-08-11 00:00:00+00:00,3391.61,3125.7459183008114,52.10123178616686,bull
2025-08-12 00:00:00+00:00,3349.089,3127.968237521699,51.569199629090235,bull
2025-08-13 00:00:00+00:00,3350.632,3130.183797347354,51.07043147357717,bull
2025-08-14 00:00:00+00:00,3362.764,3132.4980282195197,50.225651060904966,bull
2025-08-15 00:00:00+00:00,3335.612,3134.5190627645993,48.811395826468015,bull
2025-08-16 00:00:00+00:00,3335.275,3136.5166342793796,47.780486415259475,bull
2025-08-18 00:00:00+00:00,3327.149,3138.4134737392865,46.88384475938619,bull
2025-08-19 00:00:00+00:00,3331.04,3140.3301555926273,46.359159736904985,bull
2025-08-20 00:00:00+00:00,3314.293,3142.0611291688206,45.70432232658777,bull
2025-08-21 00:00:00+00:00,3346.898,3144.0993069880365,45.59153304970641,bull
2025-08-22 00:00:00+00:00,3338.472,3146.0333636349214,45.2461446611519,bull
2025-08-23 00:00:00+00:00,3372.36,3148.285369966912,45.66155615706066,bull
2025-08-25 00:00:00+00:00,3369.057,3150.4821026040577,46.00666505102026,bull
2025-08-26 00:00:00+00:00,3354.916,3152.5162707373506,45.46664848334831,bull
2025-08-27 00:00:00+00:00,3390.924,3154.8884869489193,45.301865911374534,bull
2025-08-28 00:00:00+00:00,3395.881,3157.2864224021637,45.034315006783345,bull
2025-08-29 00:00:00+00:00,3414.881,3159.8495525275157,44.90132679776116,bull
2025-08-30 00:00:00+00:00,3448.097,3162.717686333212,45.229482750021816,bull
2025-09-01 00:00:00+00:00,3448.013,3165.55644567318,45.251895856986266,bull
2025-09-02 00:00:00+00:00,3479.273,3168.678003427676,45.60408594796172,bull
2025-09-03 00:00:00+00:00,3530.045,3172.273694935858,46.52777663504685,bull
2025-09-04 00:00:00+00:00,3560.354,3176.135190508636,48.16695298693685,bull
2025-09-05 00:00:00+00:00,3552.602,3179.881128911535,49.69733156418124,bull
2025-09-06 00:00:00+00:00,3586.658,3183.9286599671423,51.430631747622556,bull
2025-09-08 00:00:00+00:00,3591.212,3187.981230514733,53.46216775013363,bull
2025-09-09 00:00:00+00:00,3635.054,3192.4297157832434,55.91308150386385,bull
2025-09-10 00:00:00+00:00,3633.63,3196.8197683625144,58.40629462322795,bull
2025-09-11 00:00:00+00:00,3644.945,3201.2787258912454,60.94857029861805,bull
2025-09-12 00:00:00+00:00,3631.903,3205.5635445390935,63.502415370272956,bull
2025-09-13 00:00:00+00:00,3643.546,3209.921578921789,65.82227193375275,bull
2025-09-15 00:00:00+00:00,3638.302,3214.184070673811,68.15070703888978,bull
2025-09-16 00:00:00+00:00,3677.026,3218.789463005415,70.50409303850302,bull
2025-09-17 00:00:00+00:00,3694.306,3223.520970836207,73.03886823214953,bull
2025-09-18 00:00:00+00:00,3669.231,3227.955896499529,75.43962576217837,bull
2025-09-19 00:00:00+00:00,3640.3,3232.058822902519,77.17033595359953,bull
2025-09-20 00:00:00+00:00,3684.923,3236.564934117419,79.27851171525526,bull
2025-09-22 00:00:00+00:00,3686.315,3241.0400591510765,81.19050662356085,bull
2025-09-23 00:00:00+00:00,3747.824,3246.0826854281804,83.36499909496843,bull
2025-09-24 00:00:00+00:00,3763.898,3251.2350766179497,85.6786309447698,bull
2025-09-25 00:00:00+00:00,3742.981,3256.128070880458,87.45006745278215,bull
2025-09-26 00:00:00+00:00,3744.779,3260.990269180155,88.71657424429668,bull
2025-09-27 00:00:00+00:00,3761.103,3265.966515257964,89.83132474932836,bull
2025-09-29 00:00:00+00:00,3766.961,3270.9515350066413,91.07040609510614,bull
2025-09-30 00:00:00+00:00,3832.896,3276.5430222205055,92.6143622533632,bull
2025-10-01 00:00:00+00:00,3862.988,3282.378295631247,94.39706511651411,bull
2025-10-02 00:00:00+00:00,3863.58,3288.161397167255,95.73168138401161,bull
2025-10-03 00:00:00+00:00,3862.472,3293.8759305287754,97.05616216626095,bull
2025-10-04 00:00:00+00:00,3887.107,3299.778727239932,98.50000134868651,bull
2025-10-06 00:00:00+00:00,3909.511,3305.8457150285894,100.28217048949591,bull
2025-10-07 00:00:00+00:00,3969.575,3312.4499865208427,102.52840759905348,bull
2025-10-08 00:00:00+00:00,3994.473,3319.2362851624266,105.05221448861539,bull
2025-10-09 00:00:00+00:00,4011.749,3326.1269589419053,107.33749593649009,bull
2025-10-10 00:00:00+00:00,3989.994,3332.7326011414884,109.21163030528123,bull
2025-10-11 00:00:00+00:00,4010.461,3339.4761672992845,111.52027079975551,bull
2025-10-13 00:00:00+00:00,4035.208,3346.398872102277,114.34004919975814,bull
2025-10-14 00:00:00+00:00,4128.107,3354.1770624296178,117.61212831219882,bull
2025-10-15 00:00:00+00:00,4161.674,3362.211857828328,121.17179867725145,bull
2025-10-16 00:00:00+00:00,4209.519,3370.6427746658574,124.56008923767695,bull
2025-10-17 00:00:00+00:00,4365.867,3380.5455032761474,129.31042665819768,bull
2025-10-18 00:00:00+00:00,4250.998,3389.206722149022,133.07865126856404,bull
2025-10-20 00:00:00+00:00,4237.954,3397.651968694803,136.66169951464826,bull
2025-10-21 00:00:00+00:00,4360.554,3407.2330834341583,141.26656817619414,bull
2025-10-22 00:00:00+00:00,4093.227,3414.0588935492415,143.1073585426002,bull
2025-10-23 00:00:00+00:00,4087.727,3420.7620587875576,144.21903656705217,bull
2025-10-24 00:00:00+00:00,4121.837,3427.737928849373,145.35963321812596,bull
2025-10-25 00:00:00+00:00,4113.144,3434.5578897563446,146.39649258908958,bull
2025-10-27 00:00:00+00:00,4064.519,3440.826159510013,146.95022898123761,bull
2025-10-28 00:00:00+00:00,3998.538,3446.375531057177,146.59680381724502,bull
2025-10-29 00:00:00+00:00,3964.88,3451.534779504369,145.68906447577956,bull
2025-10-30 00:00:00+00:00,3952.873,3456.523219509301,144.07323298845813,bull
2025-10-31 00:00:00+00:00,4036.719,3462.296311852492,143.06002669006557,bull
2025-11-01 00:00:00+00:00,4001.682,3467.6633336251043,141.53637468319903,bull
2025-11-03 00:00:00+00:00,3980.368,3472.764872594009,140.0322714525205,bull
2025-11-04 00:00:00+00:00,3997.327,3477.9843962497903,138.50822895050578,bull
2025-11-05 00:00:00+00:00,3934.828,3482.5301037497925,136.1312316475155,bull
2025-11-06 00:00:00+00:00,3973.732,3487.4176848070083,133.24062237739054,bull
2025-11-07 00:00:00+00:00,3989.239,3492.410931724352,130.19907389602395,bull
2025-11-08 00:00:00+00:00,4001.484,3497.4763353887865,126.83356072292918,bull
2025-11-10 00:00:00+00:00,4011.895,3502.5949290665103,122.04942579036287,bull
2025-11-11 00:00:00+00:00,4120.016,3508.7384223096296,119.53170016060767,bull
2025-11-12 00:00:00+00:00,4142.745,3515.0469454707277,117.39497677592453,bull
2025-11-13 00:00:00+00:00,4191.158,3521.7744186501236,114.54133521596532,bull
2025-11-14 00:00:00+00:00,4185.926,3528.3828920963915,114.32399854715004,bull
2025-11-15 00:00:00+00:00,4084.671,3533.9180971501587,113.15603836260107,bull
2025-11-17 00:00:00+00:00,4096.519,3539.516116083988,111.77818723461496,bull
2025-11-18 00:00:00+00:00,4036.887,3544.465080103053,109.90719034670838,bull
2025-11-19 00:00:00+00:00,4076.711,3549.76105940551,108.93489989549698,bull
2025-11-20 00:00:00+00:00,4104.723,3555.283068764659,108.90753770748233,bull
2025-11-21 00:00:00+00:00,4079.186,3560.4960332545634,108.96125375019437,bull
2025-11-22 00:00:00+00:00,4066.175,3565.527664764468,109.00444525516741,bull
2025-11-24 00:00:00+00:00,4075.179,3570.598822329001,108.30251047650881,bull
2025-11-25 00:00:00+00:00,4143.872,3576.3030330520955,108.63969942699123,bull
2025-11-26 00:00:00+00:00,4133.791,3581.850177001826,109.08530440781715,bull
2025-11-27 00:00:00+00:00,4165.073,3587.6533891709623,109.66899292117205,bull
2025-11-28 00:00:00+00:00,4163.493,3593.3831365423957,110.85303279260324,bull
2025-11-29 00:00:00+00:00,4219.224,3599.610408815606,112.1927240085979,bull
2025-12-01 00:00:00+00:00,4221.995,3605.8032903199287,113.39235859557675,bull
2025-12-02 00:00:00+00:00,4227.761,3611.9919242470937,114.51558885830718,bull
2025-12-03 00:00:00+00:00,4212.938,3617.971487189909,115.37655812339881,bull
2025-12-04 00:00:00+00:00,4207.227,3623.8347261233434,115.0963038137138,bull
2025-12-05 00:00:00+00:00,4206.14,3629.6288084504745,114.5818629797468,bull
2025-12-06 00:00:00+00:00,4198.583,3635.290044187286,113.51562553716258,bull
2025-12-08 00:00:00+00:00,4201.451,3640.923486533681,112.54059443728966,bull
2025-12-09 00:00:00+00:00,4194.796,3646.4346558219036,112.51655867174486,bull
2025-12-10 00:00:00+00:00,4210.932,3652.0515448187007,112.5354287347127,bull
2025-12-11 00:00:00+00:00,4232.48,3657.8269523329423,113.36187222988929,bull
2025-12-12 00:00:00+00:00,4276.584,3663.983738876893,114.22267947138289,bull
2025-12-13 00:00:00+00:00,4301.044,3670.3226469477695,115.03957818311028,bull
2025-12-15 00:00:00+00:00,4302.452,3676.6124912567475,116.11645800218412,bull
2025-12-16 00:00:00+00:00,4304.211,3682.857252537775,117.32958777330668,bull
2025-12-17 00:00:00+00:00,4307.921,3689.0767923135186,118.47796998451759,bull
2025-12-18 00:00:00+00:00,4339.262,3695.5462968676134,119.24326381551782,bull
2025-12-19 00:00:00+00:00,4335.205,3701.911060082861,120.06088308103472,bull
2025-12-20 00:00:00+00:00,4339.426,3708.2544923208425,120.60110314988015,bull
2025-12-22 00:00:00+00:00,4355.407,3714.6938207554613,121.31068421306554,bull
2025-12-23 00:00:00+00:00,4460.304,3722.1128275141136,122.50241869850743,bull
2025-12-24 00:00:00+00:00,4503.405,3729.886878981635,124.08358866170647,bull
2025-12-25 00:00:00+00:00,4480.777,3737.3584224743554,125.36649822726167,bull
2025-12-26 00:00:00+00:00,4495.306,3744.9001894149096,126.9287022250005,bull
2025-12-27 00:00:00+00:00,4532.576,3752.737759669488,128.90303354614434,bull
2025-12-29 00:00:00+00:00,4527.245,3760.444299374269,130.81549092379464,bull
2025-12-30 00:00:00+00:00,4345.707,3766.2678088332314,130.97776464594517,bull
2025-12-31 00:00:00+00:00,4338.984,3771.9664774020553,131.0429908683741,bull
2026-01-01 00:00:00+00:00,4318.909,3777.408691557259,130.9740357353553,bull
2026-01-02 00:00:00+00:00,4348.411,3783.0903065666394,131.03876174793868,bull
2026-01-03 00:00:00+00:00,4331.821,3788.5503134664737,130.7233611335314,bull
2026-01-05 00:00:00+00:00,4372.631,3794.3620615911855,130.3783227142926,bull
2026-01-06 00:00:00+00:00,4440.396,3800.7902599833133,130.46761303554376,bull
2026-01-07 00:00:00+00:00,4493.284,3807.680744958604,131.06825370185652,bull
2026-01-08 00:00:00+00:00,4463.479,3814.2061007301604,131.3488481923855,bull
2026-01-09 00:00:00+00:00,4475.658,3820.787711668169,131.7109193546503,bull
2026-01-10 00:00:00+00:00,4509.137,3827.636958318237,132.09066145062343,bull
2026-01-12 00:00:00+00:00,4540.022,3834.72536669318,132.81430661031936,bull
2026-01-13 00:00:00+00:00,4599.432,3842.334387920114,134.07989559927137,bull
2026-01-14 00:00:00+00:00,4597.198,3849.8454686373266,135.1516478818653,bull
2026-01-15 00:00:00+00:00,4615.356,3857.462488849891,135.34966133577745,bull
2026-01-16 00:00:00+00:00,4610.346,3864.9538670702905,135.0669880886553,bull
2026-01-17 00:00:00+00:00,4596.65,3872.234425606905,134.8760031325496,bull
2026-01-19 00:00:00+00:00,4672.635,3880.198610426737,135.2984210118275,bull
2026-01-20 00:00:00+00:00,4665.467,3888.0122262433865,135.27446657389874,bull
2026-01-21 00:00:00+00:00,4775.94,3896.8473284698202,136.40302909555112,bull
2026-01-22 00:00:00+00:00,4778.443,3905.6194247039516,139.35161587072025,bull
2026-01-23 00:00:00+00:00,4959.034,3916.101161771574,144.1346843695187,bull
2026-01-24 00:00:00+00:00,4988.399,3926.770792002703,149.36210044544396,bull
2026-01-26 00:00:00+00:00,5039.85,3937.846207007651,154.75590044101182,bull
2026-01-27 00:00:00+00:00,5043.691,3948.8496377836946,160.2993243172209,bull
2026-01-28 00:00:00+00:00,5172.495,3961.0252135271403,166.66315193595483,bull
2026-01-29 00:00:00+00:00,5513.084,3976.468584536821,175.67832455350754,bull
2026-01-30 00:00:00+00:00,5438.65,3991.0176533474,183.33690838879602,bull
2026-01-31 00:00:00+00:00,4891.558,3999.978253811605,185.77215308144469,bull
2026-02-02 00:00:00+00:00,4741.524,4007.3568184502956,186.5691067821267,bull
2026-02-03 00:00:00+00:00,4774.259,4014.9876859284022,187.35072761016545,bull
2026-02-04 00:00:00+00:00,4947.348,4024.2649029838412,189.5395362906611,bull
2026-02-05 00:00:00+00:00,5012.277,4034.095869123306,191.76148120319203,bull
2026-02-06 00:00:00+00:00,4703.829,4040.7598803758106,190.91441173848398,bull
2026-02-07 00:00:00+00:00,4968.292,4049.989055695454,192.52656684556314,bull
2026-02-09 00:00:00+00:00,5036.055,4059.800657131321,194.84679006103033,bull
2026-02-10 00:00:00+00:00,5032.014,4069.4744217369794,197.23999613007436,bull
2026-02-11 00:00:00+00:00,5041.632,4079.1476314709403,198.94902104420316,bull
2026-02-12 00:00:00+00:00,5061.508,4088.9223615060555,200.91013526266897,bull
2026-02-13 00:00:00+00:00,4920.389,4097.195661391567,200.348332921747,bull
2026-02-14 00:00:00+00:00,5042.725,4106.603913517025,200.9844888130733,bull
2026-02-16 00:00:00+00:00,5020.025,4115.6926805467065,199.5915187751325,bull
2026-02-17 00:00:00+00:00,4990.067,4124.392922531317,197.62213052861398,bull
2026-02-18 00:00:00+00:00,4859.61,4131.708515341951,193.8623083343,bull
2026-02-19 00:00:00+00:00,4976.343,4140.11283857238,191.26320078868503,bull
2026-02-20 00:00:00+00:00,4987.788,4148.547417293053,187.5222037659123,bull
2026-02-21 00:00:00+00:00,5105.93,4158.073612145858,181.60502760903682,bull
2026-02-23 00:00:00+00:00,5165.494,4168.097695607094,177.08004225969353,bull
2026-02-24 00:00:00+00:00,5236.053,4178.7241165463265,178.7458627347214,bull
2026-02-25 00:00:00+00:00,5146.665,4188.355369118005,180.99855066770942,bull
2026-02-26 00:00:00+00:00,5163.245,4198.05576345514,183.0680775267374,bull
2026-02-27 00:00:00+00:00,5184.55,4207.871626505337,183.60672352149595,bull
2026-02-28 00:00:00+00:00,5279.181,4218.531421266478,184.43555214317212,bull
2026-03-02 00:00:00+00:00,5387.075,4230.158720557359,189.39884018154817,bull
2026-03-03 00:00:00+00:00,5345.808,4241.259708412509,191.27065271705487,bull
2026-03-04 00:00:00+00:00,5125.176,4250.0548953934795,190.25423826215865,bull
2026-03-05 00:00:00+00:00,5165.083,4259.159652653246,189.6852309162664,bull
2026-03-06 00:00:00+00:00,5086.386,4267.3907605870445,188.24312911610423,bull
2026-03-07 00:00:00+00:00,5174.226,4276.413996800109,187.4916352940536,bull
2026-03-09 00:00:00+00:00,5075.563,4284.365728175233,187.1700667836658,bull
2026-03-10 00:00:00+00:00,5139.566,4292.8751836162755,186.27127009925061,bull
2026-03-11 00:00:00+00:00,5196.972,4301.8711718389995,186.17849129229307,bull
2026-03-12 00:00:00+00:00,5134.343,4310.154473611746,185.76155108042894,bull
2026-03-13 00:00:00+00:00,5098.284,4317.99655845143,186.28804310947908,bull
2026-03-14 00:00:00+00:00,5021.097,4324.992582745446,184.87974417306668,bull
2026-03-16 00:00:00+00:00,4997.595,4331.685144111164,183.13772681811133,bull
2026-03-17 00:00:00+00:00,5012.886,4338.463262080208,180.38964993435002,bull
2026-03-18 00:00:00+00:00,5002.848,4345.074055492345,176.97635988525144,bull
2026-03-19 00:00:00+00:00,4836.931,4349.96815444267,171.2440378963438,bull
2026-03-20 00:00:00+00:00,4643.801,4352.891864348713,164.53649523070817,bull
2026-03-21 00:00:00+00:00,4497.578,4354.33152739002,156.27576393488016,bull
2026-03-23 00:00:00+00:00,4464.816,4355.430875376189,147.55924887085166,bull
2026-03-24 00:00:00+00:00,4441.312,4356.28541392966,137.75399266318163,bull
2026-03-25 00:00:00+00:00,4546.879,4358.181867522399,128.02314696504072,bull
2026-03-26 00:00:00+00:00,4498.201,4359.575092721182,118.31538430867295,bull
2026-03-27 00:00:00+00:00,4405.01,4360.0271813508225,109.97228595734305,bull
2026-03-28 00:00:00+00:00,4495.497,4361.3751397453425,102.21548709209674,bull
2026-03-30 00:00:00+00:00,4448.664,4362.243685618523,94.85292503147866,bull
2026-03-31 00:00:00+00:00,4513.67,4363.750415114857,87.33641831474779,bull
2026-04-01 00:00:00+00:00,4696.519,4367.061545312719,82.6958171374863,bull
2026-04-02 00:00:00+00:00,4784.248,4371.212654314583,78.3374706983077,bull
2026-04-03 00:00:00+00:00,4675.368,4374.239075664687,72.36790382568779,bull
2026-04-06 00:00:00+00:00,4610.699,4376.591910732701,66.43743712095511,bull
2026-04-07 00:00:00+00:00,4658.948,4379.401424058743,61.404865607312786,bull
2026-04-08 00:00:00+00:00,4833.323,4383.918056655173,58.92547390972686,bull
2026-04-09 00:00:00+00:00,4715.618,4387.218553603879,55.53340949271478,bull
2026-04-10 00:00:00+00:00,4763.689,4390.964528194885,52.50126611467749,bull
2026-04-11 00:00:00+00:00,4749.432,4394.531368710359,49.45731321801395,bull
2026-04-13 00:00:00+00:00,4671.354,4397.285822753042,47.31766831037203,bull
2026-04-14 00:00:00+00:00,4757.462,4400.869665312714,47.97780096400038,bull
2026-04-15 00:00:00+00:00,4837.03,4405.209569140448,50.878041750428565,bull
2026-04-16 00:00:00+00:00,4823.645,4409.373105765917,53.94223038972814,bull
2026-04-17 00:00:00+00:00,4791.743,4413.177781330436,56.89236740077649,bull
2026-04-18 00:00:00+00:00,4832.994,4417.355057138094,59.173189615694355,bull
2026-04-20 00:00:00+00:00,4755.294,4420.717633683984,61.14254096280183,bull
2026-04-21 00:00:00+00:00,4821.661,4424.707119915984,64.67993856516114,bull
2026-04-22 00:00:00+00:00,4738.016,4427.824621210352,66.44948146500974,bull
2026-04-23 00:00:00+00:00,4728.037,4430.811809059006,68.56812344048285,bull
2026-04-24 00:00:00+00:00,4695.322,4433.443751257424,69.6933361425672,bull
2026-04-25 00:00:00+00:00,4708.53,4436.1809278618275,69.1193825491082,bull
2026-04-27 00:00:00+00:00,4680.153,4438.608510669173,67.39585635458934,bull
2026-04-28 00:00:00+00:00,4692.133,4441.131142403809,66.89206673912122,bull
2026-04-29 00:00:00+00:00,4595.861,4442.670742976906,66.07883224420493,bull
2026-04-30 00:00:00+00:00,4561.809,4443.856198270668,64.45477421192481,bull
2026-05-01 00:00:00+00:00,4626.439,4445.672942566483,61.75488591130943,bull
2026-05-02 00:00:00+00:00,4613.555,4447.343410799652,60.124857195773075,bull
2026-05-04 00:00:00+00:00,4613.861,4449.000302234482,58.03577403959662,bull
2026-05-05 00:00:00+00:00,4518.956,4449.696378829163,55.165010118804275,bull
2026-05-06 00:00:00+00:00,4593.898,4451.131220830864,53.8453980778213,bull
2026-05-07 00:00:00+00:00,4698.945,4453.597029578816,52.727364266102086,bull
2026-05-08 00:00:00+00:00,4704.161,4456.090203413853,50.88063427340421,bull
2026-05-09 00:00:00+00:00,4715.419,4458.670589449535,49.29748368361834,bull
2026-05-11 00:00:00+00:00,4691.772,4460.990006469938,47.81222513950161,bull
2026-05-12 00:00:00+00:00,4767.688,4464.041727798595,46.68667066050148,bull
2026-05-13 00:00:00+00:00,4716.791,4466.5566459299525,45.83901224596866,bull
2026-05-14 00:00:00+00:00,4696.786,4468.847485273934,44.14036535795003,bull
2026-05-15 00:00:00+00:00,4652.425,4470.674127211507,42.84950600115462,bull
2026-05-16 00:00:00+00:00,4539.863,4471.362573706914,40.55076464790818,bull
2026-05-18 00:00:00+00:00,4537.288,4472.018548097891,38.57479684046666,bull
2026-05-19 00:00:00+00:00,4581.959,4473.112482942688,36.93155508086056,bull
2026-05-20 00:00:00+00:00,4489.549,4473.276030376094,34.66751970692167,bull
2026-05-21 00:00:00+00:00,4546.418,4474.003811168372,32.87266876456306,bull
2026-05-22 00:00:00+00:00,4535.396,4474.6146787189355,31.94393574202968,bull
2026-05-23 00:00:00+00:00,4507.866,4474.945537637155,31.089339366487366,bull
2026-05-25 00:00:00+00:00,4567.28,4475.864288506437,30.191345939954772,bull
2026-05-26 00:00:00+00:00,4559.791,4476.69938016309,29.355969363437907,bull
2026-05-27 00:00:00+00:00,4519.831,4477.128550509726,28.128248275244005,bull
2026-05-28 00:00:00+00:00,4447.238,4476.831132096693,27.13475326752996,mixed
2026-05-29 00:00:00+00:00,4495.071,4477.012623319612,25.88140248874879,bull
2026-05-30 00:00:00+00:00,4540.46,4477.643940500512,24.046910921696508,bull
2026-06-01 00:00:00+00:00,4539.445,4478.25887641593,22.168673002077412,bull
2026-06-02 00:00:00+00:00,4484.372,4478.319703516269,19.649114066734,bull
2026-06-03 00:00:00+00:00,4474.289,4478.27959701362,17.289590543682607,mixed
2026-06-04 00:00:00+00:00,4457.48,4478.072635849307,14.030908050711332,mixed
2026-06-05 00:00:00+00:00,4461.606,4477.908788726429,11.352142796476073,mixed
2026-06-06 00:00:00+00:00,4328.864,4476.425756002783,7.57827072884902,mixed
2026-06-08 00:00:00+00:00,4343.918,4475.107270868427,4.433143656920038,mixed
2026-06-09 00:00:00+00:00,4317.709,4473.541118919487,2.1785452125732263,mixed
2026-06-10 00:00:00+00:00,4222.203,4471.040242114319,-0.9783059835717722,bear
2026-06-11 00:00:00+00:00,4047.346,4466.8243790087035,-6.28810393398453,bear
2026-06-12 00:00:00+00:00,4219.87,4464.3671215061295,-8.908908869964762,bear
2026-06-13 00:00:00+00:00,4218.755,4461.923219799601,-12.08059136877091,bear
2026-06-15 00:00:00+00:00,4294.03,4460.252640498112,-14.362038220823706,bear
2026-06-16 00:00:00+00:00,4315.805,4458.815350542907,-16.130187094247958,bear
2026-06-17 00:00:00+00:00,4331.201,4457.545556010142,-18.318732496295524,bear
2026-06-18 00:00:00+00:00,4277.931,4455.758346497603,-20.94103366548643,bear
2026-06-19 00:00:00+00:00,4188.644,4453.100492303597,-24.028058206128662,bear
2026-06-20 00:00:00+00:00,4155.511,4450.13940282794,-26.69172926875308,bear
2026-06-22 00:00:00+00:00,4140.175,4447.0551799142295,-29.957443405382946,bear
2026-06-23 00:00:00+00:00,4187.767,4444.475198024536,-33.168742475975705,bear
2026-06-24 00:00:00+00:00,4099.406,4441.041673666084,-37.217202749846365,bear
2026-06-25 00:00:00+00:00,4012.41,4436.776681888312,-41.54302162795739,bear
2026-06-26 00:00:00+00:00,4014.731,4432.577222367036,-45.70237464658476,bear
2026-06-27 00:00:00+00:00,4088.33,4429.1518768708465,-48.92075897846007,bear
2026-06-29 00:00:00+00:00,4062.911,4425.5076890412865,-52.40109968514207,bear
2026-06-30 00:00:00+00:00,4015.108,4421.424110045851,-55.0016459569315,bear
2026-07-01 00:00:00+00:00,4005.673,4417.287283080221,-57.81998778820616,bear
2026-07-02 00:00:00+00:00,4035.249,4413.485907129174,-60.05521179031348,bear
2026-07-03 00:00:00+00:00,4126.196,4410.627301088089,-60.41294102623033,bear
2026-07-04 00:00:00+00:00,4174.993,4408.2826811767645,-58.54169783193902,bear
2026-07-06 00:00:00+00:00,4183.067,4406.041729125254,-58.3253923808752,bear
2026-07-07 00:00:00+00:00,4157.452,4403.568199482217,-58.355020317383605,bear
2026-07-08 00:00:00+00:00,4098.656,4400.534247248564,-59.71839324954817,bear
2026-07-09 00:00:00+00:00,4076.356,4397.308593047085,-61.50675749582206,bear
2026-07-10 00:00:00+00:00,4123.627,4394.585393116268,-62.96016289387353,bear
2026-07-11 00:00:00+00:00,4119.993,4391.853130498196,-63.90521599940712,bear
2026-07-13 00:00:00+00:00,4084.391,4388.793805816622,-64.3066864869752,bear
2026-07-14 00:00:00+00:00,4000.993,4384.9350913308845,-65.20431149705564,bear
2026-07-15 00:00:00+00:00,4053.203,4381.634274501722,-65.42090541250764,bear
2026-07-16 00:00:00+00:00,4057.98,4378.413833959416,-66.06136406512087,bear
2026-07-17 00:00:00+00:00,3985.862,4374.5078455618095,-66.53382810427411,bear
2026-07-18 00:00:00+00:00,4017.58,4370.956324710449,-65.82035717786312,bear
2026-07-20 00:00:00+00:00,3995.705,4367.22248068348,-65.3547416835554,bear
2026-07-21 00:00:00+00:00,4009.782,4363.665858985138,-65.48601788570886,bear
2026-07-22 00:00:00+00:00,4080.747,4360.85074596041,-64.65694308087677,bear
2026-07-23 00:00:00+00:00,4133.347,4358.587027095133,-62.83708295071847,bear
2026-07-24 00:00:00+00:00,4046.985,4355.486509412594,-61.800773667626345,bear
2026-07-25 00:00:00+00:00,4052.852,4352.475220761723,-61.010686367450944,bear
2026-07-27 00:00:00+00:00,4093.983,4349.903158863596,-60.724142224492425,bear
2026-07-28 00:00:00+00:00,4073.275,4347.150639869928,-61.13204130683607,bear
2026-07-29 00:00:00+00:00,4025.178,4343.946932010526,-62.09479711472795,bear
2026-07-30 00:00:00+00:00,4084.834,4341.368693881069,-62.1995056011483,bear
2026-07-31 00:00:00+00:00,4105.977,4339.026487971805,-61.50775927675841,bear
2026-08-01 00:00:00+00:00,4043.897,4336.08987615119,-61.21871689589534,bear
2026-08-03 00:00:00+00:00,4074.858,4333.490554000432,-61.094839115836294,bear
2026-08-04 00:00:00+00:00,4053.842,4330.707981323811,-61.14514917438555,bear
2026-08-05 00:00:00+00:00,4072.388,4328.137633250937,-60.656172565684756,bear
2026-08-06 00:00:00+00:00,4278.135,4327.640094611625,-57.29499671925987,bear
2026-08-07 00:00:00+00:00,4252.22,4326.889645909022,-54.74462859269988,bear
2026-08-08 00:00:00+00:00,4342.56,4327.045569830326,-51.368264129089766,mixed
2026-08-10 00:00:00+00:00,4332.743,4327.102260677785,-47.40558488402439,mixed
2026-08-11 00:00:00+00:00,4402.349,4327.850984452136,-43.105340258312935,mixed
2026-08-12 00:00:00+00:00,4371.453,4328.28483535311,-38.93764533037029,mixed
2026-08-13 00:00:00+00:00,4414.347,4329.141175299846,-34.524683685292075,mixed
2026-08-14 00:00:00+00:00,4356.697,4329.415362610295,-31.435383350114535,mixed
2026-08-15 00:00:00+00:00,4375.861,4329.877508255964,-28.709518839168595,mixed
2026-08-17 00:00:00+00:00,4370.439,4330.281105188741,-25.205404223853293,mixed
2026-08-18 00:00:00+00:00,4425.818,4331.23172105751,-21.24349970421281,mixed
2026-08-19 00:00:00+00:00,4332.937,4331.248689007187,-18.654469856409378,mixed
2026-08-20 00:00:00+00:00,4511.926,4333.04647319617,-14.1041666737583,mixed
2026-08-21 00:00:00+00:00,4526.544,4334.971821721581,-8.975110288944961,mixed
2026-08-22 00:00:00+00:00,4604.129,4337.650002599974,-3.7186912810948343,mixed
2026-08-24 00:00:00+00:00,4624.02,4340.4994553104225,1.472967338617309,bull
2026-08-25 00:00:00+00:00,4679.847,4343.876047794896,7.786171643706439,bull
2026-08-26 00:00:00+00:00,4654.941,4346.971221448679,13.480667448247004,bull
2026-08-27 00:00:00+00:00,4623.649,4349.724234170582,19.01625284677175,bull
2026-08-28 00:00:00+00:00,4594.641,4352.161216915153,24.02358366421595,bull
2026-08-29 00:00:00+00:00,4456.219,4353.196617741868,25.556523130243477,bull
2026-08-31 00:00:00+00:00,4458.325,4354.242671296675,27.35302538765336,bull
2026-09-01 00:00:00+00:00,4452.222,4355.217589990241,28.17202015991552,bull
