symbol,model_kind,use_vwap,intraday,balance,sizing,trades,return_percent,net_profit,gross_price_profit,commission,fee,swap,net_profit_factor,profit_factor,net_win_rate,equity_dd_percent,trades_per_week,trades_per_month,mean_monthly_profit_usd,mean_monthly_return_percent,geometric_monthly_return_percent,mean_holding_hours,mean_realized_r,long_trades,short_trades,long_net,short_net,initial_stop_trades,trailing_stop_trades,overnight_trades,weekend_trades,planned_actual_risk_percent_mean,planned_actual_risk_percent_max,stopout_deals,losses_exceeding_nominal_budget,losses_exceeding_1pct_reference,coverage,tag
US500,0,False,False,500,0,119.0,-2.4319999999999995,-12.15999999999996,7.699999999999989,-2.38,0.0,-17.48,0.9632395175186675,0.9633436831157872,39.49579831932773,23.11632046481167,3.42798353909465,14.875,-1.5199999999999996,-0.11381517115403463,-0.3072846012465491,26.537135854341738,0.03431679151721299,54,65,23.510000000000012,-35.66999999999999,51,43,65,25,1.0079054227755946,2.13042880973408,0,,21.0,FULL_WINDOW,lcv28_u_m0_v0_i0_b500_r0
US500,0,False,False,500,1,77.0,21.906,109.53,126.07999999999998,-1.97,0.0,-14.580000000000002,1.566514947760422,1.5638029546507437,49.35064935064935,7.251463962063558,2.2181069958847734,9.625,13.691249999999998,2.533573138799116,2.5069083386511926,26.611980519480518,0.2755885209185377,36,41,54.05000000000001,55.480000000000004,32,36,41,15,0.9779022510179535,0.9998858019152649,0,6.0,,FULL_WINDOW,lcv28_u_m0_v0_i0_b500_r1
US500,0,False,False,500,2,118.0,4.438,22.189999999999905,65.58999999999996,-4.99,0.0,-38.410000000000004,1.0321920789206445,1.0320984796979664,39.83050847457627,31.823734977412848,3.39917695473251,14.75,2.7737499999999997,0.9330251031740424,0.544268386829927,26.452704802259888,0.035070007596890884,53,65,26.300000000000004,-4.109999999999987,51,43,64,25,1.966000931123631,1.9989240700891486,0,9.0,,FULL_WINDOW,lcv28_u_m0_v0_i0_b500_r2
US500,0,False,False,500,3,119.0,3.187999999999977,15.939999999999792,86.39999999999992,-7.960000000000001,0.0,-62.5,1.0144748551606402,1.0144330456986097,39.49579831932773,44.44930122998094,3.42798353909465,14.875,1.9924999999999855,1.2704177266529855,0.3930501895065053,26.537135854341738,0.034711653772770676,54,65,44.010000000000005,-28.070000000000007,51,43,65,25,2.96813669448585,2.998817373272636,0,9.0,,FULL_WINDOW,lcv28_u_m0_v0_i0_b500_r3
US500,0,False,False,500,4,119.0,0.35800000000002685,1.7899999999999618,101.44,-11.110000000000001,0.0,-88.53999999999999,1.0011573325747094,1.0011540271679924,39.49579831932773,54.80175563862406,3.42798353909465,14.875,0.22375000000001677,1.5755355242462126,0.04468006673576941,26.537135854341738,0.03474156726631271,54,65,65.42000000000004,-63.629999999999974,51,43,65,25,3.970228382360172,3.99959239407341,0,8.0,,FULL_WINDOW,lcv28_u_m0_v0_i0_b500_r4
US500,0,False,False,500,5,119.0,-4.504000000000053,-22.520000000000078,108.28999999999996,-14.370000000000001,0.0,-116.44,0.9888263167034658,0.9888576630778976,39.49579831932773,63.532160527762514,3.42798353909465,14.875,-2.8150000000000333,1.7665468435238731,-0.5744166847473142,26.537135854341738,0.03475446867412673,54,65,93.86000000000003,-116.38000000000001,51,43,65,25,4.967688537276215,5.0,0,11.0,,FULL_WINDOW,lcv28_u_m0_v0_i0_b500_r5
US500,0,False,False,1000,0,119.0,-1.2159999999999997,-12.15999999999996,7.699999999999989,-2.38,0.0,-17.48,0.9632395175186675,0.9633436831157872,39.49579831932773,12.565836916139512,3.42798353909465,14.875,-1.5199999999999996,-0.10243645644547492,-0.15281483988834887,26.537135854341738,0.03431679151721299,54,65,23.510000000000012,-35.66999999999999,51,43,65,25,0.5162500669641084,1.0819127546114171,0,,0.0,FULL_WINDOW,lcv28_u_m0_v0_i0_b1000_r0
US500,0,False,False,1000,1,117.0,3.9769999999999963,39.76999999999993,80.43000000000002,-4.800000000000001,0.0,-35.86,1.0619422163382917,1.0617508229302532,40.17094017094017,16.59454200842014,3.3703703703703702,14.625,4.971249999999996,0.5809340331550272,0.4886843717611278,26.140332383665726,0.04071345990505428,53,64,26.429999999999993,13.340000000000014,51,43,63,24,0.9829712506071919,0.999682640431609,0,8.0,,FULL_WINDOW,lcv28_u_m0_v0_i0_b1000_r1
US500,0,False,False,1000,2,119.0,4.1659999999999915,41.65999999999983,130.2,-10.100000000000001,0.0,-78.44,1.029910541204176,1.029821898980645,39.49579831932773,32.174128472836664,3.42798353909465,14.875,5.207499999999989,0.9126558101716267,0.5114986417986245,26.537135854341738,0.034749472312544896,54,65,54.839999999999996,-13.179999999999993,51,43,65,25,1.9821622594339685,1.999991703172707,0,10.0,,FULL_WINDOW,lcv28_u_m0_v0_i0_b1000_r2
US500,0,False,False,1000,3,119.0,2.8729999999999905,28.729999999999805,170.30000000000013,-15.870000000000001,0.0,-125.69999999999999,1.0129739347193873,1.0129366630343752,39.49579831932773,44.71778888134278,3.42798353909465,14.875,3.591249999999988,1.2420369191663831,0.3546904399748918,26.537135854341738,0.0347681263806452,54,65,88.33999999999999,-59.61,51,43,65,25,2.9842073643783764,2.999905914821552,0,14.0,,FULL_WINDOW,lcv28_u_m0_v0_i0_b1000_r3
US500,0,False,False,1000,4,119.0,0.12800000000002001,1.2799999999999194,201.1400000000001,-22.13,0.0,-177.73000000000002,1.0004123299541605,1.0004111630775558,39.49579831932773,55.03629740283564,3.42798353909465,14.875,0.160000000000025,1.5613758087349199,0.015991047161412197,26.537135854341738,0.034754468475443105,54,65,132.74999999999997,-131.47000000000003,51,43,65,25,3.9849789967705456,3.9999239167649416,0,13.0,,FULL_WINDOW,lcv28_u_m0_v0_i0_b1000_r4
US500,0,False,False,1000,5,119.0,-4.948000000000036,-49.47999999999973,212.5999999999999,-28.71,0.0,-233.37,0.9877486846177654,0.987782806547112,39.49579831932773,63.69624709490216,3.42798353909465,14.875,-6.185000000000045,1.724152778126009,-0.6323183465944182,26.537135854341738,0.03475004819049931,54,65,185.8400000000001,-235.32000000000002,51,43,65,25,4.984011215250672,4.9997859913039395,0,13.0,,FULL_WINDOW,lcv28_u_m0_v0_i0_b1000_r5
US500,0,False,False,3000,0,119.0,-0.4053333333333332,-12.15999999999996,7.699999999999989,-2.38,0.0,-17.48,0.9632395175186675,0.9633436831157872,39.49579831932773,4.4470862636528485,3.42798353909465,14.875,-1.5199999999999996,-0.044983388109929925,-0.050756743837954144,26.537135854341738,0.03431679151721299,54,65,23.510000000000012,-35.66999999999999,51,43,65,25,0.17510756654635662,0.36766341751636405,0,,0.0,FULL_WINDOW,lcv28_u_m0_v0_i0_b3000_r0
US500,0,False,False,3000,1,119.0,3.1136666666666675,93.40999999999958,217.91000000000008,-14.310000000000002,0.0,-110.19,1.0474822850055407,1.0473405468413457,39.49579831932773,17.503623996431756,3.42798353909465,14.875,11.676250000000003,0.4867605755628935,0.38400734655448243,26.537135854341738,0.034768866493079746,54,65,75.75999999999996,17.65000000000003,51,43,65,25,0.9947250478820476,0.999972859643647,0,11.0,,FULL_WINDOW,lcv28_u_m0_v0_i0_b3000_r1
US500,0,False,False,3000,2,119.0,4.1299999999999955,123.90000000000065,391.1899999999998,-30.300000000000004,0.0,-236.99,1.029480136003598,1.029393762543948,39.49579831932773,32.35809435773122,3.42798353909465,14.875,15.487499999999983,0.9134776592740809,0.5071558605924231,26.537135854341738,0.034768729777340496,54,65,165.85999999999996,-41.96,51,43,65,25,1.994199694079661,1.99998745271241,0,14.0,,FULL_WINDOW,lcv28_u_m0_v0_i0_b3000_r2
US500,0,False,False,3000,3,119.0,2.9713333333333365,89.13999999999996,515.2599999999995,-47.75,0.0,-378.37,1.013367404168279,1.0133290268943105,39.49579831932773,44.80679400377085,3.42798353909465,14.875,11.142500000000013,1.2613170931462945,0.36667619773842475,26.537135854341738,0.03476433561548368,54,65,270.03,-180.89000000000004,51,43,65,25,2.9941299695601775,2.9999931024334616,0,16.0,,FULL_WINDOW,lcv28_u_m0_v0_i0_b3000_r3
US500,0,False,False,3000,4,119.0,-0.1193333333333006,-3.579999999998705,597.0300000000002,-66.56,0.0,-534.05,0.9996163277204294,0.9996174126407722,39.49579831932773,55.17436440012151,3.42798353909465,14.875,-0.4474999999998772,1.539365609647136,-0.014924460223064706,26.537135854341738,0.03475543732775811,54,65,399.1900000000002,-402.7699999999999,51,43,65,25,3.9945236360418046,3.99995350981524,0,20.0,,FULL_WINDOW,lcv28_u_m0_v0_i0_b3000_r4
US500,0,False,False,3000,5,119.0,-4.959000000000015,-148.77000000000004,639.2699999999995,-86.11,0.0,-701.9300000000001,0.9877542755497899,0.9877883310719134,39.49579831932773,63.80558017902832,3.42798353909465,14.875,-18.596250000000055,1.739026091603352,-0.6337558490183914,26.537135854341738,0.034762679607277074,54,65,560.27,-709.04,51,43,65,25,4.9948060755323676,4.999950941392027,0,22.0,,FULL_WINDOW,lcv28_u_m0_v0_i0_b3000_r5
US500,0,False,True,500,0,61.0,-3.5120000000000013,-17.560000000000027,-16.340000000000003,-1.22,0.0,0.0,0.8294483294483295,0.8303053730189413,42.62295081967213,12.735013063894309,1.7572016460905349,7.625,-2.1950000000000007,-0.3967446295818143,-0.4458971349741381,3.654139344262295,-0.014456449357149095,32,29,-4.889999999999997,-12.669999999999996,10,2,0,0,1.0769803524031176,1.9859744774999013,0,,6.0,FULL_WINDOW,lcv28_u_m0_v0_i1_b500_r0
US500,0,False,True,500,1,29.0,1.9620000000000002,9.810000000000008,10.440000000000001,-0.6300000000000001,0.0,0.0,1.3020320197044333,1.2992678462477123,44.827586206896555,3.964841884016432,0.8353909465020576,3.625,1.22625,0.2615204205915444,0.2431702913089806,4.007021072796935,0.07048630763019688,15,14,4.159999999999999,5.650000000000002,3,2,0,0,0.9735769090485717,0.9976475359967553,0,0.0,,FULL_WINDOW,lcv28_u_m0_v0_i1_b500_r1
US500,0,False,True,500,2,61.0,-2.2280000000000006,-11.14,-8.860000000000003,-2.2800000000000002,0.0,0.0,0.9399978455240761,0.9403224942411744,42.62295081967213,19.971312858589272,1.7572016460905349,7.625,-1.3925000000000005,-0.11413057926568826,-0.2812530966472049,3.654139344262295,-0.014115067871269186,32,29,-7.269999999999994,-3.870000000000001,10,2,0,0,1.9639142433159373,1.998190149793985,0,0.0,,FULL_WINDOW,lcv28_u_m0_v0_i1_b500_r2
US500,0,False,True,500,3,61.0,-3.769999999999998,-18.850000000000037,-15.419999999999993,-3.430000000000001,0.0,0.0,0.9344256592221526,0.9347750865051904,42.62295081967213,28.66758689144966,1.7572016460905349,7.625,-2.3562499999999984,-0.10131442625232268,-0.4792109356584362,3.654139344262295,-0.01412515558570385,32,29,-10.009999999999998,-8.839999999999996,10,2,0,0,2.9625167229899003,2.9995127497157705,0,0.0,,FULL_WINDOW,lcv28_u_m0_v0_i1_b500_r3
US500,0,False,True,500,4,61.0,-5.9019999999999975,-29.51000000000009,-24.829999999999988,-4.680000000000001,0.0,0.0,0.9253440599069015,0.925740456478522,42.62295081967213,36.6017000085859,1.7572016460905349,7.625,-3.6887499999999984,-0.08252592914318824,-0.7575335612510004,3.654139344262295,-0.014093632832325486,32,29,-13.16,-16.349999999999998,10,2,0,0,3.966385262155382,3.996505673955162,0,0.0,,FULL_WINDOW,lcv28_u_m0_v0_i1_b500_r4
US500,0,False,True,500,5,61.0,-7.800000000000002,-39.000000000000064,-33.00999999999999,-5.990000000000001,0.0,0.0,0.9230435297367694,0.9234558693646836,42.62295081967213,43.533635127822734,1.7572016460905349,7.625,-4.875000000000001,0.0399446223912856,-1.009990682250772,3.654139344262295,-0.014083439528014899,32,29,-15.05999999999999,-23.93999999999999,10,2,0,0,4.963371754899339,4.998584022290229,0,0.0,,FULL_WINDOW,lcv28_u_m0_v0_i1_b500_r5
US500,0,False,True,1000,0,61.0,-1.7560000000000007,-17.560000000000027,-16.340000000000003,-1.22,0.0,0.0,0.8294483294483295,0.8303053730189413,42.62295081967213,6.655145085982177,1.7572016460905349,7.625,-2.1950000000000007,-0.20859618725190093,-0.22120505279790148,3.654139344262295,-0.014456449357149095,32,29,-4.889999999999997,-12.669999999999996,10,2,0,0,0.5453070639398196,0.9991254397646638,0,,0.0,FULL_WINDOW,lcv28_u_m0_v0_i1_b1000_r0
US500,0,False,True,1000,1,61.0,-0.9319999999999989,-9.320000000000071,-7.169999999999993,-2.15,0.0,0.0,0.9480982346717155,0.9483713715931752,42.62295081967213,10.430990957910671,1.7572016460905349,7.625,-1.1649999999999987,-0.07559320386825168,-0.11697781446310396,3.654139344262295,-0.014054983396080363,32,29,-7.659999999999999,-1.6599999999999988,10,2,0,0,0.9776771952829503,0.997908133840334,0,0.0,,FULL_WINDOW,lcv28_u_m0_v0_i1_b1000_r1
US500,0,False,True,1000,2,61.0,-2.282000000000002,-22.820000000000032,-18.34000000000002,-4.48,0.0,0.0,0.9391125697057019,0.9394373673036096,42.62295081967213,20.129596548586065,1.7572016460905349,7.625,-2.8525000000000023,-0.11879308849450643,-0.288139160568468,3.654139344262295,-0.01409732956938165,32,29,-14.480000000000004,-8.340000000000003,10,2,0,0,1.9822987363227456,1.9990922294843863,0,0.0,,FULL_WINDOW,lcv28_u_m0_v0_i1_b1000_r2
US500,0,False,True,1000,3,61.0,-3.958000000000002,-39.58000000000006,-32.76000000000002,-6.820000000000001,0.0,0.0,0.9317162376647575,0.9320736583775246,42.62295081967213,28.88811405547807,1.7572016460905349,7.625,-4.9475000000000025,-0.12085686384820243,-0.5035353663039754,3.654139344262295,-0.014077758723967115,32,29,-20.870000000000005,-18.709999999999994,10,2,0,0,2.980915348590957,2.9998938916987936,0,0.0,,FULL_WINDOW,lcv28_u_m0_v0_i1_b1000_r3
US500,0,False,True,1000,4,61.0,-5.8120000000000065,-58.1200000000002,-48.79000000000004,-9.33,0.0,0.0,0.9267890208724348,0.9271761330175792,42.62295081967213,36.67052221222636,1.7572016460905349,7.625,-7.265000000000008,-0.06726537564074975,-0.7456734702813494,3.654139344262295,-0.014074355067531949,32,29,-26.15,-31.970000000000006,10,2,0,0,3.9816385206043945,3.9996039875408385,0,0.0,,FULL_WINDOW,lcv28_u_m0_v0_i1_b1000_r4
US500,0,False,True,1000,5,61.0,-8.024000000000003,-80.24000000000026,-68.34000000000002,-11.900000000000002,0.0,0.0,0.9212151560674344,0.9216299103393044,42.62295081967213,43.72696524760505,1.7572016460905349,7.625,-10.030000000000003,0.018747852278797605,-1.0400847258762447,3.654139344262295,-0.014064339609587381,32,29,-30.359999999999996,-49.88000000000001,10,2,0,0,4.98209463416415,4.999351736420303,0,0.0,,FULL_WINDOW,lcv28_u_m0_v0_i1_b1000_r5
US500,0,False,True,3000,0,61.0,-0.5853333333333335,-17.560000000000027,-16.340000000000003,-1.22,0.0,0.0,0.8294483294483295,0.8303053730189413,42.62295081967213,2.2872631927831373,1.7572016460905349,7.625,-2.1950000000000007,-0.07192788380322791,-0.0733547226557385,3.654139344262295,-0.014456449357149095,32,29,-4.889999999999997,-12.669999999999996,10,2,0,0,0.18338849476858,0.3344199692637266,0,,0.0,FULL_WINDOW,lcv28_u_m0_v0_i1_b3000_r0
US500,0,False,True,3000,1,61.0,-0.9826666666666656,-29.48,-22.959999999999965,-6.520000000000002,0.0,0.0,0.9462092874737709,0.9464924221798712,42.62295081967213,10.604398458675456,1.7572016460905349,7.625,-3.6849999999999956,-0.0804875231370737,-0.12336468068585571,3.654139344262295,-0.014068288366088779,32,29,-21.990000000000002,-7.489999999999992,10,2,0,0,0.9935033451559224,0.9996631092236986,0,0.0,,FULL_WINDOW,lcv28_u_m0_v0_i1_b3000_r1
US500,0,False,True,3000,2,61.0,-2.3313333333333315,-69.9400000000001,-56.53999999999995,-13.4,0.0,0.0,0.9382199137870116,0.9385461606727056,42.62295081967213,20.26912924318972,1.7572016460905349,7.625,-8.742499999999993,-0.1226433847952885,-0.2944330436232545,3.654139344262295,-0.014087176756194796,32,29,-43.100000000000016,-26.83999999999999,10,2,0,0,1.9941658745007271,1.999940882622447,0,0.0,,FULL_WINDOW,lcv28_u_m0_v0_i1_b3000_r2
US500,0,False,True,3000,3,61.0,-3.9090000000000016,-117.27000000000012,-96.70000000000003,-20.570000000000004,0.0,0.0,0.9328365902270279,0.9331905269214772,42.62295081967213,28.947707799208683,1.7572016460905349,7.625,-14.658750000000005,-0.11142733807606586,-0.4971914765291796,3.654139344262295,-0.014071527455426109,32,29,-61.33999999999999,-55.92999999999999,10,2,0,0,2.9939179132839056,2.999989606250109,0,0.0,,FULL_WINDOW,lcv28_u_m0_v0_i1_b3000_r3
US500,0,False,True,3000,4,61.0,-5.823000000000002,-174.69000000000034,-146.67000000000007,-28.020000000000003,0.0,0.0,0.9269070323058448,0.927292175657509,42.62295081967213,36.76798121239924,1.7572016460905349,7.625,-21.836250000000007,-0.06378103990457618,-0.7471225048994556,3.654139344262295,-0.014072045176539623,32,29,-78.68999999999998,-95.99999999999999,10,2,0,0,3.99358029751046,3.9999410466431584,0,0.0,,FULL_WINDOW,lcv28_u_m0_v0_i1_b3000_r4
US500,0,False,True,3000,5,61.0,-7.964666666666659,-238.9400000000008,-203.07999999999976,-35.86,0.0,0.0,0.9220342743777493,0.9224452436285264,42.62295081967213,43.795673282596816,1.7572016460905349,7.625,-29.86749999999997,0.031532979683299156,-1.0321071486236955,3.654139344262295,-0.014069296507180064,32,29,-91.92000000000002,-147.02,10,2,0,0,4.993826610492741,4.999992002964234,0,2.0,,FULL_WINDOW,lcv28_u_m0_v0_i1_b3000_r5
US500,0,True,False,500,0,22.0,1.5259999999999991,7.6299999999999955,11.750000000000002,-0.44000000000000006,0.0,-3.68,1.1320297629347638,1.1316198033465583,40.909090909090914,7.544260528711281,0.6337448559670782,2.75,0.9537499999999994,0.21453492413579925,0.18948851960594038,31.766830808080808,0.1739199165553182,10,12,0.6900000000000013,6.940000000000002,6,6,16,5,1.1247806507987332,2.1400043369408803,0,,4.0,FULL_WINDOW,lcv28_u_m0_v1_i0_b500_r0
US500,0,True,False,500,1,10.0,2.4599999999999995,12.3,13.98,-0.20999999999999996,0.0,-1.4700000000000002,1.544488711819389,1.5420890260026443,50.0,3.555643642850064,0.28806584362139914,1.25,1.5374999999999999,0.30875831410946025,0.3042405314719776,28.190444444444445,0.26776586307276945,3,7,-8.129999999999999,20.43,3,4,6,2,0.9770614421398134,0.99755856419362,0,2.0,,FULL_WINDOW,lcv28_u_m0_v1_i0_b500_r1
US500,0,True,False,500,2,21.0,8.408,42.03999999999999,49.91000000000001,-0.76,0.0,-7.109999999999999,1.4404861693210396,1.438922530799749,42.857142857142854,11.33266070420849,0.6049382716049383,2.625,5.255,1.0684691628604863,1.0142553152784117,30.27952380952381,0.21219659138964056,10,11,-3.3100000000000027,45.35000000000001,6,6,15,4,1.9582566799833738,1.9995327976079238,0,3.0,,FULL_WINDOW,lcv28_u_m0_v1_i0_b500_r2
US500,0,True,False,500,3,22.0,10.352,51.75999999999999,64.09,-1.2000000000000002,0.0,-11.129999999999999,1.323904881101377,1.3228542914171657,40.909090909090914,18.15096733269902,0.6337448559670782,2.75,6.47,1.3807689935425569,1.2389252569265041,31.766830808080808,0.17406150722721628,10,12,-4.969999999999998,56.73000000000001,6,6,16,5,2.9663436115425497,2.9992174995553977,0,3.0,,FULL_WINDOW,lcv28_u_m0_v1_i0_b500_r3
US500,0,True,False,500,4,22.0,13.117999999999997,65.58999999999997,82.47999999999999,-1.6600000000000001,0.0,-15.23,1.298339777120764,1.2973659155823547,40.909090909090914,23.523325252764145,0.6337448559670782,2.75,8.198749999999997,1.7976689932320484,1.5526977034324707,31.766830808080808,0.1739315215892969,10,12,-7.369999999999986,72.96,6,6,16,5,3.962904379885351,3.999160328763585,0,4.0,,FULL_WINDOW,lcv28_u_m0_v1_i0_b500_r4
US500,0,True,False,500,5,22.0,15.440000000000001,77.19999999999999,98.83000000000003,-2.11,0.0,-19.52,1.2725603728286965,1.2716779279279278,40.909090909090914,28.58921506239105,0.6337448559670782,2.75,9.65,2.1896769142455983,1.8109616945406914,31.766830808080808,0.1739574409922665,10,12,-9.420000000000003,86.62,6,6,16,5,4.9608292771036195,4.984954400259248,0,3.0,,FULL_WINDOW,lcv28_u_m0_v1_i0_b500_r5
US500,0,True,False,1000,0,22.0,0.7629999999999996,7.6299999999999955,11.750000000000002,-0.44000000000000006,0.0,-3.68,1.1320297629347638,1.1316198033465583,40.909090909090914,3.911238671276812,0.6337448559670782,2.75,0.9537499999999994,0.10146636013688805,0.0950581362953562,31.766830808080808,0.1739199165553182,10,12,0.6900000000000013,6.940000000000002,6,6,16,5,0.5710917562881114,1.0777249396884654,0,,0.0,FULL_WINDOW,lcv28_u_m0_v1_i0_b1000_r0
US500,0,True,False,1000,1,21.0,4.26,42.599999999999966,50.309999999999995,-0.7400000000000001,0.0,-6.970000000000001,1.459993521218011,1.458310919849381,42.857142857142854,5.8192800014776775,0.6049382716049383,2.625,5.325,0.5365521402249063,0.5228319377500013,30.27952380952381,0.2122012288653727,10,11,-3.4999999999999996,46.1,6,6,15,4,0.9834885678368408,0.9998864453612931,0,3.0,,FULL_WINDOW,lcv28_u_m0_v1_i0_b1000_r1
US500,0,True,False,1000,2,22.0,7.125000000000001,71.24999999999997,87.24999999999997,-1.5500000000000005,0.0,-14.45,1.3450029052876233,1.3438540610974372,40.909090909090914,12.541846006695373,0.6337448559670782,2.75,8.906250000000002,0.9279402342257788,0.864038838594805,31.766830808080808,0.1739702636071059,10,12,-6.909999999999993,78.16,6,6,16,5,1.9850848126837164,1.9998691283010048,0,4.0,,FULL_WINDOW,lcv28_u_m0_v1_i0_b1000_r2
US500,0,True,False,1000,3,22.0,10.319999999999999,103.19999999999992,127.98000000000002,-2.4099999999999997,0.0,-22.369999999999997,1.3217258471802225,1.3206661902246528,40.909090909090914,18.23010814067801,0.6337448559670782,2.75,12.899999999999999,1.3774449994995197,1.2352551187708283,31.766830808080808,0.17393065293665863,10,12,-10.159999999999995,113.36000000000001,6,6,16,5,2.982471617808704,2.999991105655914,0,3.0,,FULL_WINDOW,lcv28_u_m0_v1_i0_b1000_r3
US500,0,True,False,1000,4,22.0,13.000000000000005,130.0,163.92999999999998,-3.3,0.0,-30.63,1.2942041776993232,1.2932551319648096,40.909090909090914,23.60180460025145,0.6337448559670782,2.75,16.250000000000007,1.787930181474259,1.5394497114899819,31.766830808080808,0.1739702086437239,10,12,-15.399999999999983,145.4,6,6,16,5,3.9807643188753303,3.9991027366532075,0,3.0,,FULL_WINDOW,lcv28_u_m0_v1_i0_b1000_r4
US500,0,True,False,1000,5,22.0,15.427000000000001,154.27000000000007,197.7700000000001,-4.2,0.0,-39.3,1.2707013634210111,1.2698443239461257,40.909090909090914,28.70432398461295,0.6337448559670782,2.75,19.28375,2.192097560139122,1.8095284741286521,31.766830808080808,0.1739839622608417,10,12,-19.99999999999998,174.27,6,6,16,5,4.982111033877039,4.999514514475946,0,4.0,,FULL_WINDOW,lcv28_u_m0_v1_i0_b1000_r5
US500,0,True,False,3000,0,22.0,0.2543333333333332,7.6299999999999955,11.750000000000002,-0.44000000000000006,0.0,-3.68,1.1320297629347638,1.1316198033465583,40.909090909090914,1.336607104654267,0.6337448559670782,2.75,0.9537499999999994,0.032479646839572884,0.031756347942923924,31.766830808080808,0.1739199165553182,10,12,0.6900000000000013,6.940000000000002,6,6,16,5,0.19237310197599136,0.36097856195153755,0,,0.0,FULL_WINDOW,lcv28_u_m0_v1_i0_b3000_r0
US500,0,True,False,3000,1,22.0,3.6919999999999993,110.76,134.11,-2.28,0.0,-21.07,1.369483270507389,1.3682425693197684,40.909090909090914,6.498470242762484,0.6337448559670782,2.75,13.844999999999997,0.47056729357455357,0.4542131933486404,31.766830808080808,0.17388623786061017,10,12,-9.749999999999996,120.50999999999999,6,6,16,5,0.9948893107632621,0.9999117159476966,0,3.0,,FULL_WINDOW,lcv28_u_m0_v1_i0_b3000_r1
US500,0,True,False,3000,2,22.0,7.063666666666668,211.90999999999988,260.13,-4.6899999999999995,0.0,-43.53,1.3402700836584933,1.339142820562064,40.909090909090914,12.598427438409896,0.6337448559670782,2.75,26.488750000000007,0.9212980459133029,0.8568184443592752,31.766830808080808,0.1739676793732448,10,12,-20.980000000000015,232.89,6,6,16,5,1.9936088704981563,1.9994890742898443,0,4.0,,FULL_WINDOW,lcv28_u_m0_v1_i0_b3000_r2
US500,0,True,False,3000,3,22.0,10.199000000000002,305.97,380.38000000000005,-7.2,0.0,-67.21,1.3167391304347824,1.315709642470206,40.909090909090914,18.319189996563303,0.6337448559670782,2.75,38.24625,1.3640081549592655,1.2213689831450658,31.766830808080808,0.17396677925141185,10,12,-32.94000000000002,338.90999999999997,6,6,16,5,2.9924846814511272,2.999346614210446,0,4.0,,FULL_WINDOW,lcv28_u_m0_v1_i0_b3000_r3
US500,0,True,False,3000,4,22.0,13.015333333333338,390.46,492.5500000000001,-9.889999999999999,0.0,-92.2,1.2935590824681036,1.2926174899016014,40.909090909090914,23.68445029981408,0.6337448559670782,2.75,48.80750000000002,1.7912299919068588,1.5411718860562473,31.766830808080808,0.1739821430141143,10,12,-45.78999999999998,436.24999999999994,6,6,16,5,3.9937322015945425,3.999703011352812,0,4.0,,FULL_WINDOW,lcv28_u_m0_v1_i0_b3000_r4
US500,0,True,False,3000,5,22.0,15.514333333333328,465.42999999999984,596.3199999999999,-12.690000000000001,0.0,-118.2,1.271728405873252,1.2708618251441806,40.909090909090914,28.731589613125973,0.6337448559670782,2.75,58.17874999999998,2.2041640649467515,1.819154063984163,31.766830808080808,0.17397032091794346,10,12,-58.540000000000006,523.97,6,6,16,5,4.9927997053350754,4.999657317506136,0,3.0,,FULL_WINDOW,lcv28_u_m0_v1_i0_b3000_r5
US500,0,True,True,500,0,10.0,2.1299999999999994,10.650000000000006,10.850000000000001,-0.19999999999999998,0.0,0.0,1.6879844961240311,1.6835686777920411,50.0,3.154532144283237,0.28806584362139914,1.25,1.3312499999999998,0.26906133361176343,0.26380141522373,4.126416666666667,0.15726632600093096,5,5,0.20000000000000062,10.450000000000001,1,0,0,0,1.2191840158962357,1.8156447068294645,0,,1.0,FULL_WINDOW,lcv28_u_m0_v1_i1_b500_r0
US500,0,True,True,500,1,3.0,-0.7299999999999999,-3.649999999999999,-3.5799999999999996,-0.07,0.0,0.0,0.22832980972515857,0.2315789473684211,33.33333333333333,2.265957024268186,0.08641975308641975,0.375,-0.4562499999999999,-0.09099214065055423,-0.09154276635164882,4.75,-0.24540720576502698,1,2,-4.12,0.4700000000000001,0,0,0,0,0.9752081266974931,0.9888,0,0.0,,FULL_WINDOW,lcv28_u_m0_v1_i1_b500_r1
US500,0,True,True,500,2,10.0,2.902,14.509999999999996,14.83,-0.31999999999999995,0.0,0.0,1.542632759910247,1.5398065476190472,50.0,4.541510550187346,0.28806584362139914,1.25,1.81375,0.3713264984698307,0.3582262646756318,4.126416666666667,0.15773699587665557,5,5,-5.529999999999999,20.04,1,0,0,0,1.9705984418132658,1.9998103726178058,0,0.0,,FULL_WINDOW,lcv28_u_m0_v1_i1_b500_r2
US500,0,True,True,500,3,10.0,4.388000000000001,21.94000000000001,22.42,-0.48,0.0,0.0,1.5432037633077493,1.5402610194533366,50.0,6.744477518408272,0.28806584362139914,1.25,2.7425000000000006,0.5673242950794497,0.5382501431033138,4.126416666666667,0.15782270376871338,5,5,-7.989999999999996,29.929999999999996,1,0,0,0,2.956783153213732,2.9972930850627506,0,0.0,,FULL_WINDOW,lcv28_u_m0_v1_i1_b500_r3
US500,0,True,True,500,4,10.0,5.864,29.320000000000007,29.970000000000006,-0.6499999999999999,0.0,0.0,1.5324132921735976,1.5295286256095355,50.0,8.881758070789589,0.28806584362139914,1.25,3.665,0.7678026149538617,0.7148563042748801,4.126416666666667,0.15774178760547442,5,5,-11.510000000000005,40.83,1,0,0,0,3.9627960063234666,3.999860279441118,0,0.0,,FULL_WINDOW,lcv28_u_m0_v1_i1_b500_r4
US500,0,True,True,500,5,10.0,7.198,35.989999999999995,36.81999999999999,-0.83,0.0,0.0,1.512824166429182,1.510062358276644,50.0,11.094377510040156,0.28806584362139914,1.25,4.49875,0.9550121587338644,0.872627964141981,4.126416666666667,0.1577841099643792,5,5,-15.049999999999999,51.04,1,0,0,0,4.972660465966636,4.998842633184863,0,0.0,,FULL_WINDOW,lcv28_u_m0_v1_i1_b500_r5
US500,0,True,True,1000,0,10.0,1.0649999999999997,10.650000000000006,10.850000000000001,-0.19999999999999998,0.0,0.0,1.6879844961240311,1.6835686777920411,50.0,1.6171009152849696,0.28806584362139914,1.25,1.3312499999999998,0.13385520347397872,0.13250881809163673,4.126416666666667,0.15726632600093096,5,5,0.20000000000000062,10.450000000000001,1,0,0,0,0.6166110493331056,0.9271123900128216,0,,0.0,FULL_WINDOW,lcv28_u_m0_v1_i1_b1000_r0
US500,0,True,True,1000,1,10.0,1.5049999999999997,15.05,15.359999999999998,-0.31000000000000005,0.0,0.0,1.5788461538461538,1.575745983167559,50.0,2.286763975772016,0.28806584362139914,1.25,1.8812499999999994,0.19016171308663563,0.1868978412561173,4.126416666666667,0.1577875290383727,5,5,-4.790000000000001,19.839999999999996,1,0,0,0,0.9786615471859385,0.9933976239294438,0,0.0,,FULL_WINDOW,lcv28_u_m0_v1_i1_b1000_r1
US500,0,True,True,1000,2,10.0,2.9810000000000008,29.81000000000001,30.459999999999997,-0.6499999999999999,0.0,0.0,1.555949272659456,1.5528560830860534,50.0,4.542496549004146,0.28806584362139914,1.25,3.7262500000000007,0.3810087828865745,0.3678539179426066,4.126416666666667,0.15762864460117235,5,5,-10.110000000000001,39.92,1,0,0,0,1.9862246936392265,1.9985155511270625,0,0.0,,FULL_WINDOW,lcv28_u_m0_v1_i1_b1000_r2
US500,0,True,True,1000,3,10.0,4.461,44.61000000000002,45.57,-0.96,0.0,0.0,1.5471605543971543,1.544289897510981,50.0,6.782382253027497,0.28806584362139914,1.25,5.576250000000001,0.5767357176177831,0.5470359324008189,4.126416666666667,0.15778944343325169,5,5,-16.159999999999993,60.77,1,0,0,0,2.980040468495077,2.9978771190351656,0,0.0,,FULL_WINDOW,lcv28_u_m0_v1_i1_b1000_r3
US500,0,True,True,1000,4,10.0,5.929999999999999,59.29999999999998,60.58999999999999,-1.29,0.0,0.0,1.536311838654246,1.533465275278877,50.0,8.934734631575877,0.28806584362139914,1.25,7.412499999999998,0.7758197081808956,0.7227028906574784,4.126416666666667,0.15782962582849272,5,5,-22.47000000000001,81.77,1,0,0,0,3.985549540918748,3.998543393892231,0,0.0,,FULL_WINDOW,lcv28_u_m0_v1_i1_b1000_r4
US500,0,True,True,1000,5,10.0,7.171999999999999,71.71999999999998,73.36,-1.64,0.0,0.0,1.5096645821489485,1.506962606913126,50.0,11.095235796688703,0.28806584362139914,1.25,8.965,0.9520052316368007,0.8695694104981166,4.126416666666667,0.15778508243530953,5,5,-30.279999999999998,102.0,1,0,0,0,4.986016221953788,4.998930293730821,0,0.0,,FULL_WINDOW,lcv28_u_m0_v1_i1_b1000_r5
US500,0,True,True,3000,0,10.0,0.3549999999999999,10.650000000000006,10.850000000000001,-0.19999999999999998,0.0,0.0,1.6879844961240311,1.6835686777920411,50.0,0.5482648195088318,0.28806584362139914,1.25,1.3312499999999998,0.04445824325000386,0.04430623260509581,4.126416666666667,0.15726632600093096,5,5,0.20000000000000062,10.450000000000001,1,0,0,0,0.20714574159062743,0.3134781299330512,0,,0.0,FULL_WINDOW,lcv28_u_m0_v1_i1_b3000_r0
US500,0,True,True,3000,1,10.0,1.5440000000000003,46.32000000000003,47.26,-0.94,0.0,0.0,1.5864775892631044,1.583301851152248,50.0,2.305831267561804,0.28806584362139914,1.25,5.790000000000001,0.19505215928856365,0.1917087278837215,4.126416666666667,0.15776626452581066,5,5,-14.209999999999997,60.53,1,0,0,0,0.992686575991266,0.9994991748148795,0,0.0,,FULL_WINDOW,lcv28_u_m0_v1_i1_b3000_r1
US500,0,True,True,3000,2,10.0,3.018666666666667,90.56000000000004,92.45000000000002,-1.8899999999999997,0.0,0.0,1.561264332197087,1.5582886381850694,50.0,4.565963949456928,0.28806584362139914,1.25,11.32,0.3858089787900243,0.37244204302300243,4.126416666666667,0.157816614991128,5,5,-30.68999999999999,121.25,1,0,0,0,1.9938995297609636,1.999660437155721,0,0.0,,FULL_WINDOW,lcv28_u_m0_v1_i1_b3000_r2
US500,0,True,True,3000,3,10.0,4.482666666666668,134.47999999999996,137.36,-2.88,0.0,0.0,1.546377930362004,1.543485289363078,50.0,6.793730972169206,0.28806584362139914,1.25,16.810000000000002,0.5796925790078933,0.5496425528750182,4.126416666666667,0.1578155766326514,5,5,-48.57999999999999,183.06,1,0,0,0,2.9952782245426475,2.9993600000000002,0,0.0,,FULL_WINDOW,lcv28_u_m0_v1_i1_b3000_r3
US500,0,True,True,3000,4,10.0,5.892333333333333,176.76999999999998,180.65000000000003,-3.8799999999999994,0.0,0.0,1.5309684008170128,1.5281761682801482,50.0,8.965801053770829,0.28806584362139914,1.25,22.096249999999998,0.771468825873304,0.7182253125292748,4.126416666666667,0.15779955800031464,5,5,-68.56,245.33,1,0,0,0,3.9927735249717293,3.9991684738501654,0,0.0,,FULL_WINDOW,lcv28_u_m0_v1_i1_b3000_r4
US500,0,True,True,3000,5,10.0,7.227666666666669,216.82999999999996,221.71999999999997,-4.89,0.0,0.0,1.513389369006748,1.5106929200621793,50.0,11.09466360743098,0.28806584362139914,1.25,27.103750000000005,0.9587965054629631,0.876117059512227,4.126416666666667,0.1578110693631928,5,5,-90.08999999999997,306.91999999999996,1,0,0,0,4.99255697657551,4.996433172373299,0,0.0,,FULL_WINDOW,lcv28_u_m0_v1_i1_b3000_r5
US500,1,False,False,500,0,237.0,-18.085999999999995,-90.42999999999986,-65.91,-4.74,0.0,-19.78,0.8548731363643658,0.8552726341564938,36.28691983122363,32.329435218312234,6.827160493827161,29.625,-11.303749999999997,-2.1806211615004427,-2.4629162063165677,18.245066807313645,-0.03303160984065342,115,122,-21.99999999999999,-68.42999999999996,77,59,112,31,1.1267197064286367,3.250740502253703,0,,51.0,FULL_WINDOW,lcv28_u_m1_v0_i0_b500_r0
US500,1,False,False,500,1,138.0,6.875999999999998,34.38000000000003,48.99000000000001,-3.45,0.0,-11.16,1.1013800424628453,1.100972128403184,40.57971014492754,14.759546253395111,3.9753086419753085,17.25,4.2974999999999985,0.9174427740352994,0.8347031059027232,15.953013285024152,0.06032639499055803,66,72,-45.53,79.91,46,46,56,15,0.9746526641415731,1.0,0,5.0,,FULL_WINDOW,lcv28_u_m1_v0_i0_b500_r1
US500,1,False,False,500,2,231.0,-18.654,-93.27000000000008,-50.3,-8.709999999999999,0.0,-34.260000000000005,0.9165145005370571,0.9167618605647406,36.36363636363637,43.19767180210318,6.654320987654321,28.875,-11.658750000000001,-2.0176404258270284,-2.5477153006971953,18.23411616161616,-0.029147835988983985,111,120,-84.79999999999997,-8.46999999999996,77,59,107,31,1.9627105982105801,1.9996353359467591,0,6.0,,FULL_WINDOW,lcv28_u_m1_v0_i0_b500_r2
US500,1,False,False,500,3,236.0,-31.887999999999987,-159.44000000000034,-94.56000000000006,-12.71,0.0,-52.16999999999999,0.9046411483253591,0.9049141221374072,36.440677966101696,57.72311056443898,6.79835390946502,29.5,-19.929999999999993,-3.562323744292322,-4.686821174945177,18.258817090395482,-0.030716674859273544,115,121,-129.4,-30.03999999999998,77,59,111,31,2.963279143738339,2.9994721330224783,0,10.0,,FULL_WINDOW,lcv28_u_m1_v0_i0_b500_r3
US500,1,False,False,500,4,236.0,-43.804,-219.0200000000002,-135.00999999999993,-16.28,0.0,-67.72999999999999,0.8988766638810272,0.8991634553850569,36.440677966101696,68.29277595545045,6.79835390946502,29.5,-27.377499999999998,-5.035692724192983,-6.950686041163845,18.258817090395482,-0.03071678894033294,115,121,-166.04,-52.98,77,59,111,31,3.956989350847004,3.9997690337210767,0,7.0,,FULL_WINDOW,lcv28_u_m1_v0_i0_b500_r4
US500,1,False,False,500,5,236.0,-55.278000000000006,-276.39000000000004,-175.31999999999994,-19.35,0.0,-81.72,0.8941387353640741,0.8944347048915466,36.440677966101696,76.58864076972787,6.79835390946502,29.5,-34.548750000000005,-6.67538447989975,-9.569454180241166,18.258817090395482,-0.030706015574173,115,121,-197.81000000000003,-78.58,77,59,111,31,4.950943167786918,4.999999999999999,0,8.0,,FULL_WINDOW,lcv28_u_m1_v0_i0_b500_r5
US500,1,False,False,1000,0,237.0,-9.042999999999997,-90.42999999999986,-65.91,-4.74,0.0,-19.78,0.8548731363643658,0.8552726341564938,36.28691983122363,17.105696876088945,6.827160493827161,29.625,-11.303749999999997,-1.111056346305639,-1.1778004653604346,18.245066807313645,-0.03303160984065342,115,122,-21.99999999999999,-68.42999999999996,77,59,112,31,0.5529392098717125,1.4594317487233077,0,,1.0,FULL_WINDOW,lcv28_u_m1_v0_i0_b1000_r0
US500,1,False,False,1000,1,229.0,-9.125999999999996,-91.26000000000016,-48.86999999999995,-8.760000000000002,0.0,-33.63,0.9182162796741556,0.918455242418289,35.80786026200873,25.479760503556623,6.5967078189300405,28.625,-11.407499999999995,-1.0413764894918294,-1.1890771111762177,17.94358442503639,-0.03525620560025401,110,119,-95.16999999999999,3.9100000000000303,77,59,105,30,0.9826962033100548,0.9998698993578604,0,8.0,,FULL_WINDOW,lcv28_u_m1_v0_i0_b1000_r1
US500,1,False,False,1000,2,237.0,-20.584000000000007,-205.8400000000005,-117.56999999999994,-17.33,0.0,-70.94,0.9095069571142814,0.9097656027389466,36.28691983122363,43.41166231505657,6.827160493827161,29.625,-25.73000000000001,-2.3052102640803542,-2.839777404578403,18.245066807313645,-0.03260058205223807,115,122,-176.29,-29.550000000000004,77,59,112,31,1.980684326407739,1.9999353336782202,0,10.0,,FULL_WINDOW,lcv28_u_m1_v0_i0_b1000_r2
US500,1,False,False,1000,3,237.0,-32.57299999999999,-325.72999999999985,-195.25999999999993,-25.44,0.0,-105.03,0.9032273398436689,0.9035019893290196,36.28691983122363,57.78298343145156,6.827160493827161,29.625,-40.71624999999999,-3.636432265530914,-4.807171875167526,18.245066807313645,-0.03259382324691225,115,122,-257.84,-67.89,77,59,112,31,2.9794973341577156,2.9998170921962926,0,8.0,,FULL_WINDOW,lcv28_u_m1_v0_i0_b1000_r3
US500,1,False,False,1000,4,237.0,-45.056,-450.5599999999994,-282.1399999999999,-32.47,0.0,-135.95000000000002,0.89661549757922,0.8969055180808899,36.28691983122363,68.59677337655758,6.827160493827161,29.625,-56.31999999999999,-5.215846144558754,-7.212380221903125,18.245066807313645,-0.032598415170204245,115,122,-334.16999999999996,-116.39000000000003,77,59,112,31,3.9774044742226673,3.9998962317293727,0,11.0,,FULL_WINDOW,lcv28_u_m1_v0_i0_b1000_r4
US500,1,False,False,1000,5,237.0,-56.730000000000004,-567.2999999999997,-364.9500000000002,-38.61,0.0,-163.74,0.8917325088743848,0.8920319051144486,36.28691983122363,76.83822868948172,6.827160493827161,29.625,-70.91250000000001,-6.926453288873087,-9.941779374775061,18.245066807313645,-0.03258349442029449,115,122,-397.5900000000001,-169.71000000000006,77,59,112,31,4.977002832912391,4.999756997371153,0,9.0,,FULL_WINDOW,lcv28_u_m1_v0_i0_b1000_r5
US500,1,False,False,3000,0,237.0,-3.0143333333333326,-90.42999999999986,-65.91,-4.74,0.0,-19.78,0.8548731363643658,0.8552726341564938,36.28691983122363,5.932112051368312,6.827160493827161,29.625,-11.303749999999997,-0.3746662053626257,-0.3818563762819527,18.245066807313645,-0.03303160984065342,115,122,-21.99999999999999,-68.42999999999996,77,59,112,31,0.18256306341390358,0.49110584738284335,0,,0.0,FULL_WINDOW,lcv28_u_m1_v0_i0_b3000_r0
US500,1,False,False,3000,1,237.0,-9.104999999999999,-273.15000000000015,-138.6699999999999,-26.580000000000002,0.0,-107.89999999999999,0.9204659938620651,0.9206962126380888,36.28691983122363,24.64505537250595,6.827160493827161,29.625,-34.14375,-1.0473969117882507,-1.1862231325597827,18.245066807313645,-0.03261121296538741,115,122,-261.49999999999994,-11.650000000000029,77,59,112,31,0.9929782732516775,0.9999640509757165,0,9.0,,FULL_WINDOW,lcv28_u_m1_v0_i0_b3000_r1
US500,1,False,False,3000,2,237.0,-20.485999999999994,-614.5800000000002,-347.6800000000003,-52.190000000000005,0.0,-214.71000000000004,0.9105057912471639,0.9107612691885496,36.28691983122363,43.59959611118525,6.827160493827161,29.625,-76.82249999999998,-2.283094826547832,-2.8247984248823244,18.245066807313645,-0.0325797707907729,115,122,-525.71,-88.86999999999995,77,59,112,31,1.9932185150903472,1.999969610035982,0,12.0,,FULL_WINDOW,lcv28_u_m1_v0_i0_b3000_r2
US500,1,False,False,3000,3,237.0,-33.00633333333332,-990.1900000000002,-598.3800000000002,-76.02000000000001,0.0,-315.79,0.9022221915010852,0.9024980331029516,36.28691983122363,57.971615466813695,6.827160493827161,29.625,-123.77374999999998,-3.702199193082907,-4.883859767438481,18.245066807313645,-0.032578980521512424,115,122,-776.6500000000001,-213.54000000000002,77,59,112,31,2.9933891184061268,2.999957813145986,0,13.0,,FULL_WINDOW,lcv28_u_m1_v0_i0_b3000_r3
US500,1,False,False,3000,4,237.0,-45.33233333333334,-1359.9699999999991,-853.8399999999997,-97.31,0.0,-408.82,0.896266028586967,0.8965558420616268,36.28691983122363,68.79562967902027,6.827160493827161,29.625,-169.99625000000003,-5.250483649048017,-7.270841809652295,18.245066807313645,-0.03257495643603996,115,122,-999.5299999999999,-360.44,77,59,112,31,3.9924078543245898,3.999993387293022,0,15.0,,FULL_WINDOW,lcv28_u_m1_v0_i0_b3000_r4
US500,1,False,False,3000,5,237.0,-56.92100000000002,-1707.6300000000006,-1100.8100000000002,-115.6,0.0,-491.22,0.8914540992266016,0.8917543025577634,36.28691983122363,76.97033326334105,6.827160493827161,29.625,-213.45375000000007,-6.958876109181697,-9.991566844935873,18.245066807313645,-0.03257330903417957,115,122,-1192.8400000000001,-514.7900000000002,77,59,112,31,4.991579250146714,4.99987050945281,0,16.0,,FULL_WINDOW,lcv28_u_m1_v0_i0_b3000_r5
US500,1,False,True,500,0,89.0,-2.9860000000000038,-14.930000000000003,-13.150000000000006,-1.7799999999999998,0.0,0.0,0.8959001533956212,0.8966066481994455,55.0561797752809,11.28757799205899,2.5637860082304527,11.125,-1.8662500000000022,-0.35895072352036994,-0.3782190432049526,3.331732209737828,0.016938871814365666,39,50,-8.729999999999997,-6.199999999999997,15,5,0,0,1.171336771381787,2.385951647354593,0,,14.0,FULL_WINDOW,lcv28_u_m1_v0_i1_b500_r0
US500,1,False,True,500,1,41.0,8.498,42.48999999999991,43.410000000000004,-0.9199999999999999,0.0,0.0,2.0965161290322585,2.081445660473402,58.536585365853654,2.5170349328491035,1.1810699588477367,5.125,5.311249999999999,1.0346554213301467,1.0247342266997084,3.735880758807588,0.21058767728456018,18,23,21.35,21.14,4,4,0,0,0.9735763387103271,0.9986262206215424,0,0.0,,FULL_WINDOW,lcv28_u_m1_v0_i1_b500_r1
US500,1,False,True,500,2,87.0,0.9460000000000008,4.729999999999938,7.8400000000000105,-3.1100000000000003,0.0,0.0,1.0195188379482525,1.0193796861556106,54.02298850574713,16.59580803652666,2.506172839506173,10.875,0.5912500000000005,0.1874288991483068,0.11776346690084427,3.3680938697318012,0.007540703180519538,38,49,1.1400000000000072,3.5900000000000016,15,5,0,0,1.9602220462914601,1.9988884772137823,0,0.0,,FULL_WINDOW,lcv28_u_m1_v0_i1_b500_r2
US500,1,False,True,500,3,89.0,2.6839999999999975,13.419999999999968,18.389999999999986,-4.97,0.0,0.0,1.0343829263918423,1.0341406329500358,55.0561797752809,22.32459463555083,2.5637860082304527,11.125,1.6774999999999984,0.47096465458935644,0.33162522924077287,3.331732209737828,0.017388444349175577,39,50,6.760000000000008,6.660000000000003,15,5,0,0,2.962801474601568,2.999563327068026,0,0.0,,FULL_WINDOW,lcv28_u_m1_v0_i1_b500_r3
US500,1,False,True,500,4,89.0,3.0180000000000065,15.08999999999999,21.890000000000043,-6.800000000000001,0.0,0.0,1.0275103915992125,1.0273230969797922,55.0561797752809,28.7360306147916,2.5637860082304527,11.125,1.886250000000004,0.623374071406162,0.3723608500302955,3.331732209737828,0.01738078909713409,39,50,8.070000000000014,7.019999999999994,15,5,0,0,3.9625255657885794,3.9994557778254203,0,0.0,,FULL_WINDOW,lcv28_u_m1_v0_i1_b500_r4
US500,1,False,True,500,5,89.0,3.0759999999999876,15.380000000000118,24.279999999999944,-8.900000000000002,0.0,0.0,1.0213649686748996,1.021219646799116,55.0561797752809,34.654749342046706,2.5637860082304527,11.125,1.9224999999999923,0.7697253561100992,0.37942292107633335,3.331732209737828,0.017399174473836102,39,50,9.540000000000006,5.840000000000007,15,5,0,0,4.963294801563751,4.997466824030629,0,1.0,,FULL_WINDOW,lcv28_u_m1_v0_i1_b500_r5
US500,1,False,True,1000,0,89.0,-1.4930000000000019,-14.930000000000003,-13.150000000000006,-1.7799999999999998,0.0,0.0,0.8959001533956212,0.8966066481994455,55.0561797752809,5.894718737159942,2.5637860082304527,11.125,-1.8662500000000022,-0.18294330639838993,-0.18785550956290642,3.331732209737828,0.016938871814365666,39,50,-8.729999999999997,-6.199999999999997,15,5,0,0,0.5930131433151338,1.2266309048327066,0,,0.0,FULL_WINDOW,lcv28_u_m1_v0_i1_b1000_r0
US500,1,False,True,1000,1,86.0,0.8730000000000003,8.72999999999992,11.719999999999992,-2.99,0.0,0.0,1.0383197260995523,1.0380392156862743,54.65116279069767,8.299830819886859,2.477366255144033,10.75,1.0912500000000005,0.1249853757277461,0.10871047063627515,3.357839147286822,0.012600115140151115,37,49,5.790000000000002,2.9400000000000053,15,5,0,0,0.9801572441126839,0.9999319377327486,0,0.0,,FULL_WINDOW,lcv28_u_m1_v0_i1_b1000_r1
US500,1,False,True,1000,2,89.0,2.4100000000000024,24.099999999999927,30.410000000000025,-6.3100000000000005,0.0,0.0,1.0486711366023105,1.0483275848239346,55.0561797752809,15.376470393593957,2.5637860082304527,11.125,3.012500000000003,0.3599288588905169,0.29812072485140284,3.331732209737828,0.017411035966005493,39,50,10.980000000000011,13.120000000000001,15,5,0,0,1.980140337605079,1.9988119334682741,0,0.0,,FULL_WINDOW,lcv28_u_m1_v0_i1_b1000_r2
US500,1,False,True,1000,3,89.0,2.9680000000000035,29.68000000000003,39.50000000000003,-9.82,0.0,0.0,1.0378031383737518,1.037542057729768,55.0561797752809,22.319870026825853,2.5637860082304527,11.125,3.7100000000000044,0.5062493116007369,0.3662700648921158,3.331732209737828,0.017407302516216135,39,50,14.899999999999999,14.780000000000008,15,5,0,0,2.980743988242724,2.999025087195865,0,0.0,,FULL_WINDOW,lcv28_u_m1_v0_i1_b1000_r3
US500,1,False,True,1000,4,89.0,2.9670000000000014,29.66999999999995,43.31000000000006,-13.639999999999999,0.0,0.0,1.0269191337246755,1.026735751295337,55.0561797752809,28.877705013360643,2.5637860082304527,11.125,3.708750000000002,0.6183594862754253,0.3661482227949042,3.331732209737828,0.0174196406487533,39,50,16.060000000000016,13.61000000000002,15,5,0,0,3.9809923768633246,3.9986808130696034,0,1.0,,FULL_WINDOW,lcv28_u_m1_v0_i1_b1000_r4
US500,1,False,True,1000,5,89.0,2.8469999999999858,28.47000000000012,46.25999999999988,-17.79,0.0,0.0,1.0196953345508883,1.0195623046002666,55.0561797752809,34.78852463185738,2.5637860082304527,11.125,3.558749999999982,0.7443606795803638,0.35151964867503604,3.331732209737828,0.017411058020442113,39,50,19.05000000000001,9.420000000000002,15,5,0,0,4.981811547442053,4.999099428700082,0,2.0,,FULL_WINDOW,lcv28_u_m1_v0_i1_b1000_r5
US500,1,False,True,3000,0,89.0,-0.49766666666666726,-14.930000000000003,-13.150000000000006,-1.7799999999999998,0.0,0.0,0.8959001533956212,0.8966066481994455,55.0561797752809,2.024926719907569,2.5637860082304527,11.125,-1.8662500000000022,-0.061791038192596334,-0.0623442018244047,3.331732209737828,0.016938871814365666,39,50,-8.729999999999997,-6.199999999999997,15,5,0,0,0.1993725289354185,0.41671426166132397,0,,0.0,FULL_WINDOW,lcv28_u_m1_v0_i1_b3000_r0
US500,1,False,True,3000,1,89.0,1.3450000000000017,40.34999999999994,49.440000000000055,-9.09,0.0,0.0,1.0570213247035878,1.056612509470494,55.0561797752809,8.016600474645225,2.5637860082304527,11.125,5.043750000000006,0.1827330969005897,0.16714392627776853,3.331732209737828,0.01739538918986549,39,50,17.610000000000017,22.740000000000002,15,5,0,0,0.9930435461064034,0.9998271316824411,0,1.0,,FULL_WINDOW,lcv28_u_m1_v0_i1_b3000_r1
US500,1,False,True,3000,2,89.0,2.372333333333334,71.16999999999992,90.18000000000006,-19.009999999999998,0.0,0.0,1.047546831992731,1.047212179508441,55.0561797752809,15.501930820970752,2.5637860082304527,11.125,8.896250000000002,0.3562603151550053,0.2935087436783945,3.331732209737828,0.017409209552991044,39,50,32.109999999999985,39.06,15,5,0,0,1.993224440671092,1.999797234275518,0,1.0,,FULL_WINDOW,lcv28_u_m1_v0_i1_b3000_r2
US500,1,False,True,3000,3,89.0,2.9286666666666674,87.86000000000026,117.4899999999999,-29.63,0.0,0.0,1.037128127112914,1.0368708847585515,55.0561797752809,22.454205635687664,2.5637860082304527,11.125,10.982500000000002,0.5030934083155394,0.3614768283136893,3.331732209737828,0.01741573243382404,39,50,43.48999999999998,44.369999999999976,15,5,0,0,2.9936585351447826,2.9999842194132778,0,1.0,,FULL_WINDOW,lcv28_u_m1_v0_i1_b3000_r3
US500,1,False,True,3000,4,89.0,3.036999999999993,91.10999999999964,132.14999999999964,-41.040000000000006,0.0,0.0,1.0274658523277092,1.0272786064587214,55.0561797752809,28.9183116119888,2.5637860082304527,11.125,11.388749999999973,0.6270143995186515,0.374674670178754,3.331732209737828,0.017422340846668515,39,50,50.42999999999998,40.67999999999991,15,5,0,0,3.9941630636395433,3.999992162518026,0,3.0,,FULL_WINDOW,lcv28_u_m1_v0_i1_b3000_r4
US500,1,False,True,3000,5,89.0,2.8213333333333215,84.63999999999962,137.89999999999964,-53.260000000000005,0.0,0.0,1.019453938250295,1.019323274454878,55.0561797752809,34.91002810034872,2.5637860082304527,11.125,10.579999999999956,0.7441907762315043,0.34838882051497766,3.331732209737828,0.01742501683589222,39,50,56.8,27.83999999999995,15,5,0,0,4.994816443601849,4.99969555061056,0,3.0,,FULL_WINDOW,lcv28_u_m1_v0_i1_b3000_r5
US500,1,True,False,500,0,46.0,-1.8800000000000012,-9.399999999999984,-5.259999999999991,-0.9199999999999999,0.0,-3.2199999999999998,0.9317257408483444,0.9318840579710144,34.78260869565217,10.79204853962065,1.3251028806584362,5.75,-1.1750000000000007,-0.2285799222224207,-0.23695589770816872,20.48004830917875,0.06819764874448399,15,31,-17.049999999999997,7.65000000000001,17,11,27,5,1.119079012590396,2.06493659919666,0,,11.0,FULL_WINDOW,lcv28_u_m1_v1_i0_b500_r0
US500,1,True,False,500,1,21.0,9.386,46.92999999999997,48.87,-0.49,0.0,-1.4500000000000002,1.854204586821988,1.8517241379310332,33.33333333333333,5.11968212122949,0.6049382716049383,2.625,5.866249999999999,1.1661471909922623,1.1277204246983086,21.087857142857143,0.44868781520356116,5,16,-16.52,63.449999999999996,7,7,12,3,0.978454900840722,0.9997986712301189,0,2.0,,FULL_WINDOW,lcv28_u_m1_v1_i0_b500_r1
US500,1,True,False,500,2,45.0,2.934,14.669999999999986,21.750000000000004,-1.6400000000000001,0.0,-5.4399999999999995,1.0576265860077778,1.0575023518344306,33.33333333333333,17.18641606840364,1.2962962962962963,5.625,1.83375,0.413995848647584,0.36212685261378663,20.168493827160496,0.05332135099366347,14,31,-47.83,62.50000000000001,17,11,26,5,1.969671641175899,1.9999597269487124,0,2.0,,FULL_WINDOW,lcv28_u_m1_v1_i0_b500_r2
US500,1,True,False,500,3,46.0,5.036000000000004,25.18000000000004,36.91000000000001,-2.58,0.0,-9.15,1.0624132460836806,1.062278944374366,34.78260869565217,24.935846892695857,1.3251028806584362,5.75,3.147500000000002,0.749380181497153,0.6160518738008935,20.48004830917875,0.06850472721777154,15,31,-67.66,92.84,17,11,27,5,2.963008429379214,2.9998517640083007,0,2.0,,FULL_WINDOW,lcv28_u_m1_v1_i0_b500_r3
US500,1,True,False,500,4,46.0,4.856000000000001,24.28000000000005,40.359999999999985,-3.5300000000000002,0.0,-12.55,1.043345532446666,1.043253643068372,34.78260869565217,31.838044428211788,1.3251028806584362,5.75,3.0350000000000006,0.8213396022553394,0.5944825042393242,20.48004830917875,0.06851641964910563,15,31,-96.70000000000002,120.98000000000002,17,11,27,5,3.9671336914744093,3.999289697055794,0,2.0,,FULL_WINDOW,lcv28_u_m1_v1_i0_b500_r4
US500,1,True,False,500,5,46.0,3.5759999999999867,17.88000000000005,38.32999999999998,-4.5,0.0,-15.950000000000001,1.0247717480153506,1.0247200331812525,34.78260869565217,38.18519405845712,1.3251028806584362,5.75,2.234999999999992,0.7760141016841231,0.44015907646954844,20.48004830917875,0.0685323553232811,15,31,-129.09,146.96999999999997,17,11,27,5,4.96084036651502,4.999465945099156,0,2.0,,FULL_WINDOW,lcv28_u_m1_v1_i0_b500_r5
US500,1,True,False,1000,0,46.0,-0.9400000000000006,-9.399999999999984,-5.259999999999991,-0.9199999999999999,0.0,-3.2199999999999998,0.9317257408483444,0.9318840579710144,34.78260869565217,5.647245025409257,1.3251028806584362,5.75,-1.1750000000000007,-0.11586225565169456,-0.11798607698134678,20.48004830917875,0.06819764874448399,15,31,-17.049999999999997,7.65000000000001,17,11,27,5,0.5671765038652817,1.0405405405405406,0,,0.0,FULL_WINDOW,lcv28_u_m1_v1_i0_b1000_r0
US500,1,True,False,1000,1,45.0,1.944,19.43999999999999,26.25999999999999,-1.57,0.0,-5.25,1.0799177800616648,1.0797505743354114,33.33333333333333,9.033082290298651,1.2962962962962963,5.625,2.4299999999999997,0.2550266974652802,0.2409580499334485,20.168493827160496,0.053382875023468175,14,31,-45.269999999999996,64.71000000000001,17,11,26,5,0.9775520638795686,0.9992172594295778,0,2.0,,FULL_WINDOW,lcv28_u_m1_v1_i0_b1000_r1
US500,1,True,False,1000,2,46.0,4.509000000000002,45.09,60.309999999999995,-3.3200000000000003,0.0,-11.9,1.0869154554917306,1.0867248807508847,34.78260869565217,17.48588443050705,1.3251028806584362,5.75,5.636250000000002,0.6157557158031881,0.5528099626264993,20.48004830917875,0.06856404979660499,15,31,-83.0,128.09,17,11,27,5,1.9815272656526717,1.9994127531937194,0,2.0,,FULL_WINDOW,lcv28_u_m1_v1_i0_b1000_r2
US500,1,True,False,1000,3,46.0,5.142000000000001,51.42000000000006,74.97000000000001,-5.15,0.0,-18.4,1.0633212240625576,1.0631858341832654,34.78260869565217,25.03845190828773,1.3251028806584362,5.75,6.427500000000002,0.7629083236798022,0.628738709234522,20.48004830917875,0.06856768365338153,15,31,-135.78,187.20000000000002,17,11,27,5,2.979448132979058,2.9994309097314433,0,2.0,,FULL_WINDOW,lcv28_u_m1_v1_i0_b1000_r3
US500,1,True,False,1000,4,46.0,4.601000000000005,46.01000000000008,78.21999999999998,-7.04,0.0,-25.17,1.0408926889098247,1.040806371505605,34.78260869565217,32.02300679509084,1.3251028806584362,5.75,5.751250000000006,0.7905567247913089,0.5638703708840342,20.48004830917875,0.06854856845253092,15,31,-194.09000000000003,240.10000000000008,17,11,27,5,3.9845521393987213,3.999860786555959,0,4.0,,FULL_WINDOW,lcv28_u_m1_v1_i0_b1000_r4
US500,1,True,False,1000,5,46.0,3.464999999999986,34.65000000000022,75.78999999999995,-8.969999999999999,0.0,-32.17,1.02387448840382,1.0238252403151942,34.78260869565217,38.34560384682092,1.3251028806584362,5.75,4.331249999999983,0.7623598058358136,0.426697839793877,20.48004830917875,0.06855324490661491,15,31,-259.17,293.81999999999994,17,11,27,5,4.982393586329551,4.9996778716792365,0,2.0,,FULL_WINDOW,lcv28_u_m1_v1_i0_b1000_r5
US500,1,True,False,3000,0,46.0,-0.3133333333333335,-9.399999999999984,-5.259999999999991,-0.9199999999999999,0.0,-3.2199999999999998,0.9317257408483444,0.9318840579710144,34.78260869565217,1.942712450349807,1.3251028806584362,5.75,-1.1750000000000007,-0.038982203375913085,-0.03922046302108351,20.48004830917875,0.06819764874448399,15,31,-17.049999999999997,7.65000000000001,17,11,27,5,0.1908233872597905,0.34866417543253053,0,,0.0,FULL_WINDOW,lcv28_u_m1_v1_i0_b3000_r0
US500,1,True,False,3000,1,46.0,2.690333333333333,80.71000000000006,102.95000000000002,-4.8500000000000005,0.0,-17.39,1.1083748472600807,1.1081323687031075,34.78260869565217,9.164692747990152,1.3251028806584362,5.75,10.088749999999997,0.3489323594155589,0.33239873884367555,20.48004830917875,0.06852494240168565,15,31,-115.25999999999999,195.97,17,11,27,5,0.9935257058412964,0.9998484960818508,0,4.0,,FULL_WINDOW,lcv28_u_m1_v1_i0_b3000_r1
US500,1,True,False,3000,2,46.0,4.314333333333335,129.42999999999986,175.3800000000001,-10.02,0.0,-35.93,1.08266695621072,1.0824862501672925,34.78260869565217,17.54788320435011,1.3251028806584362,5.75,16.178750000000004,0.5919500981455331,0.5293786667055933,20.48004830917875,0.0685442765661337,15,31,-252.55,381.98,17,11,27,5,1.993205746162504,1.9999578885309413,0,3.0,,FULL_WINDOW,lcv28_u_m1_v1_i0_b3000_r2
US500,1,True,False,3000,3,46.0,5.000000000000009,150.00000000000009,220.9999999999999,-15.510000000000002,0.0,-55.489999999999995,1.0612224906941816,1.0610910868104346,34.78260869565217,25.16676600309929,1.3251028806584362,5.75,18.750000000000032,0.7461228910252826,0.6117405887125615,20.48004830917875,0.06854384696577918,15,31,-409.21999999999997,559.22,17,11,27,5,2.9944958961205703,2.9999473871531808,0,4.0,,FULL_WINDOW,lcv28_u_m1_v1_i0_b3000_r3
US500,1,True,False,3000,4,46.0,4.659999999999997,139.80000000000007,236.6999999999999,-21.130000000000006,0.0,-75.77,1.0412993642615744,1.041212678647233,34.78260869565217,32.07758120995947,1.3251028806584362,5.75,17.474999999999987,0.7981563698465268,0.5709589798706727,20.48004830917875,0.06855088059014723,15,31,-584.5100000000001,724.31,17,11,27,5,3.9938557288153977,3.9998135963386985,0,4.0,,FULL_WINDOW,lcv28_u_m1_v1_i0_b3000_r4
US500,1,True,False,3000,5,46.0,3.394666666666657,101.84000000000044,225.52000000000032,-26.889999999999997,0.0,-96.78999999999999,1.0233401859605942,1.0232920355601502,34.78260869565217,38.39937195892229,1.3251028806584362,5.75,12.729999999999963,0.7563516531732352,0.4181618059060366,20.48004830917875,0.06856535169177234,15,31,-777.38,879.2200000000001,17,11,27,5,4.994186836535962,4.999918168278752,0,4.0,,FULL_WINDOW,lcv28_u_m1_v1_i0_b3000_r5
US500,1,True,True,500,0,21.0,-3.749999999999999,-18.749999999999996,-18.33,-0.42000000000000004,0.0,0.0,0.5348548747209129,0.5369226969622128,42.857142857142854,6.673918110480928,0.6049382716049383,2.625,-2.3437499999999996,-0.4684684933635919,-0.47662567791618704,2.9267195767195764,-0.15421923795144524,8,13,-5.639999999999999,-13.11,5,0,0,0,1.274666790445941,2.0976897689768976,0,,4.0,FULL_WINDOW,lcv28_u_m1_v1_i1_b500_r0
US500,1,True,True,500,1,5.0,-0.8420000000000001,-4.210000000000001,-4.110000000000001,-0.1,0.0,0.0,0.3401253918495298,0.3442367601246106,40.0,2.02198237449252,0.14403292181069957,0.625,-0.52625,-0.10461509043104135,-0.1056397674651044,3.5362222222222224,-0.17154280999220434,1,4,-0.13,-4.08,1,0,0,0,0.9727824674843999,0.9934800000000001,0,0.0,,FULL_WINDOW,lcv28_u_m1_v1_i1_b500_r1
US500,1,True,True,500,2,20.0,-6.966,-34.82999999999999,-34.23,-0.6000000000000001,0.0,0.0,0.4330131857398665,0.4351281219591306,40.0,10.133483372783354,0.5761316872427983,2.5,-4.35375,-0.8860134131489951,-0.8985037153635633,2.8855555555555554,-0.1803316284528461,7,13,-10.19,-24.639999999999997,5,0,0,0,1.9566333917251106,1.9977366132586813,0,0.0,,FULL_WINDOW,lcv28_u_m1_v1_i1_b500_r2
US500,1,True,True,500,3,21.0,-9.304,-46.52,-45.59,-0.9300000000000002,0.0,0.0,0.5002685573101302,0.5023002032737778,42.857142857142854,14.956498763847735,0.6049382716049383,2.625,-5.8149999999999995,-1.1800820467607382,-1.2132911811874592,2.9267195767195764,-0.15368849328131592,8,13,-9.469999999999999,-37.05,5,0,0,0,2.9578862156716363,2.986093136952815,0,0.0,,FULL_WINDOW,lcv28_u_m1_v1_i1_b500_r3
US500,1,True,True,500,4,21.0,-12.440000000000001,-62.19999999999999,-60.959999999999994,-1.24,0.0,0.0,0.49967824967824975,0.5017223423856445,42.857142857142854,19.567876070118217,0.6049382716049383,2.625,-7.775,-1.587231839746128,-1.6468623895952716,2.9267195767195764,-0.15365916719807413,8,13,-12.969999999999999,-49.23,5,0,0,0,3.948542717302697,3.9949359012700127,0,0.0,,FULL_WINDOW,lcv28_u_m1_v1_i1_b500_r4
US500,1,True,True,500,5,21.0,-15.522,-77.60999999999999,-76.09,-1.52,0.0,0.0,0.5006755452615326,0.5026912725874665,42.857142857142854,23.96098697139529,0.6049382716049383,2.625,-9.70125,-1.9924161812066032,-2.0864148076564115,2.9267195767195764,-0.15363734624031591,8,13,-16.439999999999998,-61.17,5,0,0,0,4.955811038026569,4.991945683285628,0,0.0,,FULL_WINDOW,lcv28_u_m1_v1_i1_b500_r5
US500,1,True,True,1000,0,21.0,-1.8749999999999996,-18.749999999999996,-18.33,-0.42000000000000004,0.0,0.0,0.5348548747209129,0.5369226969622128,42.857142857142854,3.38575539001222,0.6049382716049383,2.625,-2.3437499999999996,-0.2342767506498063,-0.23632044609251945,2.9267195767195764,-0.15421923795144524,8,13,-5.639999999999999,-13.11,5,0,0,0,0.6367892480383404,1.048792439621981,0,,0.0,FULL_WINDOW,lcv28_u_m1_v1_i1_b1000_r0
US500,1,True,True,1000,1,20.0,-3.5129999999999995,-35.129999999999995,-34.53,-0.6000000000000001,0.0,0.0,0.43072435585804564,0.4328382305456893,40.0,5.177270041363004,0.5761316872427983,2.5,-4.391249999999999,-0.4428970396206111,-0.44602610768871287,2.8855555555555554,-0.18032270214687968,7,13,-10.19,-24.939999999999998,5,0,0,0,0.974095742467148,0.9997365487891378,0,0.0,,FULL_WINDOW,lcv28_u_m1_v1_i1_b1000_r1
US500,1,True,True,1000,2,21.0,-6.331,-63.31,-62.06,-1.2500000000000002,0.0,0.0,0.49352,0.4956182281708094,42.857142857142854,10.227239915687347,0.6049382716049383,2.625,-7.913750000000001,-0.7993889936628688,-0.8142034437593537,2.9267195767195764,-0.15368873215249282,8,13,-13.110000000000003,-50.199999999999996,5,0,0,0,1.976493141238078,1.9988784564384543,0,0.0,,FULL_WINDOW,lcv28_u_m1_v1_i1_b1000_r2
US500,1,True,True,1000,3,21.0,-9.4,-94.0,-92.15,-1.85,0.0,0.0,0.49917417017422344,0.5011939506500399,42.857142857142854,15.05901889925742,0.6049382716049383,2.625,-11.75,-1.1925517526859573,-1.226367720721111,2.9267195767195764,-0.15370003287897901,8,13,-19.25,-74.75,5,0,0,0,2.9773782813021534,2.998457766529579,0,0.0,,FULL_WINDOW,lcv28_u_m1_v1_i1_b1000_r3
US500,1,True,True,1000,4,21.0,-12.552000000000001,-125.52,-123.03,-2.4899999999999998,0.0,0.0,0.4989021517825063,0.5009343564868196,42.857142857142854,19.699172910742902,0.6049382716049383,2.625,-15.690000000000001,-1.6019867014213403,-1.6625969156728426,2.9267195767195764,-0.1536849196183865,8,13,-26.390000000000004,-99.13,5,0,0,0,3.976224787847892,3.9996254976938537,0,0.0,,FULL_WINDOW,lcv28_u_m1_v1_i1_b1000_r4
US500,1,True,True,1000,5,21.0,-15.594,-155.94,-152.87,-3.0700000000000003,0.0,0.0,0.5011037527593818,0.5031226102472598,42.857142857142854,24.104927330733787,0.6049382716049383,2.625,-19.4925,-2.0017188689450234,-2.0968500811050728,2.9267195767195764,-0.15365531186423936,8,13,-32.699999999999996,-123.24,5,0,0,0,4.980559674575129,4.998444303116286,0,1.0,,FULL_WINDOW,lcv28_u_m1_v1_i1_b1000_r5
US500,1,True,True,3000,0,21.0,-0.6249999999999999,-18.749999999999996,-18.33,-0.42000000000000004,0.0,0.0,0.5348548747209129,0.5369226969622128,42.857142857142854,1.139695638906215,0.6049382716049383,2.625,-2.3437499999999996,-0.0781120361544842,-0.07833946127872027,2.9267195767195764,-0.15421923795144524,8,13,-5.639999999999999,-13.11,5,0,0,0,0.21215358419911623,0.34958582643044045,0,,0.0,FULL_WINDOW,lcv28_u_m1_v1_i1_b3000_r0
US500,1,True,True,3000,1,21.0,-3.1726666666666667,-95.18,-93.33000000000001,-1.85,0.0,0.0,0.4952805175522324,0.497279881688058,42.857142857142854,5.251493796006965,0.6049382716049383,2.625,-11.8975,-0.39845391769419025,-0.402199781619228,2.9267195767195764,-0.15357797476479437,8,13,-19.35,-75.83,5,0,0,0,0.9929452284666648,0.9990315026965354,0,0.0,,FULL_WINDOW,lcv28_u_m1_v1_i1_b3000_r1
US500,1,True,True,3000,2,21.0,-6.365666666666665,-190.97,-187.21999999999997,-3.7500000000000004,0.0,0.0,0.4951623136301153,0.497222441618619,42.857142857142854,10.321389181009057,0.6049382716049383,2.625,-23.871249999999996,-0.8036766508754065,-0.8187927393380146,2.9267195767195764,-0.153669675137281,8,13,-39.39999999999999,-151.57,5,0,0,0,1.992908764357001,1.9992348214073163,0,0.0,,FULL_WINDOW,lcv28_u_m1_v1_i1_b3000_r2
US500,1,True,True,3000,3,21.0,-9.47433333333333,-284.23,-278.64,-5.59,0.0,0.0,0.4982169338323565,0.5002373709844742,42.857142857142854,15.148456318434246,0.6049382716049383,2.625,-35.52874999999999,-1.2023297337344399,-1.23650128881595,2.9267195767195764,-0.153673097521377,8,13,-58.730000000000004,-225.49999999999997,5,0,0,0,2.9923761256967567,2.9999200000000004,0,1.0,,FULL_WINDOW,lcv28_u_m1_v1_i1_b3000_r3
US500,1,True,True,3000,4,21.0,-12.588000000000003,-377.64,-370.24,-7.4,0.0,0.0,0.49927737042389847,0.5012875876550058,42.857142857142854,19.767560277866064,0.6049382716049383,2.625,-47.20500000000001,-1.6065861073267467,-1.6676581867717144,2.9267195767195764,-0.15365822041661545,8,13,-79.12000000000002,-298.52,5,0,0,0,3.992683971789129,3.9993364561502633,0,1.0,,FULL_WINDOW,lcv28_u_m1_v1_i1_b3000_r4
US500,1,True,True,3000,5,21.0,-15.617999999999999,-468.54,-459.3299999999999,-9.209999999999999,0.0,0.0,0.5016910216323145,0.5036967989322714,42.857142857142854,24.162429476910223,0.6049382716049383,2.625,-58.567499999999995,-2.004630506136505,-2.10033023646532,2.9267195767195764,-0.1536489792030606,8,13,-98.22000000000001,-370.32,5,0,0,0,4.992883176734093,4.999484350880929,0,1.0,,FULL_WINDOW,lcv28_u_m1_v1_i1_b3000_r5
US500_x100,0,False,False,500,0,108.0,-100.004,-500.0199999999996,-378.8299999999999,-14.039999999999996,0.0,-107.15,0.7801694386191675,0.7806958680368224,38.88888888888889,100.00238370499264,3.111111111111111,13.5,-62.5025,,,26.470748456790126,-0.06121924842103353,47,61,-36.980000000000025,-463.04,45,39,62,22,12.85124362718997,173.55857510099156,1,,62.0,STOPPED_EARLY_INSOLVENT,lcv28_x_m0_v0_i0_b500_r0
US500_x100,0,False,False,500,1,0.0,0.0,0.0,0.0,0.0,0.0,0.0,,0.0,,0.0,0.0,0.0,0.0,0.0,0.0,,,0,0,0.0,0.0,0,0,0,0,,,0,0.0,,FULL_WINDOW,lcv28_x_m0_v0_i0_b500_r1
US500_x100,0,False,False,500,2,0.0,0.0,0.0,0.0,0.0,0.0,0.0,,0.0,,0.0,0.0,0.0,0.0,0.0,0.0,,,0,0,0.0,0.0,0,0,0,0,,,0,0.0,,FULL_WINDOW,lcv28_x_m0_v0_i0_b500_r2
US500_x100,0,False,False,500,3,0.0,0.0,0.0,0.0,0.0,0.0,0.0,,0.0,,0.0,0.0,0.0,0.0,0.0,0.0,,,0,0,0.0,0.0,0,0,0,0,,,0,0.0,,FULL_WINDOW,lcv28_x_m0_v0_i0_b500_r3
US500_x100,0,False,False,500,4,4.0,-5.429999999999999,-27.15,-26.630000000000006,-0.52,0.0,0.0,0.502565042139978,0.5037470297934564,25.0,11.908000000000005,0.11522633744855967,0.5,-3.3937499999999994,-0.5947209150913743,-0.6954440793232819,4.565625000000001,-0.30103094958671767,3,1,-8.219999999999999,-18.93,2,1,0,0,3.7685901558873347,3.900402370960066,0,0.0,,FULL_WINDOW,lcv28_x_m0_v0_i0_b500_r4
US500_x100,0,False,False,500,5,12.0,-7.920000000000002,-39.59999999999998,-28.160000000000007,-1.56,0.0,-9.88,0.7567418146077769,0.757516379891005,33.33333333333333,25.201433256867688,0.345679012345679,1.5,-4.950000000000001,-0.7038474711612002,-1.0261045252345613,18.57090277777778,-0.13241330100763088,9,3,-75.05,35.45,7,4,4,2,4.25971653644114,4.807147230221537,0,1.0,,FULL_WINDOW,lcv28_x_m0_v0_i0_b500_r5
US500_x100,0,False,False,1000,0,124.0,-41.128,-411.27999999999935,-268.24000000000007,-16.119999999999994,0.0,-126.92,0.8386485521602846,0.839042583584126,38.70967741935484,68.96634130676685,3.5720164609053495,15.5,-51.410000000000004,-2.966359359781918,-6.408027848546583,26.745156810035844,-0.040565062859822386,55,69,158.20999999999998,-569.49,54,44,69,25,4.441138949893318,12.148967825925235,0,,71.0,FULL_WINDOW,lcv28_x_m0_v0_i0_b1000_r0
US500_x100,0,False,False,1000,1,0.0,0.0,0.0,0.0,0.0,0.0,0.0,,0.0,,0.0,0.0,0.0,0.0,0.0,0.0,,,0,0,0.0,0.0,0,0,0,0,,,0,0.0,,FULL_WINDOW,lcv28_x_m0_v0_i0_b1000_r1
US500_x100,0,False,False,1000,2,7.0,0.33500000000000013,3.349999999999998,9.199999999999989,-0.91,0.0,-4.94,1.0336008024072219,1.0335134053621449,28.57142857142857,6.591258204161436,0.20164609053497942,0.875,0.4187500000000002,0.08367942819064567,0.041813755144337605,19.176388888888887,0.07700025453146277,5,2,-53.34,56.690000000000005,4,2,2,1,1.8808753097993336,1.9555147274397515,0,1.0,,FULL_WINDOW,lcv28_x_m0_v0_i0_b1000_r2
US500_x100,0,False,False,1000,3,57.0,13.608999999999998,136.09000000000017,202.96000000000004,-7.529999999999998,0.0,-59.34,1.164419475655431,1.1638039985074808,40.35087719298245,19.75068816358632,1.6419753086419753,7.125,17.011249999999997,1.7250564930601036,1.6076933068946309,23.15631578947368,0.10299150209464487,32,25,58.30999999999999,77.78000000000003,29,24,28,8,2.4147340552658947,2.9666881079079195,0,2.0,,FULL_WINDOW,lcv28_x_m0_v0_i0_b1000_r3
US500_x100,0,False,False,1000,4,87.0,36.77299999999999,367.7300000000003,475.68000000000006,-13.98,0.0,-93.97,1.2239947858609113,1.22319130857004,42.5287356321839,22.557172557172542,2.506172839506173,10.875,45.96624999999999,4.375449300135242,3.992027744530935,24.736663473818655,0.12364031947677598,41,46,323.47999999999996,44.25000000000001,37,37,46,15,3.055025939153394,3.968131931497107,0,2.0,,FULL_WINDOW,lcv28_x_m0_v0_i0_b1000_r4
US500_x100,0,False,False,1000,5,95.0,9.49299999999999,94.93000000000018,209.4699999999999,-15.619999999999997,0.0,-98.91999999999999,1.0471650304066138,1.0470180930257884,41.05263157894737,32.1182808383469,2.736625514403292,11.875,11.866249999999987,1.9368389336956873,1.1400803680813754,24.284412280701762,0.07431537908337951,42,53,236.13999999999996,-141.21,41,39,48,17,3.743535727018366,4.985411353872308,0,3.0,,FULL_WINDOW,lcv28_x_m0_v0_i0_b1000_r5
US500_x100,0,False,False,3000,0,124.0,-13.709333333333335,-411.27999999999935,-268.24000000000007,-16.119999999999994,0.0,-126.92,0.8386485521602846,0.839042583584126,38.70967741935484,27.657133958065668,3.5720164609053495,15.5,-51.410000000000004,-1.5606117781527757,-1.826227909015754,26.745156810035844,-0.040565062859822386,55,69,158.20999999999998,-569.49,54,44,69,25,1.3259300823650857,2.8319320979087386,0,,43.0,FULL_WINDOW,lcv28_x_m0_v0_i0_b3000_r0
US500_x100,0,False,False,3000,1,52.0,9.223333333333334,276.7000000000003,339.62000000000006,-6.879999999999998,0.0,-56.040000000000006,1.3970953344527204,1.3954043355863908,42.30769230769231,6.455667068436069,1.4979423868312758,6.5,34.587500000000006,1.1187805100273454,1.108909948942416,23.337670940170938,0.19909369794952744,28,24,141.0,135.70000000000002,25,23,25,7,0.8169494060615334,0.9933415819482888,0,1.0,,FULL_WINDOW,lcv28_x_m0_v0_i0_b3000_r1
US500_x100,0,False,False,3000,2,116.0,-4.887,-146.6099999999998,27.730000000000018,-21.009999999999998,0.0,-153.32999999999998,0.950177391729875,0.9503190411483432,38.793103448275865,23.029303249609764,3.3415637860082303,14.5,-18.326249999999998,-0.4684399290144793,-0.624349383011602,25.27912116858238,-0.017254386415723737,52,64,79.31999999999995,-225.93000000000004,52,42,61,22,1.54070181718892,1.9890646290770477,0,1.0,,FULL_WINDOW,lcv28_x_m0_v0_i0_b3000_r2
US500_x100,0,False,False,3000,3,124.0,-10.069999999999997,-302.09999999999945,-14.080000000000041,-34.22,0.0,-253.8,0.9357343430905377,0.9359216381661823,38.70967741935484,32.7018136810309,3.5720164609053495,15.5,-37.76249999999999,-0.9296417140104185,-1.3179701493619134,26.745156810035844,-0.040458287652184295,55,69,112.66000000000005,-414.75999999999993,54,44,69,25,2.3514367073145803,2.9905617267195566,0,3.0,,FULL_WINDOW,lcv28_x_m0_v0_i0_b3000_r3
US500_x100,0,False,False,3000,4,124.0,-24.97166666666668,-749.1499999999995,-365.89,-45.42999999999999,0.0,-337.83000000000004,0.8840265834013193,0.8843465266134974,38.70967741935484,47.02099395384061,3.5720164609053495,15.5,-93.64375000000004,-2.776481735432275,-3.5275823298384634,26.745156810035844,-0.040442587829293525,55,69,-35.86999999999994,-713.2799999999999,54,44,69,25,3.3231072443012017,3.9661499538674136,0,4.0,,FULL_WINDOW,lcv28_x_m0_v0_i0_b3000_r4
US500_x100,0,False,False,3000,5,124.0,-31.759333333333334,-952.7800000000004,-438.9999999999998,-58.89999999999999,0.0,-454.87999999999994,0.8861433228492493,0.886463787527437,38.70967741935484,56.0988123308008,3.5720164609053495,15.5,-119.09750000000001,-3.168620730794876,-4.664333387198594,26.745156810035844,-0.0404339905885818,55,69,200.00000000000006,-1152.7799999999997,54,44,69,25,4.301043480743752,4.994929171982857,0,3.0,,FULL_WINDOW,lcv28_x_m0_v0_i0_b3000_r5
US500_x100,0,False,True,500,0,66.0,-9.903999999999973,-49.51999999999977,-40.939999999999884,-8.58,0.0,0.0,0.9309460062472111,0.9313195195694988,45.45454545454545,50.88409570144542,1.9012345679012346,8.25,-6.1899999999999835,0.3647078228752374,-1.2952191163699722,3.715256734006734,0.02717231854488672,29,37,26.939999999999994,-76.46000000000001,8,2,0,0,6.815130655751895,11.952114979728906,0,,26.0,FULL_WINDOW,lcv28_x_m0_v0_i1_b500_r0
US500_x100,0,False,True,500,1,0.0,0.0,0.0,0.0,0.0,0.0,0.0,,0.0,,0.0,0.0,0.0,0.0,0.0,0.0,,,0,0,0.0,0.0,0,0,0,0,,,0,0.0,,FULL_WINDOW,lcv28_x_m0_v0_i1_b500_r1
US500_x100,0,False,True,500,2,0.0,0.0,0.0,0.0,0.0,0.0,0.0,,0.0,,0.0,0.0,0.0,0.0,0.0,0.0,,,0,0,0.0,0.0,0,0,0,0,,,0,0.0,,FULL_WINDOW,lcv28_x_m0_v0_i1_b500_r2
US500_x100,0,False,True,500,3,0.0,0.0,0.0,0.0,0.0,0.0,0.0,,0.0,,0.0,0.0,0.0,0.0,0.0,0.0,,,0,0,0.0,0.0,0,0,0,0,,,0,0.0,,FULL_WINDOW,lcv28_x_m0_v0_i1_b500_r3
US500_x100,0,False,True,500,4,1.0,4.944000000000001,24.72,24.85,-0.13,0.0,0.0,,191.15384615384616,100.0,1.6841020763987955,0.02880658436213992,0.125,3.0900000000000003,0.6180000000000001,0.6050315737465839,5.25,1.3010526315789475,0,1,0.0,24.720000000000002,0,0,0,0,3.8,3.8,0,0.0,,FULL_WINDOW,lcv28_x_m0_v0_i1_b500_r4
US500_x100,0,False,True,500,5,5.0,7.940000000000001,39.7,40.35,-0.65,0.0,0.0,2.9281204468188444,2.8806252960682146,80.0,9.67356761026508,0.14403292181069957,0.625,4.9625,0.9945263554969553,0.9596419556354485,4.393666666666666,0.3928076749536446,2,3,-15.23,54.93000000000001,0,1,0,0,4.594864255424527,4.970370079667203,0,0.0,,FULL_WINDOW,lcv28_x_m0_v0_i1_b500_r5
US500_x100,0,False,True,1000,0,66.0,-4.951999999999987,-49.51999999999977,-40.939999999999884,-8.58,0.0,0.0,0.9309460062472111,0.9313195195694988,45.45454545454545,32.02262601101646,1.9012345679012346,8.25,-6.1899999999999835,-0.14644761743773052,-0.6328410579058974,3.715256734006734,0.02717231854488672,29,37,26.939999999999994,-76.46000000000001,8,2,0,0,3.6812174567229037,6.435164441258177,0,,21.0,FULL_WINDOW,lcv28_x_m0_v0_i1_b1000_r0
US500_x100,0,False,True,1000,1,0.0,0.0,0.0,0.0,0.0,0.0,0.0,,0.0,,0.0,0.0,0.0,0.0,0.0,0.0,,,0,0,0.0,0.0,0,0,0,0,,,0,0.0,,FULL_WINDOW,lcv28_x_m0_v0_i1_b1000_r1
US500_x100,0,False,True,1000,2,1.0,2.4720000000000004,24.72,24.85,-0.13,0.0,0.0,,191.15384615384616,100.0,0.8460068476789553,0.02880658436213992,0.125,3.0900000000000003,0.30900000000000005,0.3057088962196808,5.25,1.3010526315789475,0,1,0.0,24.720000000000002,0,0,0,0,1.9,1.9,0,0.0,,FULL_WINDOW,lcv28_x_m0_v0_i1_b1000_r2
US500_x100,0,False,True,1000,3,25.0,11.373999999999999,113.74000000000008,116.99,-3.25,0.0,0.0,1.9543547575096496,1.9420241841974493,48.0,8.400577230149166,0.7201646090534979,3.125,14.2175,1.4572023091160076,1.355653280863378,4.318577777777778,0.1991478456011878,13,12,67.50999999999999,46.230000000000004,1,2,0,0,2.616179885209613,2.9841737602187095,0,0.0,,FULL_WINDOW,lcv28_x_m0_v0_i1_b1000_r3
US500_x100,0,False,True,1000,4,40.0,14.95,149.50000000000009,154.82,-5.319999999999999,0.0,0.0,1.5368428612467677,1.5318959689757008,47.5,12.992552903092063,1.1522633744855966,5.0,18.6875,1.90135452878086,1.7568423902890595,3.9910624999999995,0.13093172895029964,20,20,38.5,111.0,3,2,0,0,2.8793102866317795,3.895722732962148,0,0.0,,FULL_WINDOW,lcv28_x_m0_v0_i1_b1000_r4
US500_x100,0,False,True,1000,5,54.0,1.1460000000000008,11.460000000000033,19.92000000000001,-8.459999999999999,0.0,0.0,1.0180018850141377,1.0178872448023977,44.44444444444444,32.72336532119072,1.5555555555555556,6.75,1.432500000000001,0.727690956600608,0.14253688256133934,3.764305555555555,0.021821240901677405,25,29,26.179999999999996,-14.720000000000002,7,2,0,0,3.7690679750804486,4.9843560310707975,0,0.0,,FULL_WINDOW,lcv28_x_m0_v0_i1_b1000_r5
US500_x100,0,False,True,3000,0,66.0,-1.6506666666666625,-49.51999999999977,-40.939999999999884,-8.58,0.0,0.0,0.9309460062472111,0.9313195195694988,45.45454545454545,12.898303617019366,1.9012345679012346,8.25,-6.1899999999999835,-0.14602660115182792,-0.20783896119763723,3.715256734006734,0.02717231854488672,29,37,26.939999999999994,-76.46000000000001,8,2,0,0,1.309300058634256,2.3046310857216215,0,,9.0,FULL_WINDOW,lcv28_x_m0_v0_i1_b3000_r0
US500_x100,0,False,True,3000,1,20.0,4.168666666666667,125.06000000000006,127.66,-2.6,0.0,0.0,2.2536086607858867,2.237482683554324,50.0,2.988657844990552,0.5761316872427983,2.5,15.6325,0.5225752838989879,0.5118202770504343,4.635736111111111,0.2666573644985156,10,10,72.42,52.64,1,2,0,0,0.878564153245415,0.9996386462986828,0,0.0,,FULL_WINDOW,lcv28_x_m0_v0_i1_b3000_r1
US500_x100,0,False,True,3000,2,63.0,4.187000000000001,125.61000000000016,136.81,-11.2,0.0,0.0,1.1579503300848792,1.156896788618394,46.03174603174603,14.255336527222704,1.8148148148148147,7.875,15.701250000000005,0.6265908390611017,0.5140313243993999,3.7215388007054675,0.0370817407437359,29,34,94.73,30.88,8,2,0,0,1.5631479945202336,1.9975142896395721,0,0.0,,FULL_WINDOW,lcv28_x_m0_v0_i1_b3000_r2
US500_x100,0,False,True,3000,3,66.0,3.765666666666668,112.97000000000006,131.0300000000001,-18.060000000000002,0.0,0.0,1.0846959507583425,1.084154617441765,45.45454545454545,21.305303286887888,1.9012345679012346,8.25,14.121250000000003,0.7342361843963223,0.46313122460832634,3.715256734006734,0.027268186637231923,29,37,79.88,33.089999999999996,8,2,0,0,2.3738045499627582,2.990584649552859,0,0.0,,FULL_WINDOW,lcv28_x_m0_v0_i1_b3000_r3
US500_x100,0,False,True,3000,4,66.0,8.407333333333336,252.2199999999993,279.07000000000005,-26.849999999999998,0.0,0.0,1.1297421309561169,1.1288927954538486,45.45454545454545,27.805375499630763,1.9012345679012346,8.25,31.527500000000003,1.4943218077799088,1.014177665314775,3.715256734006734,0.027295238157921002,29,37,261.56,-9.33999999999999,8,2,0,0,3.389702441025754,3.9142501951487465,0,0.0,,FULL_WINDOW,lcv28_x_m0_v0_i1_b3000_r4
US500_x100,0,False,True,3000,5,66.0,6.203666666666671,186.1099999999996,221.97000000000003,-35.85999999999999,0.0,0.0,1.069501602073359,1.0690575139146556,45.45454545454545,36.284254746242205,1.9012345679012346,8.25,23.263750000000016,1.5972489458294066,0.7551929092900478,3.715256734006734,0.027285353308947467,29,37,245.31000000000006,-59.19999999999997,8,2,0,0,4.404627439677044,4.956242606428212,0,0.0,,FULL_WINDOW,lcv28_x_m0_v0_i1_b3000_r5
US500_x100,0,True,False,500,0,27.0,8.804000000000002,44.02000000000007,90.36999999999999,-3.51,0.0,-42.839999999999996,1.0906526081673842,1.0903623114030587,44.44444444444444,37.86043789109863,0.7777777777777778,3.375,5.502500000000001,2.263608089981453,1.0603057253864234,39.5,0.09302995746877595,13,14,71.46000000000001,-27.440000000000005,7,7,23,9,7.372595634888967,15.076803422127165,0,,14.0,FULL_WINDOW,lcv28_x_m0_v1_i0_b500_r0
US500_x100,0,True,False,500,1,0.0,0.0,0.0,0.0,0.0,0.0,0.0,,0.0,,0.0,0.0,0.0,0.0,0.0,0.0,,,0,0,0.0,0.0,0,0,0,0,,,0,0.0,,FULL_WINDOW,lcv28_x_m0_v1_i0_b500_r1
US500_x100,0,True,False,500,2,0.0,0.0,0.0,0.0,0.0,0.0,0.0,,0.0,,0.0,0.0,0.0,0.0,0.0,0.0,,,0,0,0.0,0.0,0,0,0,0,,,0,0.0,,FULL_WINDOW,lcv28_x_m0_v1_i0_b500_r2
US500_x100,0,True,False,500,3,0.0,0.0,0.0,0.0,0.0,0.0,0.0,,0.0,,0.0,0.0,0.0,0.0,0.0,0.0,,,0,0,0.0,0.0,0,0,0,0,,,0,0.0,,FULL_WINDOW,lcv28_x_m0_v1_i0_b500_r3
US500_x100,0,True,False,500,4,0.0,0.0,0.0,0.0,0.0,0.0,0.0,,0.0,,0.0,0.0,0.0,0.0,0.0,0.0,,,0,0,0.0,0.0,0,0,0,0,,,0,0.0,,FULL_WINDOW,lcv28_x_m0_v1_i0_b500_r4
US500_x100,0,True,False,500,5,2.0,-1.814,-9.07,-2.2200000000000024,-0.26,0.0,-6.59,0.6543445121951219,0.6560485400075843,50.0,10.151903367496336,0.05761316872427984,0.25,-1.13375,-0.22675,-0.22857021682927137,41.25805555555556,-0.14333458927716058,2,0,-9.07,0.0,1,1,2,1,4.605929810313823,4.779859620627647,0,1.0,,FULL_WINDOW,lcv28_x_m0_v1_i0_b500_r5
US500_x100,0,True,False,1000,0,27.0,4.402000000000001,44.02000000000007,90.36999999999999,-3.51,0.0,-42.839999999999996,1.0906526081673842,1.0903623114030587,44.44444444444444,22.31238655310341,0.7777777777777778,3.375,5.502500000000001,0.8672869340137146,0.5399355055507593,39.5,0.09302995746877595,13,14,71.46000000000001,-27.440000000000005,7,7,23,9,3.9264479291346017,7.64468106083013,0,,14.0,FULL_WINDOW,lcv28_x_m0_v1_i0_b1000_r0
US500_x100,0,True,False,1000,1,0.0,0.0,0.0,0.0,0.0,0.0,0.0,,0.0,,0.0,0.0,0.0,0.0,0.0,0.0,,,0,0,0.0,0.0,0,0,0,0,,,0,0.0,,FULL_WINDOW,lcv28_x_m0_v1_i0_b1000_r1
US500_x100,0,True,False,1000,2,0.0,0.0,0.0,0.0,0.0,0.0,0.0,,0.0,,0.0,0.0,0.0,0.0,0.0,0.0,,,0,0,0.0,0.0,0,0,0,0,,,0,0.0,,FULL_WINDOW,lcv28_x_m0_v1_i0_b1000_r2
US500_x100,0,True,False,1000,3,7.0,1.7780000000000007,17.779999999999994,35.16,-0.91,0.0,-16.470000000000002,1.1619160367908206,1.1613430127041742,42.857142857142854,9.65883027522936,0.20164609053497942,0.875,2.222500000000001,0.25000159826215357,0.22054014222736562,51.74884920634921,0.15126268249203176,4,3,-12.85,30.630000000000003,2,2,6,4,2.5614769146721392,2.8431825555216927,0,1.0,,FULL_WINDOW,lcv28_x_m0_v1_i0_b1000_r3
US500_x100,0,True,False,1000,4,16.0,14.386,143.86,167.35999999999996,-2.08,0.0,-21.42,1.6575855921744296,1.6548616168973054,43.75,10.512701039541115,0.4609053497942387,2.0,17.982499999999998,1.7469063599853327,1.6942995101110636,38.017986111111114,0.2671299392800036,8,8,18.929999999999993,124.93,4,5,13,5,2.9071223369938894,3.7853751824327726,0,0.0,,FULL_WINDOW,lcv28_x_m0_v1_i0_b1000_r4
US500_x100,0,True,False,1000,5,22.0,2.237000000000004,22.370000000000005,71.73999999999998,-3.2199999999999998,0.0,-46.150000000000006,1.050309231980209,1.0501636991523524,40.909090909090914,20.19123288111877,0.6337448559670782,2.75,2.796250000000005,0.5153883077595975,0.2769260022190023,36.73729797979798,0.10347741759228922,12,10,-22.44000000000001,44.81,7,6,18,7,3.7450163522036686,4.990603466276885,0,1.0,,FULL_WINDOW,lcv28_x_m0_v1_i0_b1000_r5
US500_x100,0,True,False,3000,0,27.0,1.4673333333333336,44.02000000000007,90.36999999999999,-3.51,0.0,-42.839999999999996,1.0906526081673842,1.0903623114030587,44.44444444444444,8.443122519448156,0.7777777777777778,3.375,5.502500000000001,0.22101833063168191,0.18224989376287581,39.5,0.09302995746877595,13,14,71.46000000000001,-27.440000000000005,7,7,23,9,1.3726413066855172,2.572404870119099,0,,8.0,FULL_WINDOW,lcv28_x_m0_v1_i0_b3000_r0
US500_x100,0,True,False,3000,1,7.0,0.5926666666666669,17.779999999999994,35.16,-0.91,0.0,-16.470000000000002,1.1619160367908206,1.1613430127041742,42.857142857142854,3.317686449579837,0.20164609053497942,0.875,2.222500000000001,0.07727441949947118,0.07389194994689152,51.74884920634921,0.15126268249203176,4,3,-12.85,30.630000000000003,2,2,6,4,0.8651992232935909,0.9585141042765241,0,1.0,,FULL_WINDOW,lcv28_x_m0_v1_i0_b3000_r1
US500_x100,0,True,False,3000,2,24.0,3.301666666666668,99.0500000000001,162.35000000000002,-3.96,0.0,-59.34,1.1812078081264523,1.180659164280373,41.66666666666667,7.654411316383146,0.691358024691358,3.0,12.381250000000005,0.45290446060669476,0.40686701863277275,38.23835648148148,0.1231605866618385,13,11,58.620000000000005,40.42999999999999,7,6,20,8,1.4879567001012353,1.9061805862230337,0,1.0,,FULL_WINDOW,lcv28_x_m0_v1_i0_b3000_r2
US500_x100,0,True,False,3000,3,27.0,4.603000000000003,138.09000000000017,237.09000000000006,-6.71,0.0,-92.29,1.1536108391919553,1.15311519398583,44.44444444444444,12.994919787627651,0.7777777777777778,3.375,17.261250000000015,0.6558944565554152,0.5641107199943374,39.5,0.09310079718002015,13,14,9.890000000000004,128.20000000000002,7,7,23,9,2.247687484144665,2.9546666666666668,0,3.0,,FULL_WINDOW,lcv28_x_m0_v1_i0_b3000_r3
US500_x100,0,True,False,3000,4,27.0,7.7020000000000035,231.06,376.25999999999993,-10.049999999999999,0.0,-135.15,1.1729944221914423,1.172426401999925,44.44444444444444,19.12529151135049,0.7777777777777778,3.375,28.882500000000014,1.1255963821405688,0.9317889749042019,39.5,0.093127583708272,13,14,115.00999999999999,116.05,7,7,23,9,3.3923235287104347,3.976982322564726,0,1.0,,FULL_WINDOW,lcv28_x_m0_v1_i0_b3000_r4
US500_x100,0,True,False,3000,5,27.0,7.275000000000004,218.25000000000017,402.71000000000004,-13.08,0.0,-171.38,1.1213592233009708,1.1209878596374518,44.44444444444444,24.953571636122916,0.7777777777777778,3.375,27.281250000000014,1.2121622694255672,0.8816821822360543,39.5,0.09313125778978418,13,14,112.22000000000004,106.03,7,7,23,9,4.340430857671275,4.9876418663303905,0,2.0,,FULL_WINDOW,lcv28_x_m0_v1_i0_b3000_r5
US500_x100,0,True,True,500,0,16.0,28.631999999999998,143.16000000000005,145.24,-2.08,0.0,0.0,2.28544491335189,2.270613295464632,62.5,12.97208768442565,0.4609053497942387,2.0,17.894999999999996,3.41638874181718,3.197369620052126,3.8915104166666667,0.1772292128018894,7,9,11.719999999999999,131.44,1,0,0,0,7.279252228623951,11.042274817817166,0,,4.0,FULL_WINDOW,lcv28_x_m0_v1_i1_b500_r0
US500_x100,0,True,True,500,1,0.0,0.0,0.0,0.0,0.0,0.0,0.0,,0.0,,0.0,0.0,0.0,0.0,0.0,0.0,,,0,0,0.0,0.0,0,0,0,0,,,0,0.0,,FULL_WINDOW,lcv28_x_m0_v1_i1_b500_r1
US500_x100,0,True,True,500,2,0.0,0.0,0.0,0.0,0.0,0.0,0.0,,0.0,,0.0,0.0,0.0,0.0,0.0,0.0,,,0,0,0.0,0.0,0,0,0,0,,,0,0.0,,FULL_WINDOW,lcv28_x_m0_v1_i1_b500_r2
US500_x100,0,True,True,500,3,0.0,0.0,0.0,0.0,0.0,0.0,0.0,,0.0,,0.0,0.0,0.0,0.0,0.0,0.0,,,0,0,0.0,0.0,0,0,0,0,,,0,0.0,,FULL_WINDOW,lcv28_x_m0_v1_i1_b500_r3
US500_x100,0,True,True,500,4,0.0,0.0,0.0,0.0,0.0,0.0,0.0,,0.0,,0.0,0.0,0.0,0.0,0.0,0.0,,,0,0,0.0,0.0,0,0,0,0,,,0,0.0,,FULL_WINDOW,lcv28_x_m0_v1_i1_b500_r4
US500_x100,0,True,True,500,5,1.0,-4.118,-20.59,-20.46,-0.13,0.0,0.0,0.0,0.0,0.0,7.807007378220732,0.02880658436213992,0.125,-2.57375,-0.51475,-0.5242698487198938,5.75,-0.8329288025889968,1,0,-20.59,0.0,0,0,0,0,4.943999999999999,4.943999999999999,0,0.0,,FULL_WINDOW,lcv28_x_m0_v1_i1_b500_r5
US500_x100,0,True,True,1000,0,16.0,14.315999999999999,143.16000000000005,145.24,-2.08,0.0,0.0,2.28544491335189,2.270613295464632,62.5,7.631054529883567,0.4609053497942387,2.0,17.894999999999996,1.7493810845764894,1.6865182829665981,3.8915104166666667,0.1772292128018894,7,9,11.719999999999999,131.44,1,0,0,0,3.9767456272859336,5.712838265715371,0,,4.0,FULL_WINDOW,lcv28_x_m0_v1_i1_b1000_r0
US500_x100,0,True,True,1000,1,0.0,0.0,0.0,0.0,0.0,0.0,0.0,,0.0,,0.0,0.0,0.0,0.0,0.0,0.0,,,0,0,0.0,0.0,0,0,0,0,,,0,0.0,,FULL_WINDOW,lcv28_x_m0_v1_i1_b1000_r1
US500_x100,0,True,True,1000,2,0.0,0.0,0.0,0.0,0.0,0.0,0.0,,0.0,,0.0,0.0,0.0,0.0,0.0,0.0,,,0,0,0.0,0.0,0,0,0,0,,,0,0.0,,FULL_WINDOW,lcv28_x_m0_v1_i1_b1000_r2
US500_x100,0,True,True,1000,3,4.0,-1.9379999999999997,-19.38,-18.86,-0.52,0.0,0.0,0.21665319320937756,0.2207478890229192,25.0,5.844321732466054,0.11522633744855967,0.5,-2.4225,-0.24082846373413036,-0.24432920782055945,5.0,-0.19541679595250788,2,2,-15.23,-4.1499999999999995,0,0,0,0,2.639426504457591,2.917893492812242,0,0.0,,FULL_WINDOW,lcv28_x_m0_v1_i1_b1000_r3
US500_x100,0,True,True,1000,4,7.0,6.325,63.25,64.16,-0.91,0.0,0.0,3.5565885206143903,3.503958828186857,57.14285714285714,6.714878063159553,0.20164609053497942,0.875,7.90625,0.8027531169335816,0.7695743070763372,4.964285714285714,0.20461726638140612,2,5,-15.23,78.48,0,0,0,0,2.9569498067787374,3.8639197171296016,0,0.0,,FULL_WINDOW,lcv28_x_m0_v1_i1_b1000_r4
US500_x100,0,True,True,1000,5,10.0,1.477999999999999,14.77999999999999,16.319999999999993,-1.54,0.0,0.0,1.1251269895022011,1.1243165951720075,50.0,10.301403200417193,0.28806584362139914,1.25,1.8474999999999988,0.2547126987999881,0.18356627989217777,4.876416666666667,0.07687735422261584,5,5,-63.7,78.48,1,0,0,0,4.00749440778951,4.943999999999999,0,0.0,,FULL_WINDOW,lcv28_x_m0_v1_i1_b1000_r5
US500_x100,0,True,True,3000,0,16.0,4.771999999999999,143.16000000000005,145.24,-2.08,0.0,0.0,2.28544491335189,2.270613295464632,62.5,2.8829820991917594,0.4609053497942387,2.0,17.894999999999996,0.5921492289627468,0.5844057089756438,3.8915104166666667,0.1772292128018894,7,9,11.719999999999999,131.44,1,0,0,0,1.4191089365683935,2.1247664358503306,0,,1.0,FULL_WINDOW,lcv28_x_m0_v1_i1_b3000_r0
US500_x100,0,True,True,3000,1,4.0,-0.6459999999999999,-19.38,-18.86,-0.52,0.0,0.0,0.21665319320937756,0.2207478890229192,25.0,1.9710114191414625,0.11522633744855967,0.5,-2.4225,-0.08059466708920937,-0.08097914542436468,5.0,-0.19541679595250788,2,2,-15.23,-4.1499999999999995,0,0,0,0,0.870369884736572,0.9605806414827287,0,0.0,,FULL_WINDOW,lcv28_x_m0_v1_i1_b3000_r1
US500_x100,0,True,True,3000,2,15.0,4.588333333333334,137.65,140.07999999999998,-2.43,0.0,0.0,2.1259713701431493,2.1130427751273557,66.66666666666666,3.825741478311563,0.43209876543209874,1.875,17.20625,0.5696543030468805,0.5623480664664671,3.967611111111111,0.20272296220771,7,8,-3.490000000000003,141.14000000000001,1,0,0,0,1.6043048401895892,1.9659462579362534,0,0.0,,FULL_WINDOW,lcv28_x_m0_v1_i1_b3000_r2
US500_x100,0,True,True,3000,3,16.0,5.566,166.98000000000005,170.54,-3.5600000000000005,0.0,0.0,1.9228473527136067,1.913207547169812,62.5,5.705433262479401,0.4609053497942387,2.0,20.8725,0.6993026577256766,0.6793743954464082,3.8915104166666667,0.17729500825716094,7,9,-38.84000000000001,205.82,1,0,0,0,2.1394852350569167,2.811881805012539,0,0.0,,FULL_WINDOW,lcv28_x_m0_v1_i1_b3000_r3
US500_x100,0,True,True,3000,4,16.0,11.191666666666666,335.75,341.27,-5.52,0.0,0.0,2.2337853231911224,2.219135802469136,62.5,7.563058046617048,0.4609053497942387,2.0,41.96875,1.3811499859299512,1.3348969057096705,3.8915104166666667,0.17734432285530602,7,9,-1.5699999999999932,337.32,1,0,0,0,3.398308539951089,3.9846761346403565,0,0.0,,FULL_WINDOW,lcv28_x_m0_v1_i1_b3000_r4
US500_x100,0,True,True,3000,5,16.0,9.636333333333333,289.09000000000003,296.13,-7.039999999999999,0.0,0.0,1.7407815502882766,1.7332284982372483,62.5,10.579854304081476,0.4609053497942387,2.0,36.13625,1.218302767062933,1.156620750947579,3.8915104166666667,0.17733808136373,7,9,-65.78,354.87,1,0,0,0,4.300402468056626,4.943999999999999,0,0.0,,FULL_WINDOW,lcv28_x_m0_v1_i1_b3000_r5
US500_x100,1,False,False,500,0,164.0,-100.536,-502.6799999999997,-380.78,-21.319999999999997,0.0,-100.58,0.8566167976382333,0.8569403889828023,37.19512195121951,100.34696149763084,4.724279835390947,20.5,-62.835,,,19.16414803523035,-0.008987265505585667,79,85,-129.86000000000004,-372.82,59,40,77,21,11.535811133233942,137.17557251908394,1,,99.0,STOPPED_EARLY_INSOLVENT,lcv28_x_m1_v0_i0_b500_r0
US500_x100,1,False,False,500,1,0.0,0.0,0.0,0.0,0.0,0.0,0.0,,0.0,,0.0,0.0,0.0,0.0,0.0,0.0,,,0,0,0.0,0.0,0,0,0,0,,,0,0.0,,FULL_WINDOW,lcv28_x_m1_v0_i0_b500_r1
US500_x100,1,False,False,500,2,0.0,0.0,0.0,0.0,0.0,0.0,0.0,,0.0,,0.0,0.0,0.0,0.0,0.0,0.0,,,0,0,0.0,0.0,0,0,0,0,,,0,0.0,,FULL_WINDOW,lcv28_x_m1_v0_i0_b500_r2
US500_x100,1,False,False,500,3,2.0,-4.744000000000001,-23.72,-23.46,-0.26,0.0,0.0,0.0,0.0,0.0,5.1424019119697375,0.05761316872427984,0.25,-2.9650000000000003,-0.5930000000000001,-0.60568555758167,3.0751388888888886,-0.958164364776178,1,1,-12.38,-11.340000000000002,1,0,0,0,2.503891867556174,2.547783735112348,0,0.0,,FULL_WINDOW,lcv28_x_m1_v0_i0_b500_r3
US500_x100,1,False,False,500,4,11.0,3.7180000000000004,18.59000000000001,20.02000000000001,-1.4299999999999997,0.0,0.0,1.2165152573957605,1.2152118545959714,36.36363636363637,16.65746509977128,0.3168724279835391,1.375,2.3237500000000004,0.6971154919434692,0.4573613666319254,13.77681818181818,0.08958662109416146,6,5,-25.660000000000004,44.250000000000014,4,4,2,1,3.5471789227971215,3.9893617021276593,0,0.0,,FULL_WINDOW,lcv28_x_m1_v0_i0_b500_r4
US500_x100,1,False,False,500,5,25.0,-5.307999999999999,-26.53999999999997,-19.989999999999995,-3.25,0.0,-3.3,0.8578391986715945,0.8588222777807333,40.0,24.41231069858329,0.7201646090534979,3.125,-3.3174999999999994,-0.5366133505855502,-0.6794396334420916,11.278655555555556,-0.0362564793187106,12,13,-55.96,29.42000000000001,7,8,7,2,4.2626573579277105,4.988386480560923,0,0.0,,FULL_WINDOW,lcv28_x_m1_v0_i0_b500_r5
US500_x100,1,False,False,1000,0,198.0,-98.52499999999999,-985.2499999999995,-844.0900000000001,-25.739999999999995,0.0,-115.41999999999999,0.7643044079441554,0.7648017913497644,34.34343434343434,99.39642570849249,5.703703703703703,24.75,-123.15625,-18.391520089578897,-40.9664361208087,18.20032407407407,-0.0696996252250237,96,102,-398.01000000000005,-587.24,71,46,91,23,9.03488331500193,124.41430332922319,0,,123.0,FULL_WINDOW,lcv28_x_m1_v0_i0_b1000_r0
US500_x100,1,False,False,1000,1,0.0,0.0,0.0,0.0,0.0,0.0,0.0,,0.0,,0.0,0.0,0.0,0.0,0.0,0.0,,,0,0,0.0,0.0,0,0,0,0,,,0,0.0,,FULL_WINDOW,lcv28_x_m1_v0_i0_b1000_r1
US500_x100,1,False,False,1000,2,10.0,3.5389999999999997,35.38999999999998,36.690000000000005,-1.2999999999999998,0.0,0.0,1.4713638785295684,1.4681216931216932,40.0,7.495333412764607,0.28806584362139914,1.25,4.42375,0.4925554950962395,0.4356734007100238,13.709333333333333,0.18599100824273856,4,6,-17.85,53.24000000000001,4,4,2,1,1.6724529868386941,1.983134632160512,0,0.0,,FULL_WINDOW,lcv28_x_m1_v0_i0_b1000_r2
US500_x100,1,False,False,1000,3,106.0,18.131999999999998,181.32000000000048,241.98999999999987,-14.499999999999996,0.0,-46.169999999999995,1.130284827407812,1.129741333047115,40.56603773584906,25.04287154245918,3.0534979423868314,13.25,22.665,2.5100726929476536,2.104749596599187,15.163799790356393,0.06425907979799747,51,55,-110.16000000000003,291.48,33,37,41,8,2.3054607317845464,2.9928063589270355,0,1.0,,FULL_WINDOW,lcv28_x_m1_v0_i0_b1000_r3
US500_x100,1,False,False,1000,4,146.0,-13.361000000000004,-133.60999999999956,-58.40999999999997,-20.78,0.0,-54.42,0.9433973454664075,0.9435856728467223,38.35616438356164,41.90352239808557,4.205761316872428,18.25,-16.701250000000005,-1.2280762466473836,-1.7767773778956553,15.28648592085236,0.02309464962800841,70,76,-537.86,404.25,52,46,53,13,3.0150995664011293,3.964694918041774,0,2.0,,FULL_WINDOW,lcv28_x_m1_v0_i0_b1000_r4
US500_x100,1,False,False,1000,5,156.0,-26.412000000000013,-264.11999999999955,-173.56000000000017,-22.949999999999996,0.0,-67.61000000000001,0.8996432113260453,0.8999712169183897,37.82051282051282,45.436935695644415,4.493827160493827,19.5,-33.015000000000015,-3.07813369867061,-3.761050242757513,15.780414886039885,0.004541675296234934,75,81,-673.32,409.2,54,49,60,14,3.6742395219952906,4.966242361166707,0,1.0,,FULL_WINDOW,lcv28_x_m1_v0_i0_b1000_r5
US500_x100,1,False,False,3000,0,232.0,-28.438000000000002,-853.1399999999996,-689.43,-30.15999999999999,0.0,-133.55,0.8125967889676503,0.8130345884039079,35.3448275862069,41.16036450088925,6.683127572016461,29.0,-106.6425,-3.6062287304352787,-4.0963119312422585,18.176970785440616,-0.048910531196788766,112,120,-210.36000000000004,-642.78,79,56,105,28,1.4539308059981644,4.546027583772472,0,,85.0,FULL_WINDOW,lcv28_x_m1_v0_i0_b3000_r0
US500_x100,1,False,False,3000,1,104.0,14.194333333333335,425.83,484.46999999999997,-14.119999999999997,0.0,-44.52,1.325717476441072,1.3242714306383665,41.34615384615385,8.834008097165997,2.9958847736625516,13.0,53.22875,1.7066606621352034,1.6729838430250776,16.03051014957265,0.13736443031958914,50,54,-83.96000000000001,509.79,32,39,39,9,0.8021804130228024,0.9912287374414128,0,2.0,,FULL_WINDOW,lcv28_x_m1_v0_i0_b3000_r1
US500_x100,1,False,False,3000,2,206.0,-18.401666666666667,-552.0499999999997,-387.8699999999999,-37.209999999999994,0.0,-126.97,0.885492462269865,0.885820241079478,34.95145631067961,36.09650964405491,5.9341563786008225,25.75,-69.00625000000001,-2.248061117952512,-2.5099796524691853,16.62638888888889,-0.07681724399173943,95,111,-625.5600000000001,73.50999999999999,75,55,86,22,1.525786344783861,1.998964665719942,0,1.0,,FULL_WINDOW,lcv28_x_m1_v0_i0_b3000_r2
US500_x100,1,False,False,3000,3,230.0,-20.231666666666666,-606.949999999999,-331.74999999999966,-60.92999999999999,0.0,-214.27,0.9229398030295914,0.9231629105805906,35.65217391304348,44.612357977571136,6.625514403292181,28.75,-75.86874999999999,-2.270196085792335,-2.7859996343796767,18.21111835748792,-0.04450685869166871,111,119,-725.06,118.11000000000016,79,56,103,28,2.3233044439579817,2.9923115444663746,0,3.0,,FULL_WINDOW,lcv28_x_m1_v0_i0_b3000_r3
US500_x100,1,False,False,3000,4,231.0,-40.08366666666669,-1202.5100000000018,-835.8600000000001,-78.21999999999998,0.0,-288.43,0.8865934269059454,0.8869036982418275,35.4978354978355,61.20498928030796,6.654320987654321,28.875,-150.31375000000008,-4.849440443293573,-6.202091734798532,18.190723905723903,-0.046915289637023384,112,119,-933.14,-269.3699999999999,79,56,104,28,3.2280570251425935,3.9892989220237616,0,3.0,,FULL_WINDOW,lcv28_x_m1_v0_i0_b3000_r4
US500_x100,1,False,False,3000,5,231.0,-54.08633333333333,-1622.5900000000042,-1221.57,-84.55,0.0,-316.47,0.8613233759496366,0.8616919443116161,35.4978354978355,69.19842875725229,6.654320987654321,28.875,-202.82374999999996,-7.57134145250071,-9.271705504489901,18.190723905723903,-0.046913084537333755,112,119,-1260.55,-362.03999999999996,79,56,104,28,4.104170364903754,4.99062662039807,0,2.0,,FULL_WINDOW,lcv28_x_m1_v0_i0_b3000_r5
US500_x100,1,False,True,500,0,90.0,-42.10199999999999,-210.50999999999968,-198.8099999999999,-11.699999999999998,0.0,0.0,0.8135214860878576,0.8145678446848235,54.44444444444444,64.97740396685914,2.5925925925925926,11.25,-26.31374999999999,-5.322785969361586,-6.602995970527637,3.268135802469136,-0.002668002505278819,38,52,-57.30000000000002,-153.21,17,5,0,0,8.552145853910657,15.368100068454789,0,,36.0,FULL_WINDOW,lcv28_x_m1_v0_i1_b500_r0
US500_x100,1,False,True,500,1,0.0,0.0,0.0,0.0,0.0,0.0,0.0,,0.0,,0.0,0.0,0.0,0.0,0.0,0.0,,,0,0,0.0,0.0,0,0,0,0,,,0,0.0,,FULL_WINDOW,lcv28_x_m1_v0_i1_b500_r1
US500_x100,1,False,True,500,2,0.0,0.0,0.0,0.0,0.0,0.0,0.0,,0.0,,0.0,0.0,0.0,0.0,0.0,0.0,,,0,0,0.0,0.0,0,0,0,0,,,0,0.0,,FULL_WINDOW,lcv28_x_m1_v0_i1_b500_r2
US500_x100,1,False,True,500,3,0.0,0.0,0.0,0.0,0.0,0.0,0.0,,0.0,,0.0,0.0,0.0,0.0,0.0,0.0,,,0,0,0.0,0.0,0,0,0,0,,,0,0.0,,FULL_WINDOW,lcv28_x_m1_v0_i1_b500_r3
US500_x100,1,False,True,500,4,1.0,1.158,5.79,5.92,-0.13,0.0,0.0,,45.53846153846153,100.0,1.998868932701485,0.02880658436213992,0.125,0.72375,0.14475,0.14402192407587666,4.75,0.3417945690672963,0,1,0.0,5.79,0,0,0,0,3.3880000000000003,3.3880000000000003,0,0.0,,FULL_WINDOW,lcv28_x_m1_v0_i1_b500_r4
US500_x100,1,False,True,500,5,13.0,18.704,93.52000000000002,95.21000000000001,-1.69,0.0,0.0,2.4400985525100096,2.414612010285887,69.23076923076923,8.9675478461243,0.37448559670781895,1.625,11.690000000000001,2.209475460566449,2.166418500285072,3.75673076923077,0.2954858529740351,5,8,80.1,13.420000000000005,2,1,0,0,4.34720678747694,4.907985933285533,0,0.0,,FULL_WINDOW,lcv28_x_m1_v0_i1_b500_r5
US500_x100,1,False,True,1000,0,90.0,-21.050999999999995,-210.50999999999968,-198.8099999999999,-11.699999999999998,0.0,0.0,0.8135214860878576,0.8145678446848235,54.44444444444444,39.92056146845596,2.5925925925925926,11.25,-26.31374999999999,-2.589357716901342,-2.9113797697159827,3.268135802469136,-0.002668002505278819,38,52,-57.30000000000002,-153.21,17,5,0,0,4.245614316656122,8.172366596267324,0,,30.0,FULL_WINDOW,lcv28_x_m1_v0_i1_b1000_r0
US500_x100,1,False,True,1000,1,0.0,0.0,0.0,0.0,0.0,0.0,0.0,,0.0,,0.0,0.0,0.0,0.0,0.0,0.0,,,0,0,0.0,0.0,0,0,0,0,,,0,0.0,,FULL_WINDOW,lcv28_x_m1_v0_i1_b1000_r1
US500_x100,1,False,True,1000,2,1.0,0.579,5.79,5.92,-0.13,0.0,0.0,,45.53846153846153,100.0,1.0120558062382132,0.02880658436213992,0.125,0.72375,0.072375,0.07219232577273527,4.75,0.3417945690672963,0,1,0.0,5.79,0,0,0,0,1.6940000000000002,1.6940000000000002,0,0.0,,FULL_WINDOW,lcv28_x_m1_v0_i1_b1000_r2
US500_x100,1,False,True,1000,3,34.0,28.898000000000003,288.98000000000013,293.5200000000001,-4.54,0.0,0.0,3.070947398595384,3.0294964534026283,61.76470588235294,5.427979548660075,0.9794238683127572,4.25,36.1225,3.288996779786135,3.22402093694214,3.821454248366013,0.2863836734156458,15,19,142.21,146.77,2,3,0,0,2.496993475466525,2.9697856589480933,0,0.0,,FULL_WINDOW,lcv28_x_m1_v0_i1_b1000_r3
US500_x100,1,False,True,1000,4,52.0,8.373000000000001,83.73000000000022,90.73000000000002,-6.999999999999998,0.0,0.0,1.1826212131126086,1.181084822007873,55.769230769230774,12.53808788704162,1.4979423868312758,6.5,10.466250000000002,1.1290888792074532,1.0101781272228383,3.5204967948717947,0.11015813098721927,21,31,81.19,2.53999999999999,8,4,0,0,3.023538208636474,3.986731001206273,0,0.0,,FULL_WINDOW,lcv28_x_m1_v0_i1_b1000_r4
US500_x100,1,False,True,1000,5,71.0,-8.040999999999993,-80.40999999999991,-70.1,-10.309999999999999,0.0,0.0,0.9070221893320076,0.9076256777869685,52.112676056338024,25.57105663899396,2.045267489711934,8.875,-10.051249999999992,-0.8379684123495372,-1.0423712661333795,3.350766823161189,0.001667797253626873,29,42,9.889999999999997,-90.30000000000003,14,4,0,0,3.782236887071675,4.965149903755725,0,0.0,,FULL_WINDOW,lcv28_x_m1_v0_i1_b1000_r5
US500_x100,1,False,True,3000,0,90.0,-7.016999999999999,-210.50999999999968,-198.8099999999999,-11.699999999999998,0.0,0.0,0.8135214860878576,0.8145678446848235,54.44444444444444,15.701328641630774,2.5925925925925926,11.25,-26.31374999999999,-0.8683768923926902,-0.9052961096462364,3.268135802469136,-0.002668002505278819,38,52,-57.30000000000002,-153.21,17,5,0,0,1.431293425274514,2.9053598992017995,0,,17.0,FULL_WINDOW,lcv28_x_m1_v0_i1_b3000_r0
US500_x100,1,False,True,3000,1,23.0,5.174333333333333,155.23000000000008,158.22,-2.9899999999999998,0.0,0.0,2.272064246496763,2.254688005172972,56.52173913043478,2.0769873281727023,0.6625514403292181,2.875,19.40375,0.6407113295125929,0.632606365460231,3.793792270531401,0.26129372037822396,10,13,62.24,92.99,2,2,0,0,0.8624119255052041,0.9953003202325303,0,0.0,,FULL_WINDOW,lcv28_x_m1_v0_i1_b3000_r1
US500_x100,1,False,True,3000,2,85.0,-0.7843333333333323,-23.52999999999967,-9.589999999999975,-13.939999999999998,0.0,0.0,0.979343341234308,0.9794836470803652,54.11764705882353,14.57385864509198,2.448559670781893,10.625,-2.9412499999999966,-0.05768050217690593,-0.09837975110252861,3.2956862745098037,-0.0009083149082068245,35,50,-24.420000000000005,0.8899999999999865,16,5,0,0,1.5403995715690715,1.9879199176686824,0,0.0,,FULL_WINDOW,lcv28_x_m1_v0_i1_b3000_r2
US500_x100,1,False,True,3000,3,90.0,0.381666666666672,11.450000000000353,34.960000000000036,-23.509999999999998,0.0,0.0,1.005921658271186,1.005882050755162,54.44444444444444,20.63730069425278,2.5925925925925926,11.25,1.43125000000002,0.16077912504614728,0.04762885986553389,3.268135802469136,-0.002580141621592693,38,52,52.490000000000016,-41.04,17,5,0,0,2.3510117164044253,2.959823451178697,0,0.0,,FULL_WINDOW,lcv28_x_m1_v0_i1_b3000_r3
US500_x100,1,False,True,3000,4,90.0,-2.8923333333333368,-86.76999999999987,-53.49000000000024,-33.28,0.0,0.0,0.9693751500007058,0.9695734959446516,54.44444444444444,27.706178480550708,2.5925925925925926,11.25,-10.846250000000012,-0.20205443588433636,-0.36620106001821195,3.268135802469136,-0.0025545228392587498,38,52,132.94,-219.71,17,5,0,0,3.3783054297171766,3.9999458918377835,0,0.0,,FULL_WINDOW,lcv28_x_m1_v0_i1_b3000_r4
US500_x100,1,False,True,3000,5,90.0,-3.285666666666672,-98.57000000000016,-53.440000000000055,-45.129999999999995,0.0,0.0,0.9744743772675126,0.974640980915774,54.44444444444444,34.61576140322099,2.5925925925925926,11.25,-12.32125000000002,-0.1150627599558818,-0.4167363560437565,3.268135802469136,-0.0025576181929611325,38,52,124.76000000000003,-223.32999999999993,17,5,0,0,4.42413453322723,4.981072812261558,0,0.0,,FULL_WINDOW,lcv28_x_m1_v0_i1_b3000_r5
US500_x100,1,True,False,500,0,43.0,-13.157999999999994,-65.78999999999989,-37.11999999999995,-5.589999999999999,0.0,-23.08,0.9263822216254323,0.9265425068667515,34.883720930232556,46.62933986552353,1.2386831275720165,5.375,-8.223749999999997,-1.3379549802178072,-1.7480390144782754,20.45483850129199,0.07521972643762806,15,28,-121.68000000000002,55.88999999999999,15,10,25,5,7.304751362550778,15.240168453604054,0,,27.0,FULL_WINDOW,lcv28_x_m1_v1_i0_b500_r0
US500_x100,1,True,False,500,1,0.0,0.0,0.0,0.0,0.0,0.0,0.0,,0.0,,0.0,0.0,0.0,0.0,0.0,0.0,,,0,0,0.0,0.0,0,0,0,0,,,0,0.0,,FULL_WINDOW,lcv28_x_m1_v1_i0_b500_r1
US500_x100,1,True,False,500,2,0.0,0.0,0.0,0.0,0.0,0.0,0.0,,0.0,,0.0,0.0,0.0,0.0,0.0,0.0,,,0,0,0.0,0.0,0,0,0,0,,,0,0.0,,FULL_WINDOW,lcv28_x_m1_v1_i0_b500_r2
US500_x100,1,True,False,500,3,0.0,0.0,0.0,0.0,0.0,0.0,0.0,,0.0,,0.0,0.0,0.0,0.0,0.0,0.0,,,0,0,0.0,0.0,0,0,0,0,,,0,0.0,,FULL_WINDOW,lcv28_x_m1_v1_i0_b500_r3
US500_x100,1,True,False,500,4,0.0,0.0,0.0,0.0,0.0,0.0,0.0,,0.0,,0.0,0.0,0.0,0.0,0.0,0.0,,,0,0,0.0,0.0,0,0,0,0,,,0,0.0,,FULL_WINDOW,lcv28_x_m1_v1_i0_b500_r4
US500_x100,1,True,False,500,5,16.0,53.134,265.6700000000001,269.40000000000003,-2.08,0.0,-1.65,2.37610069408474,2.3705633512174997,37.5,16.82293208759636,0.4609053497942387,2.0,33.20875,6.119229674370671,5.471216058845552,15.008211805555554,0.6289765033264326,2,14,20.54,245.13,4,6,8,1,4.045916777725637,4.9898843261107935,0,0.0,,FULL_WINDOW,lcv28_x_m1_v1_i0_b500_r5
US500_x100,1,True,False,1000,0,43.0,-6.578999999999997,-65.78999999999989,-37.11999999999995,-5.589999999999999,0.0,-23.08,0.9263822216254323,0.9265425068667515,34.883720930232556,28.69690956358547,1.2386831275720165,5.375,-8.223749999999997,-0.7415650626707585,-0.8470673282589325,20.45483850129199,0.07521972643762806,15,28,-121.68000000000002,55.88999999999999,15,10,25,5,3.8382044609223707,7.5549907718374625,0,,24.0,FULL_WINDOW,lcv28_x_m1_v1_i0_b1000_r0
US500_x100,1,True,False,1000,1,0.0,0.0,0.0,0.0,0.0,0.0,0.0,,0.0,,0.0,0.0,0.0,0.0,0.0,0.0,,,0,0,0.0,0.0,0,0,0,0,,,0,0.0,,FULL_WINDOW,lcv28_x_m1_v1_i0_b1000_r1
US500_x100,1,True,False,1000,2,0.0,0.0,0.0,0.0,0.0,0.0,0.0,,0.0,,0.0,0.0,0.0,0.0,0.0,0.0,,,0,0,0.0,0.0,0,0,0,0,,,0,0.0,,FULL_WINDOW,lcv28_x_m1_v1_i0_b1000_r2
US500_x100,1,True,False,1000,3,18.0,31.974999999999998,319.7500000000001,330.33,-2.34,0.0,-8.24,2.3109343610348074,2.3060615962748146,38.88888888888889,10.76576513354574,0.5185185185185185,2.25,39.96875,3.7122919379630894,3.528866435557587,22.925833333333333,0.6443529777815188,4,14,-71.32000000000001,391.07,5,7,11,3,2.370498541238014,2.9219999999999997,0,2.0,,FULL_WINDOW,lcv28_x_m1_v1_i0_b1000_r3
US500_x100,1,True,False,1000,4,29.0,17.067,170.67000000000016,184.33,-3.77,0.0,-9.89,1.3549487344799618,1.3539916619998758,34.48275862068966,18.27804429210595,0.8353909465020576,3.625,21.333750000000002,2.3133441920919795,1.9892295741015698,18.184358237547894,0.2697035821616585,9,20,-155.81000000000003,326.48,9,8,15,3,2.900163717726802,3.9840316502716586,0,1.0,,FULL_WINDOW,lcv28_x_m1_v1_i0_b1000_r4
US500_x100,1,True,False,1000,5,35.0,-1.5900000000000052,-15.89999999999998,6.89999999999994,-4.67,0.0,-18.13,0.9766069825950069,0.976660550458716,34.285714285714285,23.82763089482629,1.008230452674897,4.375,-1.9875000000000065,0.102636165623858,-0.20014645279741172,19.886793650793653,0.1160301006535838,11,24,-143.52,127.62,13,9,19,4,3.5870041973911246,4.983901191622408,0,1.0,,FULL_WINDOW,lcv28_x_m1_v1_i0_b1000_r5
US500_x100,1,True,False,3000,0,43.0,-2.192999999999999,-65.78999999999989,-37.11999999999995,-5.589999999999999,0.0,-23.08,0.9263822216254323,0.9265425068667515,34.883720930232556,11.30558097535256,1.2386831275720165,5.375,-8.223749999999997,-0.2648173469842836,-0.27679168431125056,20.45483850129199,0.07521972643762806,15,28,-121.68000000000002,55.88999999999999,15,10,25,5,1.330448923542461,2.504069823802536,0,,15.0,FULL_WINDOW,lcv28_x_m1_v1_i0_b3000_r0
US500_x100,1,True,False,3000,1,14.0,11.816666666666668,354.5000000000001,362.91,-1.8199999999999998,0.0,-6.59,2.902844873859366,2.894911267906778,42.857142857142854,3.975194692818003,0.40329218106995884,1.75,44.31250000000001,1.431791221116395,1.405921907576979,26.994503968253973,0.9058136327602858,3,11,-36.660000000000004,391.16,4,6,8,3,0.8391867746299245,0.974,0,1.0,,FULL_WINDOW,lcv28_x_m1_v1_i0_b3000_r1
US500_x100,1,True,False,3000,2,42.0,7.756666666666664,232.70000000000024,266.21999999999997,-7.139999999999999,0.0,-26.380000000000003,1.21548291508473,1.214977273567126,33.33333333333333,13.766417142272022,1.2098765432098766,5.25,29.08749999999999,0.9868396960774218,0.9381913392925156,20.120429894179892,0.05922445781330815,14,28,-214.46000000000004,447.15999999999997,15,10,24,5,1.5059581799061745,1.987274581246049,0,1.0,,FULL_WINDOW,lcv28_x_m1_v1_i0_b3000_r2
US500_x100,1,True,False,3000,3,43.0,10.071000000000005,302.13000000000005,353.2999999999999,-11.610000000000001,0.0,-39.56,1.1706640607347825,1.1702745199704676,34.883720930232556,19.690752552900832,1.2386831275720165,5.375,37.76625000000002,1.3798897682083544,1.2066649884911573,20.45483850129199,0.07531782487765103,15,28,-314.06,616.19,15,10,25,5,2.3189122389589087,2.9863584844559585,0,1.0,,FULL_WINDOW,lcv28_x_m1_v1_i0_b3000_r3
US500_x100,1,True,False,3000,4,43.0,8.754666666666662,262.63999999999976,339.3299999999999,-17.349999999999994,0.0,-59.34,1.1017337816271826,1.1015065200083476,34.883720930232556,25.741820138831876,1.2386831275720165,5.375,32.829999999999984,1.3119265601972618,1.0545768102891984,20.45483850129199,0.07533537715650618,15,28,-514.41,777.05,15,10,25,5,3.415645695841256,3.993481547574789,0,1.0,,FULL_WINDOW,lcv28_x_m1_v1_i0_b3000_r4
US500_x100,1,True,False,3000,5,43.0,8.135,244.0499999999996,354.11,-22.729999999999997,0.0,-87.33,1.0701222578188974,1.0699654544672672,34.883720930232556,31.921162140305945,1.2386831275720165,5.375,30.506249999999994,1.3560705523518761,0.9824226528020397,20.45483850129199,0.07534410767446573,15,28,-678.65,922.6999999999999,15,10,25,5,4.443603196908378,4.992668621700879,0,1.0,,FULL_WINDOW,lcv28_x_m1_v1_i0_b3000_r5
US500_x100,1,True,True,500,0,20.0,-26.389999999999997,-131.95000000000002,-129.35,-2.6,0.0,0.0,0.5386686245717084,0.5405480692224661,45.0,40.34455523743706,0.5761316872427983,2.5,-16.49375,-3.348274194382894,-3.7574542420200974,2.8355555555555556,-0.15972729252854284,8,12,-40.160000000000004,-91.79,5,0,0,0,9.260791195435718,14.941061491513253,0,,10.0,FULL_WINDOW,lcv28_x_m1_v1_i1_b500_r0
US500_x100,1,True,True,500,1,0.0,0.0,0.0,0.0,0.0,0.0,0.0,,0.0,,0.0,0.0,0.0,0.0,0.0,0.0,,,0,0,0.0,0.0,0,0,0,0,,,0,0.0,,FULL_WINDOW,lcv28_x_m1_v1_i1_b500_r1
US500_x100,1,True,True,500,2,0.0,0.0,0.0,0.0,0.0,0.0,0.0,,0.0,,0.0,0.0,0.0,0.0,0.0,0.0,,,0,0,0.0,0.0,0,0,0,0,,,0,0.0,,FULL_WINDOW,lcv28_x_m1_v1_i1_b500_r2
US500_x100,1,True,True,500,3,0.0,0.0,0.0,0.0,0.0,0.0,0.0,,0.0,,0.0,0.0,0.0,0.0,0.0,0.0,,,0,0,0.0,0.0,0,0,0,0,,,0,0.0,,FULL_WINDOW,lcv28_x_m1_v1_i1_b500_r3
US500_x100,1,True,True,500,4,0.0,0.0,0.0,0.0,0.0,0.0,0.0,,0.0,,0.0,0.0,0.0,0.0,0.0,0.0,,,0,0,0.0,0.0,0,0,0,0,,,0,0.0,,FULL_WINDOW,lcv28_x_m1_v1_i1_b500_r4
US500_x100,1,True,True,500,5,0.0,0.0,0.0,0.0,0.0,0.0,0.0,,0.0,,0.0,0.0,0.0,0.0,0.0,0.0,,,0,0,0.0,0.0,0,0,0,0,,,0,0.0,,FULL_WINDOW,lcv28_x_m1_v1_i1_b500_r5
US500_x100,1,True,True,1000,0,20.0,-13.194999999999999,-131.95000000000002,-129.35,-2.6,0.0,0.0,0.5386686245717084,0.5405480692224661,45.0,22.134255330673263,0.5761316872427983,2.5,-16.49375,-1.6504444185587097,-1.7532726577145774,2.8355555555555556,-0.15972729252854284,8,12,-40.160000000000004,-91.79,5,0,0,0,4.5724216394342685,7.480751370622247,0,,8.0,FULL_WINDOW,lcv28_x_m1_v1_i1_b1000_r0
US500_x100,1,True,True,1000,1,0.0,0.0,0.0,0.0,0.0,0.0,0.0,,0.0,,0.0,0.0,0.0,0.0,0.0,0.0,,,0,0,0.0,0.0,0,0,0,0,,,0,0.0,,FULL_WINDOW,lcv28_x_m1_v1_i1_b1000_r1
US500_x100,1,True,True,1000,2,0.0,0.0,0.0,0.0,0.0,0.0,0.0,,0.0,,0.0,0.0,0.0,0.0,0.0,0.0,,,0,0,0.0,0.0,0,0,0,0,,,0,0.0,,FULL_WINDOW,lcv28_x_m1_v1_i1_b1000_r2
US500_x100,1,True,True,1000,3,4.0,-2.2909999999999995,-22.910000000000004,-22.39,-0.52,0.0,0.0,0.32017804154302665,0.322790422701744,25.0,5.406379001479853,0.11522633744855967,0.5,-2.8637499999999996,-0.28228615857944817,-0.2892871615895243,3.1077777777777778,-0.2326809316869868,1,3,-0.76,-22.150000000000002,1,0,0,0,2.7344117321740162,2.9219999999999997,0,0.0,,FULL_WINDOW,lcv28_x_m1_v1_i1_b1000_r3
US500_x100,1,True,True,1000,4,7.0,-4.393000000000001,-43.93000000000001,-43.02,-0.91,0.0,0.0,0.4119930397537143,0.4150466045272969,42.857142857142854,8.128195463287813,0.20164609053497942,0.875,-5.491250000000001,-0.541457576456319,-0.5599780805491394,2.8386111111111108,-0.20313173025076287,2,5,16.86,-60.790000000000006,2,0,0,0,3.192392532929151,3.9944685894903196,0,0.0,,FULL_WINDOW,lcv28_x_m1_v1_i1_b1000_r4
US500_x100,1,True,True,1000,5,12.0,-9.207,-92.07000000000002,-90.51,-1.56,0.0,0.0,0.3711065573770492,0.3738864331859911,41.66666666666667,12.342033434030448,0.345679012345679,1.5,-11.508750000000001,-1.1678355685247934,-1.2000907229284707,2.9693518518518522,-0.20448307268893232,3,9,2.33,-94.4,3,0,0,0,3.7818100350497623,4.620669682534928,0,0.0,,FULL_WINDOW,lcv28_x_m1_v1_i1_b1000_r5
US500_x100,1,True,True,3000,0,20.0,-4.398333333333333,-131.95000000000002,-129.35,-2.6,0.0,0.0,0.5386686245717084,0.5405480692224661,45.0,7.889656148841268,0.5761316872427983,2.5,-16.49375,-0.5491358719136663,-0.5606714917629874,2.8355555555555556,-0.15972729252854284,8,12,-40.160000000000004,-91.79,5,0,0,0,1.5162318730209403,2.495860223831117,0,,4.0,FULL_WINDOW,lcv28_x_m1_v1_i1_b3000_r0
US500_x100,1,True,True,3000,1,4.0,-0.7636666666666666,-22.910000000000004,-22.39,-0.52,0.0,0.0,0.32017804154302665,0.322790422701744,25.0,1.8344168714817963,0.11522633744855967,0.5,-2.8637499999999996,-0.09500098988492915,-0.09577879423506852,3.1077777777777778,-0.2326809316869868,1,3,-0.76,-22.150000000000002,1,0,0,0,0.9122447949811666,0.974,0,0.0,,FULL_WINDOW,lcv28_x_m1_v1_i1_b3000_r1
US500_x100,1,True,True,3000,2,18.0,-4.020333333333332,-120.61,-117.78999999999999,-2.8200000000000003,0.0,0.0,0.5306821277092494,0.5327910129769514,44.44444444444444,7.150810863302376,0.5185185185185185,2.25,-15.076249999999998,-0.5055929867742033,-0.5116095786719121,2.869243827160494,-0.14305183390395884,6,12,-6.700000000000002,-113.91000000000001,4,0,0,0,1.6285625289790997,1.9612010280864178,0,0.0,,FULL_WINDOW,lcv28_x_m1_v1_i1_b3000_r2
US500_x100,1,True,True,3000,3,20.0,-8.161000000000001,-244.83,-240.51,-4.32,0.0,0.0,0.45777689190087034,0.4599060245747944,45.0,12.199039491148309,0.5761316872427983,2.5,-30.603750000000005,-1.037100058367838,-1.0585220785199523,2.8355555555555556,-0.1596659034841977,8,12,-24.040000000000003,-220.79,5,0,0,0,2.304747039905661,2.9946572518664025,0,0.0,,FULL_WINDOW,lcv28_x_m1_v1_i1_b3000_r3
US500_x100,1,True,True,3000,4,20.0,-8.510000000000002,-255.3,-249.28000000000003,-6.02,0.0,0.0,0.5572397287594735,0.5592576607682348,45.0,15.167735884917024,0.5761316872427983,2.5,-31.9125,-1.067557116134631,-1.105599193828355,2.8355555555555556,-0.15961938277583937,8,12,-29.939999999999998,-225.36,5,0,0,0,3.274886736879182,3.9656908251722647,0,0.0,,FULL_WINDOW,lcv28_x_m1_v1_i1_b3000_r4
US500_x100,1,True,True,3000,5,20.0,-11.987666666666666,-359.63,-351.82000000000005,-7.8100000000000005,0.0,0.0,0.5422807687412498,0.5442529463946268,45.0,21.01217071651844,0.5761316872427983,2.5,-44.95375,-1.5187839981676805,-1.5834941606157504,2.8355555555555556,-0.15963003173211035,8,12,-39.879999999999995,-319.75,5,0,0,0,4.270666952503327,4.950092677946613,0,0.0,,FULL_WINDOW,lcv28_x_m1_v1_i1_b3000_r5
