tag,month,opening_balance,net_profit,return_percent,ending_balance,entries
lcv28_u_m0_v0_i0_b500_r0,2026-01,500.0,9.009999999999998,1.8019999999999994,509.01,14
lcv28_u_m0_v0_i0_b500_r0,2026-02,509.01,0.2900000000000005,0.056973340405886023,509.3,11
lcv28_u_m0_v0_i0_b500_r0,2026-03,509.3,22.830000000000005,4.482623208325153,532.13,12
lcv28_u_m0_v0_i0_b500_r0,2026-04,532.13,23.660000000000007,4.446281923590101,555.79,17
lcv28_u_m0_v0_i0_b500_r0,2026-05,555.79,11.950000000000008,2.150092660897103,567.74,18
lcv28_u_m0_v0_i0_b500_r0,2026-06,567.74,-70.77999999999999,-12.466974319230632,496.96000000000004,14
lcv28_u_m0_v0_i0_b500_r0,2026-07,496.96000000000004,-37.07999999999999,-7.461365099806823,459.88000000000005,20
lcv28_u_m0_v0_i0_b500_r0,2026-08,459.88000000000005,27.96,6.079846916586935,487.84000000000003,13
lcv28_u_m0_v0_i0_b500_r1,2026-01,500.0,0.3299999999999974,0.06599999999999948,500.33,11
lcv28_u_m0_v0_i0_b500_r1,2026-02,500.33,6.189999999999999,1.2371834589171145,506.52,9
lcv28_u_m0_v0_i0_b500_r1,2026-03,506.52,18.02,3.557608781489378,524.54,3
lcv28_u_m0_v0_i0_b500_r1,2026-04,524.54,30.31,5.7783963091470625,554.8499999999999,9
lcv28_u_m0_v0_i0_b500_r1,2026-05,554.8499999999999,6.230000000000002,1.1228259890060381,561.0799999999999,16
lcv28_u_m0_v0_i0_b500_r1,2026-06,561.0799999999999,0.8499999999999996,0.15149354815712548,561.93,4
lcv28_u_m0_v0_i0_b500_r1,2026-07,561.93,9.850000000000001,1.7528873703130288,571.78,11
lcv28_u_m0_v0_i0_b500_r1,2026-08,571.78,37.75,6.602189653363181,609.53,14
lcv28_u_m0_v0_i0_b500_r2,2026-01,500.0,6.739999999999994,1.3479999999999988,506.74,14
lcv28_u_m0_v0_i0_b500_r2,2026-02,506.74,10.069999999999997,1.9872123771559373,516.8100000000001,11
lcv28_u_m0_v0_i0_b500_r2,2026-03,516.8100000000001,63.24999999999999,12.238540275923452,580.0600000000001,11
lcv28_u_m0_v0_i0_b500_r2,2026-04,580.0600000000001,33.730000000000025,5.8149156983760335,613.7900000000001,17
lcv28_u_m0_v0_i0_b500_r2,2026-05,613.7900000000001,18.060000000000016,2.942374427735873,631.8500000000001,18
lcv28_u_m0_v0_i0_b500_r2,2026-06,631.8500000000001,-101.09,-15.99905040753343,530.7600000000001,14
lcv28_u_m0_v0_i0_b500_r2,2026-07,530.7600000000001,-48.23000000000001,-9.086969628457307,482.5300000000001,20
lcv28_u_m0_v0_i0_b500_r2,2026-08,482.5300000000001,39.66000000000001,8.219178082191782,522.19,13
lcv28_u_m0_v0_i0_b500_r3,2026-01,500.0,5.889999999999998,1.1779999999999995,505.89,14
lcv28_u_m0_v0_i0_b500_r3,2026-02,505.89,13.879999999999994,2.743679456008222,519.77,11
lcv28_u_m0_v0_i0_b500_r3,2026-03,519.77,97.46000000000001,18.750601227465996,617.23,12
lcv28_u_m0_v0_i0_b500_r3,2026-04,617.23,53.889999999999986,8.730943084425578,671.12,17
lcv28_u_m0_v0_i0_b500_r3,2026-05,671.12,28.309999999999953,4.218321611634276,699.43,18
lcv28_u_m0_v0_i0_b500_r3,2026-06,699.43,-163.32000000000002,-23.350442503181164,536.1099999999999,14
lcv28_u_m0_v0_i0_b500_r3,2026-07,536.1099999999999,-74.84,-13.959821678386902,461.26999999999987,20
lcv28_u_m0_v0_i0_b500_r3,2026-08,461.26999999999987,54.67,11.852060615257878,515.9399999999998,13
lcv28_u_m0_v0_i0_b500_r4,2026-01,500.0,7.029999999999993,1.4059999999999986,507.03,14
lcv28_u_m0_v0_i0_b500_r4,2026-02,507.03,17.44,3.439638680156993,524.47,11
lcv28_u_m0_v0_i0_b500_r4,2026-03,524.47,132.77,25.315079985509183,657.24,12
lcv28_u_m0_v0_i0_b500_r4,2026-04,657.24,69.60000000000002,10.589738908161406,726.84,17
lcv28_u_m0_v0_i0_b500_r4,2026-05,726.84,38.45,5.2900225634252385,765.2900000000001,18
lcv28_u_m0_v0_i0_b500_r4,2026-06,765.2900000000001,-230.80999999999995,-30.159808699969936,534.4800000000001,14
lcv28_u_m0_v0_i0_b500_r4,2026-07,534.4800000000001,-99.24999999999999,-18.569450681035764,435.23000000000013,20
lcv28_u_m0_v0_i0_b500_r4,2026-08,435.23000000000013,66.56000000000002,15.293063437722582,501.79000000000013,13
lcv28_u_m0_v0_i0_b500_r5,2026-01,500.0,5.280000000000001,1.0560000000000003,505.28,14
lcv28_u_m0_v0_i0_b500_r5,2026-02,505.28,19.599999999999998,3.8790373654211523,524.88,11
lcv28_u_m0_v0_i0_b500_r5,2026-03,524.88,167.51,31.91396128638927,692.39,12
lcv28_u_m0_v0_i0_b500_r5,2026-04,692.39,87.43,12.627276534900853,779.8199999999999,17
lcv28_u_m0_v0_i0_b500_r5,2026-05,779.8199999999999,46.0,5.898797158318587,825.8199999999999,18
lcv28_u_m0_v0_i0_b500_r5,2026-06,825.8199999999999,-300.56,-36.39534038894674,525.26,14
lcv28_u_m0_v0_i0_b500_r5,2026-07,525.26,-121.75,-23.178997068118644,403.51,20
lcv28_u_m0_v0_i0_b500_r5,2026-08,403.51,73.96999999999998,18.33163986022651,477.47999999999996,13
lcv28_u_m0_v0_i0_b1000_r0,2026-01,1000.0,9.009999999999998,0.9009999999999997,1009.01,14
lcv28_u_m0_v0_i0_b1000_r0,2026-02,1009.01,0.2900000000000005,0.02874104320076119,1009.3,11
lcv28_u_m0_v0_i0_b1000_r0,2026-03,1009.3,22.830000000000005,2.2619637372436348,1032.1299999999999,12
lcv28_u_m0_v0_i0_b1000_r0,2026-04,1032.1299999999999,23.660000000000007,2.292346894286573,1055.79,17
lcv28_u_m0_v0_i0_b1000_r0,2026-05,1055.79,11.950000000000008,1.1318538724556975,1067.74,18
lcv28_u_m0_v0_i0_b1000_r0,2026-06,1067.74,-70.77999999999999,-6.62895461441924,996.96,14
lcv28_u_m0_v0_i0_b1000_r0,2026-07,996.96,-37.07999999999999,-3.719306692344727,959.88,20
lcv28_u_m0_v0_i0_b1000_r0,2026-08,959.88,27.96,2.9128641080135016,987.84,13
lcv28_u_m0_v0_i0_b1000_r1,2026-01,1000.0,7.169999999999997,0.7169999999999997,1007.17,14
lcv28_u_m0_v0_i0_b1000_r1,2026-02,1007.17,10.559999999999999,1.0484823813258932,1017.7299999999999,11
lcv28_u_m0_v0_i0_b1000_r1,2026-03,1017.7299999999999,61.46,6.038929775087696,1079.1899999999998,11
lcv28_u_m0_v0_i0_b1000_r1,2026-04,1079.1899999999998,33.830000000000005,3.134758476264607,1113.0199999999998,17
lcv28_u_m0_v0_i0_b1000_r1,2026-05,1113.0199999999998,18.459999999999997,1.6585506100519307,1131.4799999999998,18
lcv28_u_m0_v0_i0_b1000_r1,2026-06,1131.4799999999998,-85.99000000000001,-7.599780818043627,1045.4899999999998,13
lcv28_u_m0_v0_i0_b1000_r1,2026-07,1045.4899999999998,-48.23,-4.613147901940717,997.2599999999998,20
lcv28_u_m0_v0_i0_b1000_r1,2026-08,997.2599999999998,42.50999999999999,4.262679742494435,1039.7699999999998,13
lcv28_u_m0_v0_i0_b1000_r2,2026-01,1000.0,11.989999999999997,1.1989999999999996,1011.99,14
lcv28_u_m0_v0_i0_b1000_r2,2026-02,1011.99,20.000000000000007,1.9763041136770132,1031.99,11
lcv28_u_m0_v0_i0_b1000_r2,2026-03,1031.99,128.27,12.42938400565897,1160.26,12
lcv28_u_m0_v0_i0_b1000_r2,2026-04,1160.26,70.65999999999998,6.090014307138054,1230.92,17
lcv28_u_m0_v0_i0_b1000_r2,2026-05,1230.92,37.59000000000002,3.0538134078575387,1268.51,18
lcv28_u_m0_v0_i0_b1000_r2,2026-06,1268.51,-205.57,-16.205627074284003,1062.94,14
lcv28_u_m0_v0_i0_b1000_r2,2026-07,1062.94,-99.51999999999998,-9.362710971456524,963.4200000000001,20
lcv28_u_m0_v0_i0_b1000_r2,2026-08,963.4200000000001,78.24000000000001,8.121068692781964,1041.66,13
lcv28_u_m0_v0_i0_b1000_r3,2026-01,1000.0,13.709999999999976,1.3709999999999976,1013.7099999999999,14
lcv28_u_m0_v0_i0_b1000_r3,2026-02,1013.7099999999999,27.359999999999992,2.6989967544958615,1041.07,11
lcv28_u_m0_v0_i0_b1000_r3,2026-03,1041.07,194.89000000000004,18.72016290931446,1235.96,12
lcv28_u_m0_v0_i0_b1000_r3,2026-04,1235.96,107.38000000000002,8.687983429884465,1343.3400000000001,17
lcv28_u_m0_v0_i0_b1000_r3,2026-05,1343.3400000000001,56.479999999999976,4.204445635505529,1399.8200000000002,18
lcv28_u_m0_v0_i0_b1000_r3,2026-06,1399.8200000000002,-329.0200000000001,-23.50445057221643,1070.8000000000002,14
lcv28_u_m0_v0_i0_b1000_r3,2026-07,1070.8000000000002,-151.6,-14.157639148300333,919.2000000000002,20
lcv28_u_m0_v0_i0_b1000_r3,2026-08,919.2000000000002,109.52999999999999,11.915796344647516,1028.7300000000002,13
lcv28_u_m0_v0_i0_b1000_r4,2026-01,1000.0,13.240000000000016,1.3240000000000016,1013.24,14
lcv28_u_m0_v0_i0_b1000_r4,2026-02,1013.24,34.74000000000001,3.428605266274526,1047.98,11
lcv28_u_m0_v0_i0_b1000_r4,2026-03,1047.98,265.17999999999995,25.303918013702546,1313.1599999999999,12
lcv28_u_m0_v0_i0_b1000_r4,2026-04,1313.1599999999999,141.56,10.78010295775077,1454.7199999999998,17
lcv28_u_m0_v0_i0_b1000_r4,2026-05,1454.7199999999998,76.29999999999997,5.244995600527935,1531.0199999999998,18
lcv28_u_m0_v0_i0_b1000_r4,2026-06,1531.0199999999998,-463.0299999999999,-30.243236535120378,1067.9899999999998,14
lcv28_u_m0_v0_i0_b1000_r4,2026-07,1067.9899999999998,-200.59000000000003,-18.782011067519367,867.3999999999997,20
lcv28_u_m0_v0_i0_b1000_r4,2026-08,867.3999999999997,133.88000000000002,15.434632234263324,1001.2799999999997,13
lcv28_u_m0_v0_i0_b1000_r5,2026-01,1000.0,10.499999999999993,1.0499999999999994,1010.5,14
lcv28_u_m0_v0_i0_b1000_r5,2026-02,1010.5,38.33,3.793171697179614,1048.83,11
lcv28_u_m0_v0_i0_b1000_r5,2026-03,1048.83,335.03000000000003,31.94321291343688,1383.86,12
lcv28_u_m0_v0_i0_b1000_r5,2026-04,1383.86,174.69000000000003,12.623386758776178,1558.55,17
lcv28_u_m0_v0_i0_b1000_r5,2026-05,1558.55,91.38999999999989,5.863783645054691,1649.9399999999998,18
lcv28_u_m0_v0_i0_b1000_r5,2026-06,1649.9399999999998,-602.53,-36.51829763506552,1047.4099999999999,14
lcv28_u_m0_v0_i0_b1000_r5,2026-07,1047.4099999999999,-244.44,-23.337565996123775,802.9699999999998,20
lcv28_u_m0_v0_i0_b1000_r5,2026-08,802.9699999999998,147.54999999999998,18.375530841750006,950.5199999999998,13
lcv28_u_m0_v0_i0_b3000_r0,2026-01,3000.0,9.009999999999998,0.3003333333333333,3009.01,14
lcv28_u_m0_v0_i0_b3000_r0,2026-02,3009.01,0.2900000000000005,0.009637721376798363,3009.3,11
lcv28_u_m0_v0_i0_b3000_r0,2026-03,3009.3,22.830000000000005,0.7586481906091119,3032.13,12
lcv28_u_m0_v0_i0_b3000_r0,2026-04,3032.13,23.660000000000007,0.7803095513714784,3055.79,17
lcv28_u_m0_v0_i0_b3000_r0,2026-05,3055.79,11.950000000000008,0.3910609040542711,3067.74,18
lcv28_u_m0_v0_i0_b3000_r0,2026-06,3067.74,-70.77999999999999,-2.3072359456798814,2996.9599999999996,14
lcv28_u_m0_v0_i0_b3000_r0,2026-07,2996.9599999999996,-37.07999999999999,-1.23725375046714,2959.8799999999997,20
lcv28_u_m0_v0_i0_b3000_r0,2026-08,2959.8799999999997,27.96,0.9446328905225889,2987.8399999999997,13
lcv28_u_m0_v0_i0_b3000_r1,2026-01,3000.0,21.050000000000004,0.7016666666666669,3021.05,14
lcv28_u_m0_v0_i0_b3000_r1,2026-02,3021.05,31.77,1.0516211251055096,3052.82,11
lcv28_u_m0_v0_i0_b3000_r1,2026-03,3052.82,187.26999999999998,6.134328260428062,3240.09,12
lcv28_u_m0_v0_i0_b3000_r1,2026-04,3240.09,104.08,3.2122564496665214,3344.17,17
lcv28_u_m0_v0_i0_b3000_r1,2026-05,3344.17,55.22999999999999,1.6515308731314495,3399.4,18
lcv28_u_m0_v0_i0_b3000_r1,2026-06,3399.4,-285.09000000000003,-8.386479967053011,3114.31,14
lcv28_u_m0_v0_i0_b3000_r1,2026-07,3114.31,-146.89000000000001,-4.716614595207286,2967.42,20
lcv28_u_m0_v0_i0_b3000_r1,2026-08,2967.42,125.98999999999995,4.245775791765236,3093.41,13
lcv28_u_m0_v0_i0_b3000_r2,2026-01,3000.0,34.11000000000001,1.1370000000000002,3034.11,14
lcv28_u_m0_v0_i0_b3000_r2,2026-02,3034.11,58.59999999999997,1.9313736153270638,3092.71,11
lcv28_u_m0_v0_i0_b3000_r2,2026-03,3092.71,384.14000000000004,12.420821868199736,3476.85,12
lcv28_u_m0_v0_i0_b3000_r2,2026-04,3476.85,213.57000000000002,6.1426291039302825,3690.42,17
lcv28_u_m0_v0_i0_b3000_r2,2026-05,3690.42,115.21,3.1218668877797104,3805.63,18
lcv28_u_m0_v0_i0_b3000_r2,2026-06,3805.63,-619.25,-16.271944461232437,3186.38,14
lcv28_u_m0_v0_i0_b3000_r2,2026-07,3186.38,-301.9799999999999,-9.477212385214566,2884.4,20
lcv28_u_m0_v0_i0_b3000_r2,2026-08,2884.4,239.5,8.303286645402856,3123.9,13
lcv28_u_m0_v0_i0_b3000_r3,2026-01,3000.0,41.20999999999996,1.3736666666666653,3041.21,14
lcv28_u_m0_v0_i0_b3000_r3,2026-02,3041.21,82.46999999999998,2.711749599665922,3123.68,11
lcv28_u_m0_v0_i0_b3000_r3,2026-03,3123.68,587.83,18.818508938175487,3711.5099999999998,12
lcv28_u_m0_v0_i0_b3000_r3,2026-04,3711.5099999999998,320.73999999999995,8.641765750328032,4032.2499999999995,17
lcv28_u_m0_v0_i0_b3000_r3,2026-05,4032.2499999999995,172.67000000000007,4.282224564449131,4204.92,18
lcv28_u_m0_v0_i0_b3000_r3,2026-06,4204.92,-991.0999999999999,-23.57000846627284,3213.82,14
lcv28_u_m0_v0_i0_b3000_r3,2026-07,3213.82,-456.79,-14.213303794238632,2757.03,20
lcv28_u_m0_v0_i0_b3000_r3,2026-08,2757.03,332.1099999999999,12.045933486396589,3089.1400000000003,13
lcv28_u_m0_v0_i0_b3000_r4,2026-01,3000.0,39.27999999999997,1.3093333333333326,3039.2799999999997,14
lcv28_u_m0_v0_i0_b3000_r4,2026-02,3039.2799999999997,101.73000000000002,3.34717433076255,3141.0099999999998,11
lcv28_u_m0_v0_i0_b3000_r4,2026-03,3141.0099999999998,797.45,25.388330505155988,3938.46,12
lcv28_u_m0_v0_i0_b3000_r4,2026-04,3938.46,426.0900000000002,10.818695632302987,4364.55,17
lcv28_u_m0_v0_i0_b3000_r4,2026-05,4364.55,227.33000000000013,5.208555292069059,4591.88,18
lcv28_u_m0_v0_i0_b3000_r4,2026-06,4591.88,-1393.78,-30.353145117032675,3198.1000000000004,14
lcv28_u_m0_v0_i0_b3000_r4,2026-07,3198.1000000000004,-601.97,-18.822738500984958,2596.13,20
lcv28_u_m0_v0_i0_b3000_r4,2026-08,2596.13,400.29000000000013,15.418719401570804,2996.42,13
lcv28_u_m0_v0_i0_b3000_r5,2026-01,3000.0,31.16000000000006,1.0386666666666686,3031.16,14
lcv28_u_m0_v0_i0_b3000_r5,2026-02,3031.16,115.84999999999988,3.821969147125189,3147.0099999999998,11
lcv28_u_m0_v0_i0_b3000_r5,2026-03,3147.0099999999998,1008.0999999999998,32.03358108172519,4155.11,12
lcv28_u_m0_v0_i0_b3000_r5,2026-04,4155.11,524.5199999999998,12.623492518850279,4679.629999999999,17
lcv28_u_m0_v0_i0_b3000_r5,2026-05,4679.629999999999,276.0400000000002,5.8987569530069734,4955.669999999999,18
lcv28_u_m0_v0_i0_b3000_r5,2026-06,4955.669999999999,-1815.07,-36.62612724414661,3140.5999999999995,14
lcv28_u_m0_v0_i0_b3000_r5,2026-07,3140.5999999999995,-735.02,-23.40380818951793,2405.5799999999995,20
lcv28_u_m0_v0_i0_b3000_r5,2026-08,2405.5799999999995,445.6500000000001,18.52567779911706,2851.2299999999996,13
lcv28_u_m0_v0_i1_b500_r0,2026-01,500.0,0.8000000000000002,0.16000000000000003,500.8,9
lcv28_u_m0_v0_i1_b500_r0,2026-02,500.8,16.730000000000004,3.3406549520766777,517.53,7
lcv28_u_m0_v0_i1_b500_r0,2026-03,517.53,5.920000000000001,1.1438950399010688,523.4499999999999,2
lcv28_u_m0_v0_i1_b500_r0,2026-04,523.4499999999999,18.6,3.553347979749738,542.05,10
lcv28_u_m0_v0_i1_b500_r0,2026-05,542.05,-21.880000000000003,-4.036527995572365,520.17,12
lcv28_u_m0_v0_i1_b500_r0,2026-06,520.17,-15.28,-2.937501201530269,504.89,5
lcv28_u_m0_v0_i1_b500_r0,2026-07,504.89,-26.83,-5.314028798352116,478.06,11
lcv28_u_m0_v0_i1_b500_r0,2026-08,478.06,4.38,0.9162029870727524,482.44,5
lcv28_u_m0_v0_i1_b500_r1,2026-01,500.0,-9.590000000000002,-1.9180000000000001,490.41,8
lcv28_u_m0_v0_i1_b500_r1,2026-02,490.41,19.110000000000003,3.896739462898392,509.52000000000004,3
lcv28_u_m0_v0_i1_b500_r1,2026-03,509.52000000000004,0.0,0.0,509.52000000000004,0
lcv28_u_m0_v0_i1_b500_r1,2026-04,509.52000000000004,10.05,1.972444653791804,519.57,5
lcv28_u_m0_v0_i1_b500_r1,2026-05,519.57,-11.229999999999999,-2.1614026983852024,508.34000000000003,5
lcv28_u_m0_v0_i1_b500_r1,2026-06,508.34000000000003,0.76,0.14950623598379037,509.1,1
lcv28_u_m0_v0_i1_b500_r1,2026-07,509.1,-5.52,-1.0842663523865643,503.58000000000004,4
lcv28_u_m0_v0_i1_b500_r1,2026-08,503.58000000000004,6.23,1.2371420628301362,509.81000000000006,3
lcv28_u_m0_v0_i1_b500_r2,2026-01,500.0,-9.639999999999999,-1.928,490.36,9
lcv28_u_m0_v0_i1_b500_r2,2026-02,490.36,40.809999999999995,8.322456970389101,531.17,7
lcv28_u_m0_v0_i1_b500_r2,2026-03,531.17,11.430000000000001,2.1518534555791935,542.5999999999999,2
lcv28_u_m0_v0_i1_b500_r2,2026-04,542.5999999999999,37.27,6.868779948396611,579.8699999999999,10
lcv28_u_m0_v0_i1_b500_r2,2026-05,579.8699999999999,-41.410000000000004,-7.141255798713507,538.4599999999999,12
lcv28_u_m0_v0_i1_b500_r2,2026-06,538.4599999999999,-20.859999999999996,-3.8740110686030533,517.5999999999999,5
lcv28_u_m0_v0_i1_b500_r2,2026-07,517.5999999999999,-42.580000000000005,-8.226429675425042,475.0199999999999,11
lcv28_u_m0_v0_i1_b500_r2,2026-08,475.0199999999999,13.840000000000002,2.91356153425119,488.8599999999999,5
lcv28_u_m0_v0_i1_b500_r3,2026-01,500.0,-14.899999999999999,-2.9799999999999995,485.1,9
lcv28_u_m0_v0_i1_b500_r3,2026-02,485.1,61.77,12.733457019171304,546.87,7
lcv28_u_m0_v0_i1_b500_r3,2026-03,546.87,18.06,3.302430193647485,564.93,2
lcv28_u_m0_v0_i1_b500_r3,2026-04,564.93,58.629999999999995,10.37827695466695,623.56,10
lcv28_u_m0_v0_i1_b500_r3,2026-05,623.56,-66.91999999999999,-10.731926358329591,556.64,12
lcv28_u_m0_v0_i1_b500_r3,2026-06,556.64,-32.24,-5.791894222477724,524.4,5
lcv28_u_m0_v0_i1_b500_r3,2026-07,524.4,-63.349999999999994,-12.08047292143402,461.04999999999995,11
lcv28_u_m0_v0_i1_b500_r3,2026-08,461.04999999999995,20.1,4.3596139247370145,481.15,5
lcv28_u_m0_v0_i1_b500_r4,2026-01,500.0,-20.359999999999996,-4.071999999999999,479.64,9
lcv28_u_m0_v0_i1_b500_r4,2026-02,479.64,82.29999999999998,17.15870236010341,561.9399999999999,7
lcv28_u_m0_v0_i1_b500_r4,2026-03,561.9399999999999,24.11,4.290493647008578,586.05,2
lcv28_u_m0_v0_i1_b500_r4,2026-04,586.05,82.11999999999999,14.012456275061854,668.17,10
lcv28_u_m0_v0_i1_b500_r4,2026-05,668.17,-94.43999999999998,-14.134127542391905,573.73,12
lcv28_u_m0_v0_i1_b500_r4,2026-06,573.73,-44.21,-7.705715231903508,529.52,5
lcv28_u_m0_v0_i1_b500_r4,2026-07,529.52,-84.99999999999997,-16.052273757365157,444.52,11
lcv28_u_m0_v0_i1_b500_r4,2026-08,444.52,25.97,5.842256816341222,470.49,5
lcv28_u_m0_v0_i1_b500_r5,2026-01,500.0,-25.48,-5.096,474.52,9
lcv28_u_m0_v0_i1_b500_r5,2026-02,474.52,102.83000000000001,21.670319480738435,577.35,7
lcv28_u_m0_v0_i1_b500_r5,2026-03,577.35,30.870000000000005,5.346843335931411,608.22,2
lcv28_u_m0_v0_i1_b500_r5,2026-04,608.22,108.23000000000002,17.794548025385552,716.45,10
lcv28_u_m0_v0_i1_b500_r5,2026-05,716.45,-124.80000000000001,-17.419219764114732,591.6500000000001,12
lcv28_u_m0_v0_i1_b500_r5,2026-06,591.6500000000001,-57.16,-9.661117214569423,534.4900000000001,5
lcv28_u_m0_v0_i1_b500_r5,2026-07,534.4900000000001,-104.88,-19.622443824954626,429.6100000000001,11
lcv28_u_m0_v0_i1_b500_r5,2026-08,429.6100000000001,31.389999999999997,7.3066269407136675,461.0000000000001,5
lcv28_u_m0_v0_i1_b1000_r0,2026-01,1000.0,0.8000000000000002,0.08000000000000002,1000.8,9
lcv28_u_m0_v0_i1_b1000_r0,2026-02,1000.8,16.730000000000004,1.671662669864109,1017.53,7
lcv28_u_m0_v0_i1_b1000_r0,2026-03,1017.53,5.920000000000001,0.5818010279795192,1023.4499999999999,2
lcv28_u_m0_v0_i1_b1000_r0,2026-04,1023.4499999999999,18.6,1.8173823831159317,1042.05,10
lcv28_u_m0_v0_i1_b1000_r0,2026-05,1042.05,-21.880000000000003,-2.0997073077107626,1020.17,12
lcv28_u_m0_v0_i1_b1000_r0,2026-06,1020.17,-15.28,-1.4977895840889264,1004.89,5
lcv28_u_m0_v0_i1_b1000_r0,2026-07,1004.89,-26.83,-2.6699439739672997,978.06,11
lcv28_u_m0_v0_i1_b1000_r0,2026-08,978.06,4.38,0.44782528679222133,982.4399999999999,5
lcv28_u_m0_v0_i1_b1000_r1,2026-01,1000.0,-9.75,-0.975,990.25,9
lcv28_u_m0_v0_i1_b1000_r1,2026-02,990.25,40.61,4.100984599848523,1030.86,7
lcv28_u_m0_v0_i1_b1000_r1,2026-03,1030.86,11.729999999999999,1.1378848728246318,1042.59,2
lcv28_u_m0_v0_i1_b1000_r1,2026-04,1042.59,34.84,3.3416779366769305,1077.4299999999998,10
lcv28_u_m0_v0_i1_b1000_r1,2026-05,1077.4299999999998,-38.99000000000001,-3.6187965807523472,1038.4399999999998,12
lcv28_u_m0_v0_i1_b1000_r1,2026-06,1038.4399999999998,-19.759999999999998,-1.9028542814221332,1018.6799999999998,5
lcv28_u_m0_v0_i1_b1000_r1,2026-07,1018.6799999999998,-42.160000000000004,-4.138689284171674,976.5199999999999,11
lcv28_u_m0_v0_i1_b1000_r1,2026-08,976.5199999999999,14.16,1.4500471060500555,990.6799999999998,5
lcv28_u_m0_v0_i1_b1000_r2,2026-01,1000.0,-19.630000000000003,-1.963,980.37,9
lcv28_u_m0_v0_i1_b1000_r2,2026-02,980.37,81.94999999999999,8.359088915409489,1062.32,7
lcv28_u_m0_v0_i1_b1000_r2,2026-03,1062.32,23.560000000000002,2.2177874839972893,1085.8799999999999,2
lcv28_u_m0_v0_i1_b1000_r2,2026-04,1085.8799999999999,74.99000000000001,6.905919622794417,1160.87,10
lcv28_u_m0_v0_i1_b1000_r2,2026-05,1160.87,-83.69,-7.209248236236617,1077.1799999999998,12
lcv28_u_m0_v0_i1_b1000_r2,2026-06,1077.1799999999998,-42.21999999999999,-3.9194934922668447,1034.9599999999998,5
lcv28_u_m0_v0_i1_b1000_r2,2026-07,1034.9599999999998,-85.52,-8.263121280049472,949.4399999999998,11
lcv28_u_m0_v0_i1_b1000_r2,2026-08,949.4399999999998,27.740000000000006,2.921722278395687,977.1799999999998,5
lcv28_u_m0_v0_i1_b1000_r3,2026-01,1000.0,-29.62,-2.962,970.38,9
lcv28_u_m0_v0_i1_b1000_r3,2026-02,970.38,123.91,12.769224427543849,1094.29,7
lcv28_u_m0_v0_i1_b1000_r3,2026-03,1094.29,35.83,3.2742691608257406,1130.12,2
lcv28_u_m0_v0_i1_b1000_r3,2026-04,1130.12,118.02,10.443138781722295,1248.1399999999999,10
lcv28_u_m0_v0_i1_b1000_r3,2026-05,1248.1399999999999,-134.6,-10.784046661432212,1113.54,12
lcv28_u_m0_v0_i1_b1000_r3,2026-06,1113.54,-65.63,-5.893816117966126,1047.9099999999999,5
lcv28_u_m0_v0_i1_b1000_r3,2026-07,1047.9099999999999,-127.85999999999999,-12.201429512076418,920.0499999999998,11
lcv28_u_m0_v0_i1_b1000_r3,2026-08,920.0499999999998,40.370000000000005,4.387805010597252,960.4199999999998,5
lcv28_u_m0_v0_i1_b1000_r4,2026-01,1000.0,-40.21000000000002,-4.021000000000003,959.79,9
lcv28_u_m0_v0_i1_b1000_r4,2026-02,959.79,164.9,17.18084164244262,1124.69,7
lcv28_u_m0_v0_i1_b1000_r4,2026-03,1124.69,48.94,4.3514212805306345,1173.63,2
lcv28_u_m0_v0_i1_b1000_r4,2026-04,1173.63,165.75,14.122849620408475,1339.38,10
lcv28_u_m0_v0_i1_b1000_r4,2026-05,1339.38,-189.19000000000003,-14.125192253132045,1150.19,12
lcv28_u_m0_v0_i1_b1000_r4,2026-06,1150.19,-90.01999999999998,-7.826533007590049,1060.17,5
lcv28_u_m0_v0_i1_b1000_r4,2026-07,1060.17,-170.23,-16.05685880566324,889.94,11
lcv28_u_m0_v0_i1_b1000_r4,2026-08,889.94,51.94,5.836348517877609,941.8800000000001,5
lcv28_u_m0_v0_i1_b1000_r5,2026-01,1000.0,-51.10000000000001,-5.11,948.9,9
lcv28_u_m0_v0_i1_b1000_r5,2026-02,948.9,206.40999999999997,21.752555590683947,1155.31,7
lcv28_u_m0_v0_i1_b1000_r5,2026-03,1155.31,61.45000000000001,5.318918731768964,1216.76,2
lcv28_u_m0_v0_i1_b1000_r5,2026-04,1216.76,217.07,17.84000131496762,1433.83,10
lcv28_u_m0_v0_i1_b1000_r5,2026-05,1433.83,-250.15,-17.446280242427626,1183.6799999999998,12
lcv28_u_m0_v0_i1_b1000_r5,2026-06,1183.6799999999998,-115.3,-9.74080832657475,1068.3799999999999,5
lcv28_u_m0_v0_i1_b1000_r5,2026-07,1068.3799999999999,-211.30000000000004,-19.777607218405443,857.0799999999998,11
lcv28_u_m0_v0_i1_b1000_r5,2026-08,857.0799999999998,62.67999999999999,7.313202968217671,919.7599999999998,5
lcv28_u_m0_v0_i1_b3000_r0,2026-01,3000.0,0.8000000000000002,0.026666666666666672,3000.8,9
lcv28_u_m0_v0_i1_b3000_r0,2026-02,3000.8,16.730000000000004,0.5575179952012798,3017.53,7
lcv28_u_m0_v0_i1_b3000_r0,2026-03,3017.53,5.920000000000001,0.19618694760284075,3023.4500000000003,2
lcv28_u_m0_v0_i1_b3000_r0,2026-04,3023.4500000000003,18.6,0.615191255023235,3042.05,10
lcv28_u_m0_v0_i1_b3000_r0,2026-05,3042.05,-21.880000000000003,-0.7192518203185352,3020.17,12
lcv28_u_m0_v0_i1_b3000_r0,2026-06,3020.17,-15.28,-0.5059317852968541,3004.89,5
lcv28_u_m0_v0_i1_b3000_r0,2026-07,3004.89,-26.83,-0.8928779422874048,2978.06,11
lcv28_u_m0_v0_i1_b3000_r0,2026-08,2978.06,4.38,0.14707561298294863,2982.44,5
lcv28_u_m0_v0_i1_b3000_r1,2026-01,3000.0,-29.349999999999987,-0.9783333333333329,2970.65,9
lcv28_u_m0_v0_i1_b3000_r1,2026-02,2970.65,123.77000000000001,4.166428222779526,3094.42,7
lcv28_u_m0_v0_i1_b3000_r1,2026-03,3094.42,35.16,1.1362387781878347,3129.58,2
lcv28_u_m0_v0_i1_b3000_r1,2026-04,3129.58,107.35,3.430172738833965,3236.93,10
lcv28_u_m0_v0_i1_b3000_r1,2026-05,3236.93,-119.12,-3.680030152026766,3117.81,12
lcv28_u_m0_v0_i1_b3000_r1,2026-06,3117.81,-61.55,-1.9741421061578481,3056.2599999999998,5
lcv28_u_m0_v0_i1_b3000_r1,2026-07,3056.2599999999998,-128.36999999999998,-4.200231655683743,2927.89,11
lcv28_u_m0_v0_i1_b3000_r1,2026-08,2927.89,42.63,1.4559973223037752,2970.52,5
lcv28_u_m0_v0_i1_b3000_r2,2026-01,3000.0,-58.83999999999999,-1.961333333333333,2941.16,9
lcv28_u_m0_v0_i1_b3000_r2,2026-02,2941.16,248.14,8.436807246120578,3189.2999999999997,7
lcv28_u_m0_v0_i1_b3000_r2,2026-03,3189.2999999999997,71.41,2.2390493211676543,3260.7099999999996,2
lcv28_u_m0_v0_i1_b3000_r2,2026-04,3260.7099999999996,226.07000000000002,6.933152595600347,3486.7799999999997,10
lcv28_u_m0_v0_i1_b3000_r2,2026-05,3486.7799999999997,-253.77999999999997,-7.278348504924313,3233.0,12
lcv28_u_m0_v0_i1_b3000_r2,2026-06,3233.0,-127.73,-3.9508196721311477,3105.27,5
lcv28_u_m0_v0_i1_b3000_r2,2026-07,3105.27,-258.28000000000003,-8.317473198787868,2846.99,11
lcv28_u_m0_v0_i1_b3000_r2,2026-08,2846.99,83.07000000000001,2.9178184679257746,2930.06,5
lcv28_u_m0_v0_i1_b3000_r3,2026-01,3000.0,-89.24999999999999,-2.9749999999999996,2910.75,9
lcv28_u_m0_v0_i1_b3000_r3,2026-02,2910.75,373.0400000000001,12.81594090870051,3283.79,7
lcv28_u_m0_v0_i1_b3000_r3,2026-03,3283.79,108.61999999999999,3.3077632857155903,3392.41,2
lcv28_u_m0_v0_i1_b3000_r3,2026-04,3392.41,357.21999999999997,10.529977213839128,3749.6299999999997,10
lcv28_u_m0_v0_i1_b3000_r3,2026-05,3749.6299999999997,-403.64,-10.764795459818703,3345.99,12
lcv28_u_m0_v0_i1_b3000_r3,2026-06,3345.99,-197.85,-5.913048156151095,3148.14,5
lcv28_u_m0_v0_i1_b3000_r3,2026-07,3148.14,-386.52,-12.277725895290551,2761.62,11
lcv28_u_m0_v0_i1_b3000_r3,2026-08,2761.62,121.11,4.3854693983965936,2882.73,5
lcv28_u_m0_v0_i1_b3000_r4,2026-01,3000.0,-120.82,-4.027333333333333,2879.18,9
lcv28_u_m0_v0_i1_b3000_r4,2026-02,2879.18,497.23999999999995,17.270194986072422,3376.4199999999996,7
lcv28_u_m0_v0_i1_b3000_r4,2026-03,3376.4199999999996,147.23000000000002,4.360535715343471,3523.6499999999996,2
lcv28_u_m0_v0_i1_b3000_r4,2026-04,3523.6499999999996,499.05000000000007,14.162870886722578,4022.7,10
lcv28_u_m0_v0_i1_b3000_r4,2026-05,4022.7,-569.73,-14.16287568051309,3452.97,12
lcv28_u_m0_v0_i1_b3000_r4,2026-06,3452.97,-271.04,-7.849474510349062,3181.93,5
lcv28_u_m0_v0_i1_b3000_r4,2026-07,3181.93,-512.8599999999999,-16.11789071412633,2669.0699999999997,11
lcv28_u_m0_v0_i1_b3000_r4,2026-08,2669.0699999999997,156.23999999999998,5.853724330946735,2825.3099999999995,5
lcv28_u_m0_v0_i1_b3000_r5,2026-01,3000.0,-152.74000000000007,-5.091333333333335,2847.2599999999998,9
lcv28_u_m0_v0_i1_b3000_r5,2026-02,2847.2599999999998,621.53,21.829056707150034,3468.79,7
lcv28_u_m0_v0_i1_b3000_r5,2026-03,3468.79,186.5,5.376514577129201,3655.29,2
lcv28_u_m0_v0_i1_b3000_r5,2026-04,3655.29,652.9599999999999,17.863425336977365,4308.25,10
lcv28_u_m0_v0_i1_b3000_r5,2026-05,4308.25,-752.46,-17.46556026228747,3555.79,12
lcv28_u_m0_v0_i1_b3000_r5,2026-06,3555.79,-347.06,-9.760418922377307,3208.73,5
lcv28_u_m0_v0_i1_b3000_r5,2026-07,3208.73,-636.1199999999999,-19.824665833522918,2572.61,11
lcv28_u_m0_v0_i1_b3000_r5,2026-08,2572.61,188.45,7.325245567730825,2761.06,5
lcv28_u_m0_v1_i0_b500_r0,2026-01,500.0,18.610000000000003,3.7220000000000004,518.61,5
lcv28_u_m0_v1_i0_b500_r0,2026-02,518.61,-7.01,-1.3516900946761536,511.6,0
lcv28_u_m0_v1_i0_b500_r0,2026-03,511.6,12.47,2.4374511336982017,524.07,1
lcv28_u_m0_v1_i0_b500_r0,2026-04,524.07,-3.9600000000000004,-0.7556242486690709,520.11,4
lcv28_u_m0_v1_i0_b500_r0,2026-05,520.11,1.6700000000000017,0.32108592413143405,521.78,5
lcv28_u_m0_v1_i0_b500_r0,2026-06,521.78,-21.34,-4.08984629537353,500.44,3
lcv28_u_m0_v1_i0_b500_r0,2026-07,500.44,5.3900000000000015,1.0770521940692195,505.83,3
lcv28_u_m0_v1_i0_b500_r0,2026-08,505.83,1.7999999999999998,0.3558507799062926,507.63,1
lcv28_u_m0_v1_i0_b500_r1,2026-01,500.0,8.899999999999999,1.7799999999999996,508.9,3
lcv28_u_m0_v1_i0_b500_r1,2026-02,508.9,0.0,0.0,508.9,0
lcv28_u_m0_v1_i0_b500_r1,2026-03,508.9,0.0,0.0,508.9,0
lcv28_u_m0_v1_i0_b500_r1,2026-04,508.9,0.0,0.0,508.9,0
lcv28_u_m0_v1_i0_b500_r1,2026-05,508.9,-7.129999999999997,-1.4010611122027898,501.77,4
lcv28_u_m0_v1_i0_b500_r1,2026-06,501.77,0.0,0.0,501.77,0
lcv28_u_m0_v1_i0_b500_r1,2026-07,501.77,8.21,1.6362078243019713,509.97999999999996,2
lcv28_u_m0_v1_i0_b500_r1,2026-08,509.97999999999996,2.32,0.45491980077650107,512.3,1
lcv28_u_m0_v1_i0_b500_r2,2026-01,500.0,34.68000000000001,6.936000000000002,534.6800000000001,5
lcv28_u_m0_v1_i0_b500_r2,2026-02,534.6800000000001,-11.530000000000001,-2.1564300142141093,523.1500000000001,0
lcv28_u_m0_v1_i0_b500_r2,2026-03,523.1500000000001,24.049999999999997,4.59715186848896,547.2,1
lcv28_u_m0_v1_i0_b500_r2,2026-04,547.2,-5.42,-0.9904970760233917,541.7800000000001,4
lcv28_u_m0_v1_i0_b500_r2,2026-05,541.7800000000001,3.860000000000001,0.7124663147403006,545.6400000000001,5
lcv28_u_m0_v1_i0_b500_r2,2026-06,545.6400000000001,-21.24,-3.892676489993401,524.4000000000001,2
lcv28_u_m0_v1_i0_b500_r2,2026-07,524.4000000000001,12.760000000000002,2.433257055682685,537.1600000000001,3
lcv28_u_m0_v1_i0_b500_r2,2026-08,537.1600000000001,4.880000000000001,0.9084816442028446,542.0400000000001,1
lcv28_u_m0_v1_i0_b500_r3,2026-01,500.0,52.220000000000006,10.444,552.22,5
lcv28_u_m0_v1_i0_b500_r3,2026-02,552.22,-18.54,-3.357357574879577,533.6800000000001,0
lcv28_u_m0_v1_i0_b500_r3,2026-03,533.6800000000001,37.410000000000004,7.0098186178983655,571.09,1
lcv28_u_m0_v1_i0_b500_r3,2026-04,571.09,-8.84,-1.5479171409059866,562.25,4
lcv28_u_m0_v1_i0_b500_r3,2026-05,562.25,5.6399999999999935,1.0031124944419731,567.89,5
lcv28_u_m0_v1_i0_b500_r3,2026-06,567.89,-42.900000000000006,-7.554279878145417,524.99,3
lcv28_u_m0_v1_i0_b500_r3,2026-07,524.99,19.32,3.6800700965732682,544.3100000000001,3
lcv28_u_m0_v1_i0_b500_r3,2026-08,544.3100000000001,7.45,1.3687053333578292,551.7600000000001,1
lcv28_u_m0_v1_i0_b500_r4,2026-01,500.0,67.88999999999999,13.577999999999998,567.89,5
lcv28_u_m0_v1_i0_b500_r4,2026-02,567.89,-25.049999999999997,-4.411065523252742,542.84,0
lcv28_u_m0_v1_i0_b500_r4,2026-03,542.84,50.77,9.352663768329526,593.61,1
lcv28_u_m0_v1_i0_b500_r4,2026-04,593.61,-12.26,-2.065329088121831,581.35,4
lcv28_u_m0_v1_i0_b500_r4,2026-05,581.35,6.780000000000001,1.166250967575471,588.13,5
lcv28_u_m0_v1_i0_b500_r4,2026-06,588.13,-58.75000000000001,-9.98928808256678,529.38,3
lcv28_u_m0_v1_i0_b500_r4,2026-07,529.38,26.060000000000002,4.922739808832975,555.44,3
lcv28_u_m0_v1_i0_b500_r4,2026-08,555.44,10.15,1.8273800950597723,565.59,1
lcv28_u_m0_v1_i0_b500_r5,2026-01,500.0,84.0,16.8,584.0,5
lcv28_u_m0_v1_i0_b500_r5,2026-02,584.0,-32.56,-5.575342465753425,551.44,0
lcv28_u_m0_v1_i0_b500_r5,2026-03,551.44,64.13,11.629551719135353,615.57,1
lcv28_u_m0_v1_i0_b500_r5,2026-04,615.57,-15.99,-2.597592475266826,599.58,4
lcv28_u_m0_v1_i0_b500_r5,2026-05,599.58,7.3600000000000065,1.2275259348210423,606.94,5
lcv28_u_m0_v1_i0_b500_r5,2026-06,606.94,-75.59,-12.454278841401125,531.35,3
lcv28_u_m0_v1_i0_b500_r5,2026-07,531.35,32.99999999999999,6.2105956525830415,564.35,3
lcv28_u_m0_v1_i0_b500_r5,2026-08,564.35,12.85,2.2769557898467263,577.2,1
lcv28_u_m0_v1_i0_b1000_r0,2026-01,1000.0,18.610000000000003,1.8610000000000002,1018.61,5
lcv28_u_m0_v1_i0_b1000_r0,2026-02,1018.61,-7.01,-0.6881927332345058,1011.6,0
lcv28_u_m0_v1_i0_b1000_r0,2026-03,1011.6,12.47,1.2327006722024516,1024.07,1
lcv28_u_m0_v1_i0_b1000_r0,2026-04,1024.07,-3.9600000000000004,-0.38669231595496406,1020.1099999999999,4
lcv28_u_m0_v1_i0_b1000_r0,2026-05,1020.1099999999999,1.6700000000000017,0.16370783542951267,1021.7799999999999,5
lcv28_u_m0_v1_i0_b1000_r0,2026-06,1021.7799999999999,-21.34,-2.088512204192684,1000.4399999999998,3
lcv28_u_m0_v1_i0_b1000_r0,2026-07,1000.4399999999998,5.3900000000000015,0.5387629443045063,1005.8299999999998,3
lcv28_u_m0_v1_i0_b1000_r0,2026-08,1005.8299999999998,1.7999999999999998,0.17895668254078723,1007.6299999999998,1
lcv28_u_m0_v1_i0_b1000_r1,2026-01,1000.0,34.42,3.4419999999999997,1034.42,5
lcv28_u_m0_v1_i0_b1000_r1,2026-02,1034.42,-11.530000000000001,-1.1146342878134607,1022.8900000000001,0
lcv28_u_m0_v1_i0_b1000_r1,2026-03,1022.8900000000001,24.049999999999997,2.351181456461594,1046.94,1
lcv28_u_m0_v1_i0_b1000_r1,2026-04,1046.94,-5.41,-0.51674403499723,1041.53,4
lcv28_u_m0_v1_i0_b1000_r1,2026-05,1041.53,4.140000000000006,0.39749215097020785,1045.67,5
lcv28_u_m0_v1_i0_b1000_r1,2026-06,1045.67,-20.189999999999998,-1.9308194745952352,1025.48,2
lcv28_u_m0_v1_i0_b1000_r1,2026-07,1025.48,12.37,1.2062643835082107,1037.85,3
lcv28_u_m0_v1_i0_b1000_r1,2026-08,1037.85,4.75,0.4576769282651636,1042.6,1
lcv28_u_m0_v1_i0_b1000_r2,2026-01,1000.0,69.69,6.969,1069.69,5
lcv28_u_m0_v1_i0_b1000_r2,2026-02,1069.69,-24.05,-2.248314932363582,1045.64,0
lcv28_u_m0_v1_i0_b1000_r2,2026-03,1045.64,48.98,4.684212539688612,1094.6200000000001,1
lcv28_u_m0_v1_i0_b1000_r2,2026-04,1094.6200000000001,-11.120000000000001,-1.0158776561729184,1083.5000000000002,4
lcv28_u_m0_v1_i0_b1000_r2,2026-05,1083.5000000000002,8.020000000000003,0.7401938163359484,1091.5200000000002,5
lcv28_u_m0_v1_i0_b1000_r2,2026-06,1091.5200000000002,-55.620000000000005,-5.095646437994723,1035.9,3
lcv28_u_m0_v1_i0_b1000_r2,2026-07,1035.9,25.71,2.4818997972777295,1061.6100000000001,3
lcv28_u_m0_v1_i0_b1000_r2,2026-08,1061.6100000000001,9.64,0.9080547470351635,1071.2500000000002,1
lcv28_u_m0_v1_i0_b1000_r3,2026-01,1000.0,104.14,10.414,1104.14,5
lcv28_u_m0_v1_i0_b1000_r3,2026-02,1104.14,-37.08,-3.3582697846287606,1067.0600000000002,0
lcv28_u_m0_v1_i0_b1000_r3,2026-03,1067.0600000000002,74.81,7.010852248233462,1141.8700000000001,1
lcv28_u_m0_v1_i0_b1000_r3,2026-04,1141.8700000000001,-17.669999999999998,-1.5474616199742526,1124.2,4
lcv28_u_m0_v1_i0_b1000_r3,2026-05,1124.2,11.36,1.0104963529621065,1135.56,5
lcv28_u_m0_v1_i0_b1000_r3,2026-06,1135.56,-86.28999999999999,-7.598893937792807,1049.27,3
lcv28_u_m0_v1_i0_b1000_r3,2026-07,1049.27,39.029999999999994,3.7197289544159267,1088.3,3
lcv28_u_m0_v1_i0_b1000_r3,2026-08,1088.3,14.899999999999999,1.3691077827804832,1103.2,1
lcv28_u_m0_v1_i0_b1000_r4,2026-01,1000.0,136.65999999999997,13.665999999999997,1136.6599999999999,5
lcv28_u_m0_v1_i0_b1000_r4,2026-02,1136.6599999999999,-51.1,-4.495627540337481,1085.56,0
lcv28_u_m0_v1_i0_b1000_r4,2026-03,1085.56,101.54,9.353697630715944,1187.1,1
lcv28_u_m0_v1_i0_b1000_r4,2026-04,1187.1,-24.53,-2.0663802544014827,1162.57,4
lcv28_u_m0_v1_i0_b1000_r4,2026-05,1162.57,13.090000000000003,1.1259537060134017,1175.6599999999999,5
lcv28_u_m0_v1_i0_b1000_r4,2026-06,1175.6599999999999,-118.5,-10.079444737424087,1057.1599999999999,3
lcv28_u_m0_v1_i0_b1000_r4,2026-07,1057.1599999999999,52.54000000000002,4.969919406712326,1109.6999999999998,3
lcv28_u_m0_v1_i0_b1000_r4,2026-08,1109.6999999999998,20.3,1.829323240515455,1129.9999999999998,1
lcv28_u_m0_v1_i0_b1000_r5,2026-01,1000.0,168.71,16.871,1168.71,5
lcv28_u_m0_v1_i0_b1000_r5,2026-02,1168.71,-65.64,-5.616448905203172,1103.07,0
lcv28_u_m0_v1_i0_b1000_r5,2026-03,1103.07,129.15,11.708232478446519,1232.22,1
lcv28_u_m0_v1_i0_b1000_r5,2026-04,1232.22,-31.92,-2.5904465111749526,1200.3,4
lcv28_u_m0_v1_i0_b1000_r5,2026-05,1200.3,14.54000000000002,1.2113638257102408,1214.84,5
lcv28_u_m0_v1_i0_b1000_r5,2026-06,1214.84,-152.22,-12.530045108820914,1062.62,3
lcv28_u_m0_v1_i0_b1000_r5,2026-07,1062.62,65.82,6.19412395776477,1128.4399999999998,3
lcv28_u_m0_v1_i0_b1000_r5,2026-08,1128.4399999999998,25.830000000000005,2.2890007443904867,1154.2699999999998,1
lcv28_u_m0_v1_i0_b3000_r0,2026-01,3000.0,18.610000000000003,0.6203333333333334,3018.61,5
lcv28_u_m0_v1_i0_b3000_r0,2026-02,3018.61,-7.01,-0.23222609081663412,3011.6,0
lcv28_u_m0_v1_i0_b3000_r0,2026-03,3011.6,12.47,0.41406561296320893,3024.0699999999997,1
lcv28_u_m0_v1_i0_b3000_r0,2026-04,3024.0699999999997,-3.9600000000000004,-0.1309493497174338,3020.1099999999997,4
lcv28_u_m0_v1_i0_b3000_r0,2026-05,3020.1099999999997,1.6700000000000017,0.05529599915234882,3021.7799999999997,5
lcv28_u_m0_v1_i0_b3000_r0,2026-06,3021.7799999999997,-21.34,-0.7062062757712343,3000.4399999999996,3
lcv28_u_m0_v1_i0_b3000_r0,2026-07,3000.4399999999996,5.3900000000000015,0.17964031941981848,3005.8299999999995,3
lcv28_u_m0_v1_i0_b3000_r0,2026-08,3005.8299999999995,1.7999999999999998,0.05988362615317567,3007.6299999999997,1
lcv28_u_m0_v1_i0_b3000_r1,2026-01,3000.0,105.75999999999998,3.5253333333333323,3105.7599999999998,5
lcv28_u_m0_v1_i0_b3000_r1,2026-02,3105.7599999999998,-34.57,-1.1130930915460306,3071.1899999999996,0
lcv28_u_m0_v1_i0_b3000_r1,2026-03,3071.1899999999996,72.14,2.348926637557429,3143.3299999999995,1
lcv28_u_m0_v1_i0_b3000_r1,2026-04,3143.3299999999995,-16.250000000000004,-0.5169676744089868,3127.0799999999995,4
lcv28_u_m0_v1_i0_b3000_r1,2026-05,3127.0799999999995,12.380000000000017,0.3958964912953944,3139.4599999999996,5
lcv28_u_m0_v1_i0_b3000_r1,2026-06,3139.4599999999996,-81.14999999999999,-2.5848394309849465,3058.3099999999995,3
lcv28_u_m0_v1_i0_b3000_r1,2026-07,3058.3099999999995,38.31999999999999,1.2529795867652396,3096.6299999999997,3
lcv28_u_m0_v1_i0_b3000_r1,2026-08,3096.6299999999997,14.129999999999999,0.4563024965849973,3110.7599999999998,1
lcv28_u_m0_v1_i0_b3000_r2,2026-01,3000.0,209.68,6.989333333333334,3209.68,5
lcv28_u_m0_v1_i0_b3000_r2,2026-02,3209.68,-72.15,-2.2478876398893353,3137.5299999999997,0
lcv28_u_m0_v1_i0_b3000_r2,2026-03,3137.5299999999997,146.95,4.683620555022581,3284.4799999999996,1
lcv28_u_m0_v1_i0_b3000_r2,2026-04,3284.4799999999996,-33.93000000000001,-1.0330402377240846,3250.5499999999997,4
lcv28_u_m0_v1_i0_b3000_r2,2026-05,3250.5499999999997,23.489999999999995,0.7226469366722553,3274.0399999999995,5
lcv28_u_m0_v1_i0_b3000_r2,2026-06,3274.0399999999995,-168.45,-5.145019608801359,3105.5899999999997,3
lcv28_u_m0_v1_i0_b3000_r2,2026-07,3105.5899999999997,77.13999999999999,2.4839080496781607,3182.7299999999996,3
lcv28_u_m0_v1_i0_b3000_r2,2026-08,3182.7299999999996,29.18,0.916822979014871,3211.9099999999994,1
lcv28_u_m0_v1_i0_b3000_r3,2026-01,3000.0,311.05,10.368333333333334,3311.05,5
lcv28_u_m0_v1_i0_b3000_r3,2026-02,3311.05,-111.24000000000001,-3.3596593225713898,3199.8100000000004,0
lcv28_u_m0_v1_i0_b3000_r3,2026-03,3199.8100000000004,225.33,7.04198061759917,3425.1400000000003,1
lcv28_u_m0_v1_i0_b3000_r3,2026-04,3425.1400000000003,-53.31,-1.5564327297570317,3371.8300000000004,4
lcv28_u_m0_v1_i0_b3000_r3,2026-05,3371.8300000000004,32.15999999999997,0.9537847400373081,3403.9900000000002,5
lcv28_u_m0_v1_i0_b3000_r3,2026-06,3403.9900000000002,-260.37,-7.648964891201207,3143.6200000000003,3
lcv28_u_m0_v1_i0_b3000_r3,2026-07,3143.6200000000003,117.49999999999999,3.737729114842124,3261.1200000000003,3
lcv28_u_m0_v1_i0_b3000_r3,2026-08,3261.1200000000003,44.85,1.3752943773918163,3305.9700000000003,1
lcv28_u_m0_v1_i0_b3000_r4,2026-01,3000.0,410.96999999999997,13.699,3410.97,5
lcv28_u_m0_v1_i0_b3000_r4,2026-02,3410.97,-153.32,-4.494909072785747,3257.6499999999996,0
lcv28_u_m0_v1_i0_b3000_r4,2026-03,3257.6499999999996,306.38,9.404939143247434,3564.0299999999997,1
lcv28_u_m0_v1_i0_b3000_r4,2026-04,3564.0299999999997,-74.11,-2.0793876594753695,3489.9199999999996,4
lcv28_u_m0_v1_i0_b3000_r4,2026-05,3489.9199999999996,38.650000000000006,1.1074752429855128,3528.5699999999997,5
lcv28_u_m0_v1_i0_b3000_r4,2026-06,3528.5699999999997,-356.95,-10.115995998378947,3171.62,3
lcv28_u_m0_v1_i0_b3000_r4,2026-07,3171.62,157.79,4.975060063942086,3329.41,3
lcv28_u_m0_v1_i0_b3000_r4,2026-08,3329.41,61.05,1.8336582157199022,3390.46,1
lcv28_u_m0_v1_i0_b3000_r5,2026-01,3000.0,508.36000000000007,16.945333333333334,3508.36,5
lcv28_u_m0_v1_i0_b3000_r5,2026-02,3508.36,-196.91,-5.612593918526035,3311.4500000000003,0
lcv28_u_m0_v1_i0_b3000_r5,2026-03,3311.4500000000003,389.21,11.75346147458062,3700.6600000000003,1
lcv28_u_m0_v1_i0_b3000_r5,2026-04,3700.6600000000003,-96.07,-2.596023412040014,3604.59,4
lcv28_u_m0_v1_i0_b3000_r5,2026-05,3604.59,43.16999999999996,1.197639676079664,3647.76,5
lcv28_u_m0_v1_i0_b3000_r5,2026-06,3647.76,-458.17999999999995,-12.560585126214441,3189.5800000000004,3
lcv28_u_m0_v1_i0_b3000_r5,2026-07,3189.5800000000004,198.23,6.214924849039685,3387.8100000000004,3
lcv28_u_m0_v1_i0_b3000_r5,2026-08,3387.8100000000004,77.61999999999999,2.291155643321201,3465.4300000000003,1
lcv28_u_m0_v1_i1_b500_r0,2026-01,500.0,4.41,0.882,504.41,3
lcv28_u_m0_v1_i1_b500_r0,2026-02,504.41,0.0,0.0,504.41,0
lcv28_u_m0_v1_i1_b500_r0,2026-03,504.41,10.15,2.012251937907654,514.5600000000001,1
lcv28_u_m0_v1_i1_b500_r0,2026-04,514.5600000000001,7.15,1.3895366915422884,521.71,2
lcv28_u_m0_v1_i1_b500_r0,2026-05,521.71,-1.94,-0.37185409518698126,519.77,1
lcv28_u_m0_v1_i1_b500_r0,2026-06,519.77,-7.38,-1.4198587836927872,512.39,1
lcv28_u_m0_v1_i1_b500_r0,2026-07,512.39,-1.7399999999999998,-0.339585081676067,510.65,2
lcv28_u_m0_v1_i1_b500_r0,2026-08,510.65,0.0,0.0,510.65,0
lcv28_u_m0_v1_i1_b500_r1,2026-01,500.0,-4.7299999999999995,-0.946,495.27,2
lcv28_u_m0_v1_i1_b500_r1,2026-02,495.27,0.0,0.0,495.27,0
lcv28_u_m0_v1_i1_b500_r1,2026-03,495.27,0.0,0.0,495.27,0
lcv28_u_m0_v1_i1_b500_r1,2026-04,495.27,0.0,0.0,495.27,0
lcv28_u_m0_v1_i1_b500_r1,2026-05,495.27,0.0,0.0,495.27,0
lcv28_u_m0_v1_i1_b500_r1,2026-06,495.27,0.0,0.0,495.27,0
lcv28_u_m0_v1_i1_b500_r1,2026-07,495.27,1.08,0.2180628747955661,496.34999999999997,1
lcv28_u_m0_v1_i1_b500_r1,2026-08,496.34999999999997,0.0,0.0,496.34999999999997,0
lcv28_u_m0_v1_i1_b500_r2,2026-01,500.0,0.47999999999999865,0.09599999999999972,500.48,3
lcv28_u_m0_v1_i1_b500_r2,2026-02,500.48,0.0,0.0,500.48,0
lcv28_u_m0_v1_i1_b500_r2,2026-03,500.48,18.849999999999998,3.766384271099744,519.33,1
lcv28_u_m0_v1_i1_b500_r2,2026-04,519.33,10.1,1.9448135097144394,529.4300000000001,2
lcv28_u_m0_v1_i1_b500_r2,2026-05,529.4300000000001,-2.08,-0.39287535651549776,527.35,1
lcv28_u_m0_v1_i1_b500_r2,2026-06,527.35,-10.54,-1.998672608324642,516.8100000000001,1
lcv28_u_m0_v1_i1_b500_r2,2026-07,516.8100000000001,-2.2999999999999994,-0.4450378282153981,514.5100000000001,2
lcv28_u_m0_v1_i1_b500_r2,2026-08,514.5100000000001,0.0,0.0,514.5100000000001,0
lcv28_u_m0_v1_i1_b500_r3,2026-01,500.0,0.7200000000000006,0.14400000000000013,500.72,3
lcv28_u_m0_v1_i1_b500_r3,2026-02,500.72,0.0,0.0,500.72,0
lcv28_u_m0_v1_i1_b500_r3,2026-03,500.72,28.279999999999998,5.647867071417158,529.0,1
lcv28_u_m0_v1_i1_b500_r3,2026-04,529.0,15.610000000000003,2.9508506616257093,544.61,2
lcv28_u_m0_v1_i1_b500_r3,2026-05,544.61,-3.32,-0.6096105469969335,541.29,1
lcv28_u_m0_v1_i1_b500_r3,2026-06,541.29,-15.799999999999999,-2.918952871843189,525.49,1
lcv28_u_m0_v1_i1_b500_r3,2026-07,525.49,-3.5500000000000003,-0.6755599535671469,521.94,2
lcv28_u_m0_v1_i1_b500_r3,2026-08,521.94,0.0,0.0,521.94,0
lcv28_u_m0_v1_i1_b500_r4,2026-01,500.0,0.9999999999999964,0.19999999999999932,501.0,3
lcv28_u_m0_v1_i1_b500_r4,2026-02,501.0,0.0,0.0,501.0,0
lcv28_u_m0_v1_i1_b500_r4,2026-03,501.0,38.42,7.668662674650699,539.42,1
lcv28_u_m0_v1_i1_b500_r4,2026-04,539.42,21.229999999999997,3.9357087241852358,560.65,2
lcv28_u_m0_v1_i1_b500_r4,2026-05,560.65,-4.56,-0.8133416570052617,556.09,1
lcv28_u_m0_v1_i1_b500_r4,2026-06,556.09,-22.12,-3.9777733820065095,533.97,1
lcv28_u_m0_v1_i1_b500_r4,2026-07,533.97,-4.65,-0.8708354401932693,529.32,2
lcv28_u_m0_v1_i1_b500_r4,2026-08,529.32,0.0,0.0,529.32,0
lcv28_u_m0_v1_i1_b500_r5,2026-01,500.0,1.0500000000000007,0.21000000000000016,501.05,3
lcv28_u_m0_v1_i1_b500_r5,2026-02,501.05,0.0,0.0,501.05,0
lcv28_u_m0_v1_i1_b500_r5,2026-03,501.05,47.86,9.551940924059474,548.91,1
lcv28_u_m0_v1_i1_b500_r5,2026-04,548.91,27.35,4.982601883733217,576.26,2
lcv28_u_m0_v1_i1_b500_r5,2026-05,576.26,-5.8,-1.0064901259847985,570.46,1
lcv28_u_m0_v1_i1_b500_r5,2026-06,570.46,-28.44,-4.985450338323458,542.02,1
lcv28_u_m0_v1_i1_b500_r5,2026-07,542.02,-6.029999999999999,-1.1125050736135198,535.99,2
lcv28_u_m0_v1_i1_b500_r5,2026-08,535.99,0.0,0.0,535.99,0
lcv28_u_m0_v1_i1_b1000_r0,2026-01,1000.0,4.41,0.441,1004.41,3
lcv28_u_m0_v1_i1_b1000_r0,2026-02,1004.41,0.0,0.0,1004.41,0
lcv28_u_m0_v1_i1_b1000_r0,2026-03,1004.41,10.15,1.0105435031511036,1014.56,1
lcv28_u_m0_v1_i1_b1000_r0,2026-04,1014.56,7.15,0.704739000157704,1021.7099999999999,2
lcv28_u_m0_v1_i1_b1000_r0,2026-05,1021.7099999999999,-1.94,-0.18987775396149595,1019.7699999999999,1
lcv28_u_m0_v1_i1_b1000_r0,2026-06,1019.7699999999999,-7.38,-0.723692597350383,1012.3899999999999,1
lcv28_u_m0_v1_i1_b1000_r0,2026-07,1012.3899999999999,-1.7399999999999998,-0.17187052420509882,1010.6499999999999,2
lcv28_u_m0_v1_i1_b1000_r0,2026-08,1010.6499999999999,0.0,0.0,1010.6499999999999,0
lcv28_u_m0_v1_i1_b1000_r1,2026-01,1000.0,0.47999999999999865,0.04799999999999986,1000.48,3
lcv28_u_m0_v1_i1_b1000_r1,2026-02,1000.48,0.0,0.0,1000.48,0
lcv28_u_m0_v1_i1_b1000_r1,2026-03,1000.48,18.849999999999998,1.8840956340956339,1019.33,1
lcv28_u_m0_v1_i1_b1000_r1,2026-04,1019.33,9.98,0.9790744901062463,1029.31,2
lcv28_u_m0_v1_i1_b1000_r1,2026-05,1029.31,-2.08,-0.20207711962382569,1027.23,1
lcv28_u_m0_v1_i1_b1000_r1,2026-06,1027.23,-10.0,-0.9734918178012715,1017.23,1
lcv28_u_m0_v1_i1_b1000_r1,2026-07,1017.23,-2.18,-0.2143074820836979,1015.0500000000001,2
lcv28_u_m0_v1_i1_b1000_r1,2026-08,1015.0500000000001,0.0,0.0,1015.0500000000001,0
lcv28_u_m0_v1_i1_b1000_r2,2026-01,1000.0,1.4799999999999969,0.1479999999999997,1001.48,3
lcv28_u_m0_v1_i1_b1000_r2,2026-02,1001.48,0.0,0.0,1001.48,0
lcv28_u_m0_v1_i1_b1000_r2,2026-03,1001.48,37.7,3.7644286456045055,1039.18,1
lcv28_u_m0_v1_i1_b1000_r2,2026-04,1039.18,20.6,1.9823322234839007,1059.78,2
lcv28_u_m0_v1_i1_b1000_r2,2026-05,1059.78,-4.29,-0.404800996433222,1055.49,1
lcv28_u_m0_v1_i1_b1000_r2,2026-06,1055.49,-21.07,-1.9962292395001375,1034.42,1
lcv28_u_m0_v1_i1_b1000_r2,2026-07,1034.42,-4.6099999999999985,-0.4456603700624503,1029.8100000000002,2
lcv28_u_m0_v1_i1_b1000_r2,2026-08,1029.8100000000002,0.0,0.0,1029.8100000000002,0
lcv28_u_m0_v1_i1_b1000_r3,2026-01,1000.0,1.7800000000000011,0.17800000000000013,1001.78,3
lcv28_u_m0_v1_i1_b1000_r3,2026-02,1001.78,0.0,0.0,1001.78,0
lcv28_u_m0_v1_i1_b1000_r3,2026-03,1001.78,57.28,5.717822276348101,1059.06,1
lcv28_u_m0_v1_i1_b1000_r3,2026-04,1059.06,31.340000000000003,2.9592279946367537,1090.3999999999999,2
lcv28_u_m0_v1_i1_b1000_r3,2026-05,1090.3999999999999,-6.64,-0.6089508437270728,1083.7599999999998,1
lcv28_u_m0_v1_i1_b1000_r3,2026-06,1083.7599999999998,-32.129999999999995,-2.964678526611058,1051.6299999999997,1
lcv28_u_m0_v1_i1_b1000_r3,2026-07,1051.6299999999997,-7.0200000000000005,-0.667535159704459,1044.6099999999997,2
lcv28_u_m0_v1_i1_b1000_r3,2026-08,1044.6099999999997,0.0,0.0,1044.6099999999997,0
lcv28_u_m0_v1_i1_b1000_r4,2026-01,1000.0,2.3299999999999983,0.23299999999999982,1002.33,3
lcv28_u_m0_v1_i1_b1000_r4,2026-02,1002.33,0.0,0.0,1002.33,0
lcv28_u_m0_v1_i1_b1000_r4,2026-03,1002.33,76.86,7.668133249528599,1079.19,1
lcv28_u_m0_v1_i1_b1000_r4,2026-04,1079.19,42.97,3.9816899711820897,1122.16,2
lcv28_u_m0_v1_i1_b1000_r4,2026-05,1122.16,-9.12,-0.8127183289370498,1113.0400000000002,1
lcv28_u_m0_v1_i1_b1000_r4,2026-06,1113.0400000000002,-44.24,-3.9746999209372524,1068.8000000000002,1
lcv28_u_m0_v1_i1_b1000_r4,2026-07,1068.8000000000002,-9.5,-0.8888473053892214,1059.3000000000002,2
lcv28_u_m0_v1_i1_b1000_r4,2026-08,1059.3000000000002,0.0,0.0,1059.3000000000002,0
lcv28_u_m0_v1_i1_b1000_r5,2026-01,1000.0,2.0999999999999943,0.2099999999999994,1002.1,3
lcv28_u_m0_v1_i1_b1000_r5,2026-02,1002.1,0.0,0.0,1002.1,0
lcv28_u_m0_v1_i1_b1000_r5,2026-03,1002.1,95.7,9.549945115257959,1097.8,1
lcv28_u_m0_v1_i1_b1000_r5,2026-04,1097.8,54.72,4.98451448351248,1152.52,2
lcv28_u_m0_v1_i1_b1000_r5,2026-05,1152.52,-11.76,-1.020372748412175,1140.76,1
lcv28_u_m0_v1_i1_b1000_r5,2026-06,1140.76,-56.88,-4.986149584487535,1083.8799999999999,1
lcv28_u_m0_v1_i1_b1000_r5,2026-07,1083.8799999999999,-12.159999999999998,-1.1218954127763219,1071.7199999999998,2
lcv28_u_m0_v1_i1_b1000_r5,2026-08,1071.7199999999998,0.0,0.0,1071.7199999999998,0
lcv28_u_m0_v1_i1_b3000_r0,2026-01,3000.0,4.41,0.147,3004.41,3
lcv28_u_m0_v1_i1_b3000_r0,2026-02,3004.41,0.0,0.0,3004.41,0
lcv28_u_m0_v1_i1_b3000_r0,2026-03,3004.41,10.15,0.3378367133646873,3014.56,1
lcv28_u_m0_v1_i1_b3000_r0,2026-04,3014.56,7.15,0.2371822090122605,3021.71,2
lcv28_u_m0_v1_i1_b3000_r0,2026-05,3021.71,-1.94,-0.06420205777523323,3019.77,1
lcv28_u_m0_v1_i1_b3000_r0,2026-06,3019.77,-7.38,-0.2443894733704885,3012.39,1
lcv28_u_m0_v1_i1_b3000_r0,2026-07,3012.39,-1.7399999999999998,-0.05776144523119516,3010.65,2
lcv28_u_m0_v1_i1_b3000_r0,2026-08,3010.65,0.0,0.0,3010.65,0
lcv28_u_m0_v1_i1_b3000_r1,2026-01,3000.0,2.270000000000003,0.07566666666666677,3002.27,3
lcv28_u_m0_v1_i1_b3000_r1,2026-02,3002.27,0.0,0.0,3002.27,0
lcv28_u_m0_v1_i1_b3000_r1,2026-03,3002.27,57.28,1.907889696796091,3059.55,1
lcv28_u_m0_v1_i1_b3000_r1,2026-04,3059.55,30.19,0.986746416956742,3089.7400000000002,2
lcv28_u_m0_v1_i1_b3000_r1,2026-05,3089.7400000000002,-6.2299999999999995,-0.20163508903661792,3083.51,1
lcv28_u_m0_v1_i1_b3000_r1,2026-06,3083.51,-30.54,-0.9904297375393625,3052.9700000000003,1
lcv28_u_m0_v1_i1_b3000_r1,2026-07,3052.9700000000003,-6.65,-0.21782067953501016,3046.32,2
lcv28_u_m0_v1_i1_b3000_r1,2026-08,3046.32,0.0,0.0,3046.32,0
lcv28_u_m0_v1_i1_b3000_r2,2026-01,3000.0,4.070000000000007,0.13566666666666694,3004.07,3
lcv28_u_m0_v1_i1_b3000_r2,2026-02,3004.07,0.0,0.0,3004.07,0
lcv28_u_m0_v1_i1_b3000_r2,2026-03,3004.07,114.56,3.8134930277922954,3118.63,1
lcv28_u_m0_v1_i1_b3000_r2,2026-04,3118.63,61.93,1.9858078707637647,3180.56,2
lcv28_u_m0_v1_i1_b3000_r2,2026-05,3180.56,-13.0,-0.4087330532987901,3167.56,1
lcv28_u_m0_v1_i1_b3000_r2,2026-06,3167.56,-63.199999999999996,-1.9952266097564053,3104.36,1
lcv28_u_m0_v1_i1_b3000_r2,2026-07,3104.36,-13.800000000000002,-0.44453607184733734,3090.56,2
lcv28_u_m0_v1_i1_b3000_r2,2026-08,3090.56,0.0,0.0,3090.56,0
lcv28_u_m0_v1_i1_b3000_r3,2026-01,3000.0,5.710000000000008,0.1903333333333336,3005.71,3
lcv28_u_m0_v1_i1_b3000_r3,2026-02,3005.71,0.0,0.0,3005.71,0
lcv28_u_m0_v1_i1_b3000_r3,2026-03,3005.71,172.56,5.741072824723609,3178.27,1
lcv28_u_m0_v1_i1_b3000_r3,2026-04,3178.27,94.79,2.9824401325249275,3273.06,2
lcv28_u_m0_v1_i1_b3000_r3,2026-05,3273.06,-20.05,-0.6125766102668452,3253.0099999999998,1
lcv28_u_m0_v1_i1_b3000_r3,2026-06,3253.0099999999998,-97.43,-2.995072256156606,3155.58,1
lcv28_u_m0_v1_i1_b3000_r3,2026-07,3155.58,-21.100000000000005,-0.6686567920952726,3134.48,2
lcv28_u_m0_v1_i1_b3000_r3,2026-08,3134.48,0.0,0.0,3134.48,0
lcv28_u_m0_v1_i1_b3000_r4,2026-01,3000.0,6.519999999999996,0.21733333333333318,3006.52,3
lcv28_u_m0_v1_i1_b3000_r4,2026-02,3006.52,0.0,0.0,3006.52,0
lcv28_u_m0_v1_i1_b3000_r4,2026-03,3006.52,230.56,7.668666764232402,3237.08,1
lcv28_u_m0_v1_i1_b3000_r4,2026-04,3237.08,128.92000000000002,3.98260160391464,3366.0,2
lcv28_u_m0_v1_i1_b3000_r4,2026-05,3366.0,-27.38,-0.8134284016636958,3338.62,1
lcv28_u_m0_v1_i1_b3000_r4,2026-06,3338.62,-133.25,-3.9911700043730645,3205.37,1
lcv28_u_m0_v1_i1_b3000_r4,2026-07,3205.37,-28.6,-0.8922526884571829,3176.77,2
lcv28_u_m0_v1_i1_b3000_r4,2026-08,3176.77,0.0,0.0,3176.77,0
lcv28_u_m0_v1_i1_b3000_r5,2026-01,3000.0,6.849999999999994,0.2283333333333331,3006.85,3
lcv28_u_m0_v1_i1_b3000_r5,2026-02,3006.85,0.0,0.0,3006.85,0
lcv28_u_m0_v1_i1_b3000_r5,2026-03,3006.85,287.84,9.572808753346525,3294.69,1
lcv28_u_m0_v1_i1_b3000_r5,2026-04,3294.69,164.57000000000002,4.995007117513333,3459.26,2
lcv28_u_m0_v1_i1_b3000_r5,2026-05,3459.26,-35.26,-1.0192931436203119,3424.0,1
lcv28_u_m0_v1_i1_b3000_r5,2026-06,3424.0,-170.64,-4.983644859813084,3253.36,1
lcv28_u_m0_v1_i1_b3000_r5,2026-07,3253.36,-36.53,-1.1228391570560896,3216.83,2
lcv28_u_m0_v1_i1_b3000_r5,2026-08,3216.83,0.0,0.0,3216.83,0
lcv28_u_m1_v0_i0_b500_r0,2026-01,500.0,-21.659999999999993,-4.331999999999998,478.34000000000003,27
lcv28_u_m1_v0_i0_b500_r0,2026-02,478.34000000000003,17.049999999999994,3.5644102521219203,495.39000000000004,22
lcv28_u_m1_v0_i0_b500_r0,2026-03,495.39000000000004,-7.780000000000005,-1.5704798239770694,487.61,30
lcv28_u_m1_v0_i0_b500_r0,2026-04,487.61,37.019999999999996,7.5921330571563335,524.63,28
lcv28_u_m1_v0_i0_b500_r0,2026-05,524.63,-0.27000000000000046,-0.05146484188856918,524.36,26
lcv28_u_m1_v0_i0_b500_r0,2026-06,524.36,-76.19999999999997,-14.532000915401627,448.16,39
lcv28_u_m1_v0_i0_b500_r0,2026-07,448.16,-54.59000000000002,-12.180917529453769,393.57,38
lcv28_u_m1_v0_i0_b500_r0,2026-08,393.57,16.00000000000001,4.065350509439238,409.57,27
lcv28_u_m1_v0_i0_b500_r1,2026-01,500.0,-3.3800000000000003,-0.676,496.62,21
lcv28_u_m1_v0_i0_b500_r1,2026-02,496.62,-7.120000000000001,-1.4336917562724016,489.5,9
lcv28_u_m1_v0_i0_b500_r1,2026-03,489.5,34.49,7.045965270684372,523.99,4
lcv28_u_m1_v0_i0_b500_r1,2026-04,523.99,33.65,6.4218782801198495,557.64,16
lcv28_u_m1_v0_i0_b500_r1,2026-05,557.64,14.659999999999995,2.6289362312603104,572.3,20
lcv28_u_m1_v0_i0_b500_r1,2026-06,572.3,9.870000000000003,1.7246199545692824,582.17,17
lcv28_u_m1_v0_i0_b500_r1,2026-07,582.17,-30.750000000000004,-5.281962313413609,551.42,24
lcv28_u_m1_v0_i0_b500_r1,2026-08,551.42,-17.039999999999996,-3.0902034746654086,534.38,27
lcv28_u_m1_v0_i0_b500_r2,2026-01,500.0,-46.920000000000016,-9.384000000000004,453.08,27
lcv28_u_m1_v0_i0_b500_r2,2026-02,453.08,15.130000000000003,3.3393661163591424,468.21,22
lcv28_u_m1_v0_i0_b500_r2,2026-03,468.21,36.19,7.72943764550095,504.4,26
lcv28_u_m1_v0_i0_b500_r2,2026-04,504.4,60.35999999999998,11.966693100713716,564.76,28
lcv28_u_m1_v0_i0_b500_r2,2026-05,564.76,7.099999999999998,1.2571711877611726,571.86,26
lcv28_u_m1_v0_i0_b500_r2,2026-06,571.86,-92.24000000000001,-16.129821984401776,479.62,38
lcv28_u_m1_v0_i0_b500_r2,2026-07,479.62,-79.58,-16.592302239272758,400.04,37
lcv28_u_m1_v0_i0_b500_r2,2026-08,400.04,6.690000000000001,1.6723327667233279,406.73,27
lcv28_u_m1_v0_i0_b500_r3,2026-01,500.0,-69.89000000000001,-13.978000000000005,430.11,27
lcv28_u_m1_v0_i0_b500_r3,2026-02,430.11,20.500000000000007,4.766222594220085,450.61,22
lcv28_u_m1_v0_i0_b500_r3,2026-03,450.61,40.17,8.914582454894477,490.78000000000003,30
lcv28_u_m1_v0_i0_b500_r3,2026-04,490.78000000000003,84.91000000000001,17.301031011858676,575.69,28
lcv28_u_m1_v0_i0_b500_r3,2026-05,575.69,8.11000000000001,1.4087442894613436,583.8000000000001,26
lcv28_u_m1_v0_i0_b500_r3,2026-06,583.8000000000001,-141.01000000000002,-24.153819801301815,442.7900000000001,39
lcv28_u_m1_v0_i0_b500_r3,2026-07,442.7900000000001,-106.83000000000001,-24.126561123783283,335.96000000000004,37
lcv28_u_m1_v0_i0_b500_r3,2026-08,335.96000000000004,4.600000000000007,1.3692106203119436,340.56000000000006,27
lcv28_u_m1_v0_i0_b500_r4,2026-01,500.0,-95.06000000000003,-19.012000000000008,404.93999999999994,27
lcv28_u_m1_v0_i0_b500_r4,2026-02,404.93999999999994,24.679999999999996,6.094730083469156,429.61999999999995,22
lcv28_u_m1_v0_i0_b500_r4,2026-03,429.61999999999995,45.86,10.674549601973839,475.47999999999996,30
lcv28_u_m1_v0_i0_b500_r4,2026-04,475.47999999999996,105.20999999999995,22.127113653571122,580.6899999999999,28
lcv28_u_m1_v0_i0_b500_r4,2026-05,580.6899999999999,7.600000000000005,1.3087878213849051,588.29,26
lcv28_u_m1_v0_i0_b500_r4,2026-06,588.29,-185.20000000000002,-31.481072260279795,403.0899999999999,39
lcv28_u_m1_v0_i0_b500_r4,2026-07,403.0899999999999,-124.77000000000001,-30.95338510010172,278.31999999999994,37
lcv28_u_m1_v0_i0_b500_r4,2026-08,278.31999999999994,2.6600000000000117,0.9557344064386362,280.97999999999996,27
lcv28_u_m1_v0_i0_b500_r5,2026-01,500.0,-119.19999999999999,-23.839999999999996,380.8,27
lcv28_u_m1_v0_i0_b500_r5,2026-02,380.8,25.609999999999992,6.725315126050418,406.41,22
lcv28_u_m1_v0_i0_b500_r5,2026-03,406.41,52.160000000000004,12.834329863930513,458.57000000000005,30
lcv28_u_m1_v0_i0_b500_r5,2026-04,458.57000000000005,120.96000000000002,26.377652266829493,579.5300000000001,28
lcv28_u_m1_v0_i0_b500_r5,2026-05,579.5300000000001,5.8300000000000125,1.0059876106500114,585.3600000000001,26
lcv28_u_m1_v0_i0_b500_r5,2026-06,585.3600000000001,-225.4000000000001,-38.506218395517294,359.96000000000004,39
lcv28_u_m1_v0_i0_b500_r5,2026-07,359.96000000000004,-135.63,-37.67918657628625,224.33000000000004,37
lcv28_u_m1_v0_i0_b500_r5,2026-08,224.33000000000004,-0.719999999999994,-0.32095573485489853,223.61000000000004,27
lcv28_u_m1_v0_i0_b1000_r0,2026-01,1000.0,-21.659999999999993,-2.165999999999999,978.34,27
lcv28_u_m1_v0_i0_b1000_r0,2026-02,978.34,17.049999999999994,1.74274791994603,995.39,22
lcv28_u_m1_v0_i0_b1000_r0,2026-03,995.39,-7.780000000000005,-0.7816031907091698,987.61,30
lcv28_u_m1_v0_i0_b1000_r0,2026-04,987.61,37.019999999999996,3.74844321138911,1024.63,28
lcv28_u_m1_v0_i0_b1000_r0,2026-05,1024.63,-0.27000000000000046,-0.02635097547407361,1024.3600000000001,26
lcv28_u_m1_v0_i0_b1000_r0,2026-06,1024.3600000000001,-76.19999999999997,-7.438791050021473,948.1600000000002,39
lcv28_u_m1_v0_i0_b1000_r0,2026-07,948.1600000000002,-54.59000000000002,-5.757467094161323,893.5700000000002,38
lcv28_u_m1_v0_i0_b1000_r0,2026-08,893.5700000000002,16.00000000000001,1.790570408585786,909.5700000000002,27
lcv28_u_m1_v0_i0_b1000_r1,2026-01,1000.0,-45.92000000000001,-4.5920000000000005,954.08,27
lcv28_u_m1_v0_i0_b1000_r1,2026-02,954.08,18.029999999999998,1.889778634915311,972.11,22
lcv28_u_m1_v0_i0_b1000_r1,2026-03,972.11,38.9,4.00160475666334,1011.01,26
lcv28_u_m1_v0_i0_b1000_r1,2026-04,1011.01,62.30000000000001,6.162154677006163,1073.31,28
lcv28_u_m1_v0_i0_b1000_r1,2026-05,1073.31,9.039999999999996,0.8422543347215619,1082.35,26
lcv28_u_m1_v0_i0_b1000_r1,2026-06,1082.35,-101.28000000000002,-9.357416732110687,981.0699999999999,36
lcv28_u_m1_v0_i0_b1000_r1,2026-07,981.0699999999999,-82.5,-8.409185888876431,898.5699999999999,37
lcv28_u_m1_v0_i0_b1000_r1,2026-08,898.5699999999999,10.169999999999996,1.1317983017461075,908.7399999999999,27
lcv28_u_m1_v0_i0_b1000_r2,2026-01,1000.0,-93.36999999999999,-9.337,906.63,27
lcv28_u_m1_v0_i0_b1000_r2,2026-02,906.63,30.720000000000027,3.3883723238807484,937.35,22
lcv28_u_m1_v0_i0_b1000_r2,2026-03,937.35,59.40999999999998,6.338080759588199,996.76,30
lcv28_u_m1_v0_i0_b1000_r2,2026-04,996.76,121.20000000000003,12.15939644448012,1117.96,28
lcv28_u_m1_v0_i0_b1000_r2,2026-05,1117.96,14.090000000000028,1.2603313177573463,1132.05,26
lcv28_u_m1_v0_i0_b1000_r2,2026-06,1132.05,-184.51000000000002,-16.298750055209577,947.54,39
lcv28_u_m1_v0_i0_b1000_r2,2026-07,947.54,-164.01999999999998,-17.31008717310087,783.52,38
lcv28_u_m1_v0_i0_b1000_r2,2026-08,783.52,10.639999999999995,1.3579742699612,794.16,27
lcv28_u_m1_v0_i0_b1000_r3,2026-01,1000.0,-141.48000000000005,-14.148000000000005,858.52,27
lcv28_u_m1_v0_i0_b1000_r3,2026-02,858.52,41.56999999999999,4.84205376694777,900.0899999999999,22
lcv28_u_m1_v0_i0_b1000_r3,2026-03,900.0899999999999,80.45000000000002,8.937995089379953,980.54,30
lcv28_u_m1_v0_i0_b1000_r3,2026-04,980.54,171.31000000000003,17.470985375405395,1151.85,28
lcv28_u_m1_v0_i0_b1000_r3,2026-05,1151.85,16.85,1.4628640882059298,1168.6999999999998,26
lcv28_u_m1_v0_i0_b1000_r3,2026-06,1168.6999999999998,-282.2200000000001,-24.148198853426894,886.4799999999998,39
lcv28_u_m1_v0_i0_b1000_r3,2026-07,886.4799999999998,-223.5,-25.212074722497974,662.9799999999998,38
lcv28_u_m1_v0_i0_b1000_r3,2026-08,662.9799999999998,11.290000000000013,1.7029171317385166,674.2699999999998,27
lcv28_u_m1_v0_i0_b1000_r4,2026-01,1000.0,-190.69000000000005,-19.069000000000006,809.31,27
lcv28_u_m1_v0_i0_b1000_r4,2026-02,809.31,49.16,6.074310214874399,858.4699999999999,22
lcv28_u_m1_v0_i0_b1000_r4,2026-03,858.4699999999999,92.18999999999994,10.738872645520512,950.6599999999999,30
lcv28_u_m1_v0_i0_b1000_r4,2026-04,950.6599999999999,212.00000000000003,22.300296636021297,1162.6599999999999,28
lcv28_u_m1_v0_i0_b1000_r4,2026-05,1162.6599999999999,15.940000000000083,1.3709940997368177,1178.6,26
lcv28_u_m1_v0_i0_b1000_r4,2026-06,1178.6,-372.16,-31.576446631596816,806.4399999999998,39
lcv28_u_m1_v0_i0_b1000_r4,2026-07,806.4399999999998,-262.06999999999994,-32.497147958930604,544.3699999999999,38
lcv28_u_m1_v0_i0_b1000_r4,2026-08,544.3699999999999,5.069999999999996,0.9313518379043659,549.4399999999999,27
lcv28_u_m1_v0_i0_b1000_r5,2026-01,1000.0,-239.27000000000004,-23.927000000000003,760.73,27
lcv28_u_m1_v0_i0_b1000_r5,2026-02,760.73,53.44999999999996,7.026145938769335,814.18,22
lcv28_u_m1_v0_i0_b1000_r5,2026-03,814.18,101.35000000000001,12.448107298140462,915.53,30
lcv28_u_m1_v0_i0_b1000_r5,2026-04,915.53,241.90000000000006,26.42185400806091,1157.43,28
lcv28_u_m1_v0_i0_b1000_r5,2026-05,1157.43,12.689999999999998,1.0963945983774395,1170.1200000000001,26
lcv28_u_m1_v0_i0_b1000_r5,2026-06,1170.1200000000001,-453.62,-38.766964072060986,716.5000000000001,39
lcv28_u_m1_v0_i0_b1000_r5,2026-07,716.5000000000001,-282.69,-39.45429169574319,433.8100000000001,38
lcv28_u_m1_v0_i0_b1000_r5,2026-08,433.8100000000001,-1.1099999999999923,-0.2558723865286628,432.7000000000001,27
lcv28_u_m1_v0_i0_b3000_r0,2026-01,3000.0,-21.659999999999993,-0.7219999999999998,2978.34,27
lcv28_u_m1_v0_i0_b3000_r0,2026-02,2978.34,17.049999999999994,0.5724665417648755,2995.3900000000003,22
lcv28_u_m1_v0_i0_b3000_r0,2026-03,2995.3900000000003,-7.780000000000005,-0.2597324555400133,2987.61,30
lcv28_u_m1_v0_i0_b3000_r0,2026-04,2987.61,37.019999999999996,1.2391175555042324,3024.63,28
lcv28_u_m1_v0_i0_b3000_r0,2026-05,3024.63,-0.27000000000000046,-0.008926711696967909,3024.36,26
lcv28_u_m1_v0_i0_b3000_r0,2026-06,3024.36,-76.19999999999997,-2.5195413244455014,2948.1600000000003,39
lcv28_u_m1_v0_i0_b3000_r0,2026-07,2948.1600000000003,-54.59000000000002,-1.8516634103983507,2893.57,38
lcv28_u_m1_v0_i0_b3000_r0,2026-08,2893.57,16.00000000000001,0.5529501619107197,2909.57,27
lcv28_u_m1_v0_i0_b3000_r1,2026-01,3000.0,-138.11999999999995,-4.603999999999998,2861.88,27
lcv28_u_m1_v0_i0_b3000_r1,2026-02,2861.88,53.48,1.8687016925936792,2915.36,22
lcv28_u_m1_v0_i0_b3000_r1,2026-03,2915.36,97.69999999999999,3.351215630316667,3013.06,30
lcv28_u_m1_v0_i0_b3000_r1,2026-04,3013.06,190.41999999999996,6.319821045714323,3203.48,28
lcv28_u_m1_v0_i0_b3000_r1,2026-05,3203.48,25.12,0.7841472398766342,3228.6,26
lcv28_u_m1_v0_i0_b3000_r1,2026-06,3228.6,-266.08000000000004,-8.241342996964631,2962.52,39
lcv28_u_m1_v0_i0_b3000_r1,2026-07,2962.52,-265.02000000000004,-8.945762391477526,2697.5,38
lcv28_u_m1_v0_i0_b3000_r1,2026-08,2697.5,29.34999999999999,1.0880444856348468,2726.85,27
lcv28_u_m1_v0_i0_b3000_r2,2026-01,3000.0,-281.13000000000005,-9.371000000000002,2718.87,27
lcv28_u_m1_v0_i0_b3000_r2,2026-02,2718.87,96.51000000000002,3.549636429840339,2815.38,22
lcv28_u_m1_v0_i0_b3000_r2,2026-03,2815.38,177.15000000000003,6.2922234298744755,2992.53,30
lcv28_u_m1_v0_i0_b3000_r2,2026-04,2992.53,364.67,12.18600983114622,3357.2000000000003,28
lcv28_u_m1_v0_i0_b3000_r2,2026-05,3357.2000000000003,42.900000000000034,1.2778505897771961,3400.1000000000004,26
lcv28_u_m1_v0_i0_b3000_r2,2026-06,3400.1000000000004,-557.3600000000001,-16.392459045322198,2842.7400000000002,39
lcv28_u_m1_v0_i0_b3000_r2,2026-07,2842.7400000000002,-495.1000000000001,-17.416295545846612,2347.6400000000003,38
lcv28_u_m1_v0_i0_b3000_r2,2026-08,2347.6400000000003,37.77999999999994,1.6092756981479246,2385.42,27
lcv28_u_m1_v0_i0_b3000_r3,2026-01,3000.0,-426.92,-14.230666666666666,2573.08,27
lcv28_u_m1_v0_i0_b3000_r3,2026-02,2573.08,125.91000000000005,4.893357377151121,2698.99,22
lcv28_u_m1_v0_i0_b3000_r3,2026-03,2698.99,236.48000000000002,8.7617960792741,2935.47,30
lcv28_u_m1_v0_i0_b3000_r3,2026-04,2935.47,515.5099999999999,17.561412652829016,3450.9799999999996,28
lcv28_u_m1_v0_i0_b3000_r3,2026-05,3450.9799999999996,51.28999999999995,1.4862444870732359,3502.2699999999995,26
lcv28_u_m1_v0_i0_b3000_r3,2026-06,3502.2699999999995,-851.61,-24.31594365939805,2650.6599999999994,39
lcv28_u_m1_v0_i0_b3000_r3,2026-07,2650.6599999999994,-672.3,-25.363494374985855,1978.3599999999994,38
lcv28_u_m1_v0_i0_b3000_r3,2026-08,1978.3599999999994,31.449999999999932,1.5897005600598444,2009.8099999999995,27
lcv28_u_m1_v0_i0_b3000_r4,2026-01,3000.0,-573.4400000000002,-19.114666666666672,2426.56,27
lcv28_u_m1_v0_i0_b3000_r4,2026-02,2426.56,148.13999999999996,6.104938678623235,2574.7,22
lcv28_u_m1_v0_i0_b3000_r4,2026-03,2574.7,277.7299999999999,10.78688779275255,2852.43,30
lcv28_u_m1_v0_i0_b3000_r4,2026-04,2852.43,635.1300000000001,22.266278225933682,3487.56,28
lcv28_u_m1_v0_i0_b3000_r4,2026-05,3487.56,49.450000000000074,1.4178967530307744,3537.01,26
lcv28_u_m1_v0_i0_b3000_r4,2026-06,3537.01,-1126.1200000000001,-31.838191014444405,2410.8900000000003,39
lcv28_u_m1_v0_i0_b3000_r4,2026-07,2410.8900000000003,-788.09,-32.68875809348415,1622.8000000000002,38
lcv28_u_m1_v0_i0_b3000_r4,2026-08,1622.8000000000002,17.230000000000075,1.061745131870845,1640.0300000000002,27
lcv28_u_m1_v0_i0_b3000_r5,2026-01,3000.0,-719.2199999999999,-23.973999999999997,2280.78,27
lcv28_u_m1_v0_i0_b3000_r5,2026-02,2280.78,160.4199999999999,7.033558694832465,2441.2000000000003,22
lcv28_u_m1_v0_i0_b3000_r5,2026-03,2441.2000000000003,299.45,12.266508274619039,2740.65,30
lcv28_u_m1_v0_i0_b3000_r5,2026-04,2740.65,725.6199999999999,26.47620090124605,3466.27,28
lcv28_u_m1_v0_i0_b3000_r5,2026-05,3466.27,36.84999999999994,1.0631024126799107,3503.12,26
lcv28_u_m1_v0_i0_b3000_r5,2026-06,3503.12,-1365.18,-38.97040352599968,2137.9399999999996,39
lcv28_u_m1_v0_i0_b3000_r5,2026-07,2137.9399999999996,-845.0699999999999,-39.52730198228201,1292.8699999999997,38
lcv28_u_m1_v0_i0_b3000_r5,2026-08,1292.8699999999997,-0.49999999999994316,-0.03867364854934706,1292.3699999999997,27
lcv28_u_m1_v0_i1_b500_r0,2026-01,500.0,3.360000000000001,0.6720000000000002,503.36,12
lcv28_u_m1_v0_i1_b500_r0,2026-02,503.36,9.3,1.8475842339478705,512.66,12
lcv28_u_m1_v0_i1_b500_r0,2026-03,512.66,10.67,2.0813014473530216,523.3299999999999,6
lcv28_u_m1_v0_i1_b500_r0,2026-04,523.3299999999999,1.360000000000002,0.2598742667150751,524.6899999999999,10
lcv28_u_m1_v0_i1_b500_r0,2026-05,524.6899999999999,-0.5100000000000002,-0.09720025157712178,524.18,8
lcv28_u_m1_v0_i1_b500_r0,2026-06,524.18,-17.22,-3.285131061848983,506.9599999999999,17
lcv28_u_m1_v0_i1_b500_r0,2026-07,506.9599999999999,-17.270000000000003,-3.406580400820579,489.68999999999994,16
lcv28_u_m1_v0_i1_b500_r0,2026-08,489.68999999999994,-4.62,-0.943454021932243,485.06999999999994,8
lcv28_u_m1_v0_i1_b500_r1,2026-01,500.0,12.670000000000002,2.5340000000000007,512.67,9
lcv28_u_m1_v0_i1_b500_r1,2026-02,512.67,16.23,3.1657791561823396,528.9,2
lcv28_u_m1_v0_i1_b500_r1,2026-03,528.9,0.0,0.0,528.9,0
lcv28_u_m1_v0_i1_b500_r1,2026-04,528.9,10.84,2.0495367744375117,539.74,5
lcv28_u_m1_v0_i1_b500_r1,2026-05,539.74,0.25,0.046318597843406084,539.99,5
lcv28_u_m1_v0_i1_b500_r1,2026-06,539.99,9.13,1.690772051334284,549.12,5
lcv28_u_m1_v0_i1_b500_r1,2026-07,549.12,-0.9399999999999982,-0.17118298368298335,548.18,7
lcv28_u_m1_v0_i1_b500_r1,2026-08,548.18,-5.69,-1.037980225473385,542.4899999999999,8
lcv28_u_m1_v0_i1_b500_r2,2026-01,500.0,16.22,3.2439999999999998,516.22,12
lcv28_u_m1_v0_i1_b500_r2,2026-02,516.22,31.92,6.18341017395684,548.14,12
lcv28_u_m1_v0_i1_b500_r2,2026-03,548.14,13.290000000000003,2.4245630678293875,561.43,6
lcv28_u_m1_v0_i1_b500_r2,2026-04,561.43,8.669999999999998,1.5442708797178633,570.0999999999999,10
lcv28_u_m1_v0_i1_b500_r2,2026-05,570.0999999999999,0.9699999999999989,0.17014558849324662,571.0699999999999,8
lcv28_u_m1_v0_i1_b500_r2,2026-06,571.0699999999999,-27.29,-4.778748664787154,543.78,15
lcv28_u_m1_v0_i1_b500_r2,2026-07,543.78,-28.55,-5.250285041744824,515.23,16
lcv28_u_m1_v0_i1_b500_r2,2026-08,515.23,-10.5,-2.0379248102789043,504.73,8
lcv28_u_m1_v0_i1_b500_r3,2026-01,500.0,24.54,4.9079999999999995,524.54,12
lcv28_u_m1_v0_i1_b500_r3,2026-02,524.54,47.99,9.1489686201243,572.53,12
lcv28_u_m1_v0_i1_b500_r3,2026-03,572.53,20.190000000000005,3.5264527623006665,592.72,6
lcv28_u_m1_v0_i1_b500_r3,2026-04,592.72,13.250000000000007,2.235456876771495,605.97,10
lcv28_u_m1_v0_i1_b500_r3,2026-05,605.97,1.370000000000001,0.2260837995280296,607.34,8
lcv28_u_m1_v0_i1_b500_r3,2026-06,607.34,-32.050000000000004,-5.277110020746205,575.2900000000001,17
lcv28_u_m1_v0_i1_b500_r3,2026-07,575.2900000000001,-45.37000000000001,-7.8864572650315505,529.9200000000001,16
lcv28_u_m1_v0_i1_b500_r3,2026-08,529.9200000000001,-16.5,-3.113677536231884,513.4200000000001,8
lcv28_u_m1_v0_i1_b500_r4,2026-01,500.0,32.62,6.523999999999999,532.62,12
lcv28_u_m1_v0_i1_b500_r4,2026-02,532.62,66.32,12.451654087341819,598.94,12
lcv28_u_m1_v0_i1_b500_r4,2026-03,598.94,28.39,4.74004073863826,627.33,6
lcv28_u_m1_v0_i1_b500_r4,2026-04,627.33,17.29,2.7561251653834504,644.62,10
lcv28_u_m1_v0_i1_b500_r4,2026-05,644.62,1.6600000000000001,0.25751605597095967,646.28,8
lcv28_u_m1_v0_i1_b500_r4,2026-06,646.28,-45.099999999999994,-6.978399455344432,601.18,17
lcv28_u_m1_v0_i1_b500_r4,2026-07,601.18,-63.5,-10.562560298080442,537.68,16
lcv28_u_m1_v0_i1_b500_r4,2026-08,537.68,-22.590000000000003,-4.201383722660319,515.0899999999999,8
lcv28_u_m1_v0_i1_b500_r5,2026-01,500.0,40.49,8.098,540.49,12
lcv28_u_m1_v0_i1_b500_r5,2026-02,540.49,83.72999999999999,15.491498455105551,624.22,12
lcv28_u_m1_v0_i1_b500_r5,2026-03,624.22,37.599999999999994,6.023517349652365,661.82,6
lcv28_u_m1_v0_i1_b500_r5,2026-04,661.82,22.540000000000013,3.4057598742860615,684.36,10
lcv28_u_m1_v0_i1_b500_r5,2026-05,684.36,1.9299999999999997,0.28201531357764914,686.29,8
lcv28_u_m1_v0_i1_b500_r5,2026-06,686.29,-60.209999999999994,-8.773259117865626,626.0799999999999,17
lcv28_u_m1_v0_i1_b500_r5,2026-07,626.0799999999999,-82.18,-13.126118067978535,543.8999999999999,16
lcv28_u_m1_v0_i1_b500_r5,2026-08,543.8999999999999,-28.52,-5.243610957896673,515.3799999999999,8
lcv28_u_m1_v0_i1_b1000_r0,2026-01,1000.0,3.360000000000001,0.3360000000000001,1003.36,12
lcv28_u_m1_v0_i1_b1000_r0,2026-02,1003.36,9.3,0.9268856641683942,1012.66,12
lcv28_u_m1_v0_i1_b1000_r0,2026-03,1012.66,10.67,1.0536606560938517,1023.3299999999999,6
lcv28_u_m1_v0_i1_b1000_r0,2026-04,1023.3299999999999,1.360000000000002,0.13289945569855297,1024.6899999999998,10
lcv28_u_m1_v0_i1_b1000_r0,2026-05,1024.6899999999998,-0.5100000000000002,-0.04977115029911488,1024.1799999999998,8
lcv28_u_m1_v0_i1_b1000_r0,2026-06,1024.1799999999998,-17.22,-1.681345076060849,1006.9599999999998,17
lcv28_u_m1_v0_i1_b1000_r0,2026-07,1006.9599999999998,-17.270000000000003,-1.7150631604035917,989.6899999999998,16
lcv28_u_m1_v0_i1_b1000_r0,2026-08,989.6899999999998,-4.62,-0.4668128403843628,985.0699999999998,8
lcv28_u_m1_v0_i1_b1000_r1,2026-01,1000.0,16.16,1.616,1016.16,12
lcv28_u_m1_v0_i1_b1000_r1,2026-02,1016.16,30.629999999999995,3.0142890883325455,1046.79,12
lcv28_u_m1_v0_i1_b1000_r1,2026-03,1046.79,12.800000000000002,1.2227858500749915,1059.59,6
lcv28_u_m1_v0_i1_b1000_r1,2026-04,1059.59,8.509999999999986,0.8031408374937463,1068.1,10
lcv28_u_m1_v0_i1_b1000_r1,2026-05,1068.1,0.7600000000000002,0.07115438629341825,1068.86,8
lcv28_u_m1_v0_i1_b1000_r1,2026-06,1068.86,-21.799999999999997,-2.03955616264057,1047.06,14
lcv28_u_m1_v0_i1_b1000_r1,2026-07,1047.06,-27.940000000000005,-2.668423968062958,1019.1199999999999,16
lcv28_u_m1_v0_i1_b1000_r1,2026-08,1019.1199999999999,-10.39,-1.019507025669205,1008.7299999999999,8
lcv28_u_m1_v0_i1_b1000_r2,2026-01,1000.0,32.45,3.245,1032.45,12
lcv28_u_m1_v0_i1_b1000_r2,2026-02,1032.45,63.720000000000006,6.171727444428302,1096.17,12
lcv28_u_m1_v0_i1_b1000_r2,2026-03,1096.17,26.510000000000005,2.418420500469818,1122.68,6
lcv28_u_m1_v0_i1_b1000_r2,2026-04,1122.68,17.68,1.574803149606299,1140.3600000000001,10
lcv28_u_m1_v0_i1_b1000_r2,2026-05,1140.3600000000001,1.6600000000000001,0.14556806622470095,1142.0200000000002,8
lcv28_u_m1_v0_i1_b1000_r2,2026-06,1142.0200000000002,-38.359999999999985,-3.358960438521215,1103.6600000000003,17
lcv28_u_m1_v0_i1_b1000_r2,2026-07,1103.6600000000003,-57.99000000000001,-5.254335574361669,1045.6700000000003,16
lcv28_u_m1_v0_i1_b1000_r2,2026-08,1045.6700000000003,-21.57,-2.0627922767221007,1024.1000000000004,8
lcv28_u_m1_v0_i1_b1000_r3,2026-01,1000.0,49.17,4.917,1049.17,12
lcv28_u_m1_v0_i1_b1000_r3,2026-02,1049.17,96.88000000000001,9.233965896851798,1146.0500000000002,12
lcv28_u_m1_v0_i1_b1000_r3,2026-03,1146.0500000000002,41.470000000000006,3.618515771563195,1187.5200000000002,6
lcv28_u_m1_v0_i1_b1000_r3,2026-04,1187.5200000000002,26.97000000000002,2.271119644300729,1214.4900000000002,10
lcv28_u_m1_v0_i1_b1000_r3,2026-05,1214.4900000000002,2.2300000000000004,0.18361616810348377,1216.7200000000003,8
lcv28_u_m1_v0_i1_b1000_r3,2026-06,1216.7200000000003,-62.739999999999995,-5.156486291011899,1153.9800000000002,17
lcv28_u_m1_v0_i1_b1000_r3,2026-07,1153.9800000000002,-91.16,-7.899616977763911,1062.8200000000002,16
lcv28_u_m1_v0_i1_b1000_r3,2026-08,1062.8200000000002,-33.14,-3.1181197192375,1029.68,8
lcv28_u_m1_v0_i1_b1000_r4,2026-01,1000.0,64.86,6.486,1064.86,12
lcv28_u_m1_v0_i1_b1000_r4,2026-02,1064.86,132.15,12.410082076517103,1197.01,12
lcv28_u_m1_v0_i1_b1000_r4,2026-03,1197.01,57.830000000000005,4.831204417674038,1254.84,6
lcv28_u_m1_v0_i1_b1000_r4,2026-04,1254.84,35.460000000000036,2.8258582767524176,1290.3,10
lcv28_u_m1_v0_i1_b1000_r4,2026-05,1290.3,3.230000000000004,0.25032938076416367,1293.53,8
lcv28_u_m1_v0_i1_b1000_r4,2026-06,1293.53,-91.17999999999998,-7.048928126908535,1202.35,17
lcv28_u_m1_v0_i1_b1000_r4,2026-07,1202.35,-127.48999999999998,-10.603401671726202,1074.86,16
lcv28_u_m1_v0_i1_b1000_r4,2026-08,1074.86,-45.19,-4.2042684628695834,1029.6699999999998,8
lcv28_u_m1_v0_i1_b1000_r5,2026-01,1000.0,81.16,8.116,1081.16,12
lcv28_u_m1_v0_i1_b1000_r5,2026-02,1081.16,167.6,15.501868363609455,1248.76,12
lcv28_u_m1_v0_i1_b1000_r5,2026-03,1248.76,75.38,6.036388096992216,1324.1399999999999,6
lcv28_u_m1_v0_i1_b1000_r5,2026-04,1324.1399999999999,44.450000000000045,3.3568957965169886,1368.59,10
lcv28_u_m1_v0_i1_b1000_r5,2026-05,1368.59,3.6799999999999997,0.2688898793648938,1372.27,8
lcv28_u_m1_v0_i1_b1000_r5,2026-06,1372.27,-122.14000000000001,-8.90058078949478,1250.1299999999999,17
lcv28_u_m1_v0_i1_b1000_r5,2026-07,1250.1299999999999,-164.39000000000001,-13.14983241742859,1085.7399999999998,16
lcv28_u_m1_v0_i1_b1000_r5,2026-08,1085.7399999999998,-57.269999999999996,-5.274743492917273,1028.4699999999998,8
lcv28_u_m1_v0_i1_b3000_r0,2026-01,3000.0,3.360000000000001,0.11200000000000003,3003.36,12
lcv28_u_m1_v0_i1_b3000_r0,2026-02,3003.36,9.3,0.30965318842895956,3012.6600000000003,12
lcv28_u_m1_v0_i1_b3000_r0,2026-03,3012.6600000000003,10.67,0.35417206057105677,3023.3300000000004,6
lcv28_u_m1_v0_i1_b3000_r0,2026-04,3023.3300000000004,1.360000000000002,0.0449835115584472,3024.6900000000005,10
lcv28_u_m1_v0_i1_b3000_r0,2026-05,3024.6900000000005,-0.5100000000000002,-0.01686123206014501,3024.1800000000003,8
lcv28_u_m1_v0_i1_b3000_r0,2026-06,3024.1800000000003,-17.22,-0.5694105509592682,3006.9600000000005,17
lcv28_u_m1_v0_i1_b3000_r0,2026-07,3006.9600000000005,-17.270000000000003,-0.5743342112964589,2989.6900000000005,16
lcv28_u_m1_v0_i1_b3000_r0,2026-08,2989.6900000000005,-4.62,-0.15453107178336215,2985.0700000000006,8
lcv28_u_m1_v0_i1_b3000_r1,2026-01,3000.0,49.17,1.6390000000000002,3049.17,12
lcv28_u_m1_v0_i1_b3000_r1,2026-02,3049.17,93.73000000000002,3.0739512719854916,3142.9,12
lcv28_u_m1_v0_i1_b3000_r1,2026-03,3142.9,38.05,1.210665309109421,3180.9500000000003,6
lcv28_u_m1_v0_i1_b3000_r1,2026-04,3180.9500000000003,26.22,0.8242820541033338,3207.17,10
lcv28_u_m1_v0_i1_b3000_r1,2026-05,3207.17,2.4099999999999966,0.07514413018330791,3209.58,8
lcv28_u_m1_v0_i1_b3000_r1,2026-06,3209.58,-52.88000000000001,-1.6475675945139243,3156.7,17
lcv28_u_m1_v0_i1_b3000_r1,2026-07,3156.7,-84.41,-2.6739949947730226,3072.29,16
lcv28_u_m1_v0_i1_b3000_r1,2026-08,3072.29,-31.94,-1.0396154008898901,3040.35,8
lcv28_u_m1_v0_i1_b3000_r2,2026-01,3000.0,98.03999999999999,3.2680000000000002,3098.04,12
lcv28_u_m1_v0_i1_b3000_r2,2026-02,3098.04,191.75,6.189397167241224,3289.79,12
lcv28_u_m1_v0_i1_b3000_r2,2026-03,3289.79,80.13000000000001,2.435717781378143,3369.92,6
lcv28_u_m1_v0_i1_b3000_r2,2026-04,3369.92,53.62000000000002,1.5911356946158965,3423.54,10
lcv28_u_m1_v0_i1_b3000_r2,2026-05,3423.54,4.9900000000000055,0.14575556295530373,3428.5299999999997,8
lcv28_u_m1_v0_i1_b3000_r2,2026-06,3428.5299999999997,-115.38999999999999,-3.3655823341198703,3313.14,17
lcv28_u_m1_v0_i1_b3000_r2,2026-07,3313.14,-176.69000000000003,-5.333007358578268,3136.45,16
lcv28_u_m1_v0_i1_b3000_r2,2026-08,3136.45,-65.28,-2.0813339922523872,3071.1699999999996,8
lcv28_u_m1_v0_i1_b3000_r3,2026-01,3000.0,146.79000000000002,4.893000000000001,3146.79,12
lcv28_u_m1_v0_i1_b3000_r3,2026-02,3146.79,292.27,9.2878774878527,3439.06,12
lcv28_u_m1_v0_i1_b3000_r3,2026-03,3439.06,125.73999999999998,3.6562316446936074,3564.7999999999997,6
lcv28_u_m1_v0_i1_b3000_r3,2026-04,3564.7999999999997,80.8899999999999,2.269131508078992,3645.6899999999996,10
lcv28_u_m1_v0_i1_b3000_r3,2026-05,3645.6899999999996,7.199999999999996,0.1974934786007586,3652.8899999999994,8
lcv28_u_m1_v0_i1_b3000_r3,2026-06,3652.8899999999994,-188.37999999999997,-5.157012666683092,3464.5099999999993,17
lcv28_u_m1_v0_i1_b3000_r3,2026-07,3464.5099999999993,-276.77,-7.988719905556631,3187.7399999999993,16
lcv28_u_m1_v0_i1_b3000_r3,2026-08,3187.7399999999993,-99.88,-3.1332542804620207,3087.859999999999,8
lcv28_u_m1_v0_i1_b3000_r4,2026-01,3000.0,195.21,6.507000000000001,3195.21,12
lcv28_u_m1_v0_i1_b3000_r4,2026-02,3195.21,396.63,12.413268611452768,3591.84,12
lcv28_u_m1_v0_i1_b3000_r4,2026-03,3591.84,174.38,4.854893313733351,3766.2200000000003,6
lcv28_u_m1_v0_i1_b3000_r4,2026-04,3766.2200000000003,107.15,2.845027640445858,3873.3700000000003,10
lcv28_u_m1_v0_i1_b3000_r4,2026-05,3873.3700000000003,9.120000000000012,0.23545388124553068,3882.4900000000002,8
lcv28_u_m1_v0_i1_b3000_r4,2026-06,3882.4900000000002,-273.00000000000006,-7.031569946091299,3609.4900000000002,17
lcv28_u_m1_v0_i1_b3000_r4,2026-07,3609.4900000000002,-382.4200000000001,-10.594848579716249,3227.07,16
lcv28_u_m1_v0_i1_b3000_r4,2026-08,3227.07,-135.96,-4.2131097249207485,3091.11,8
lcv28_u_m1_v0_i1_b3000_r5,2026-01,3000.0,243.73000000000002,8.124333333333333,3243.73,12
lcv28_u_m1_v0_i1_b3000_r5,2026-02,3243.73,504.78,15.561714446023558,3748.51,12
lcv28_u_m1_v0_i1_b3000_r5,2026-03,3748.51,227.38,6.0658768417317805,3975.8900000000003,6
lcv28_u_m1_v0_i1_b3000_r5,2026-04,3975.8900000000003,134.19000000000005,3.375093375319741,4110.08,10
lcv28_u_m1_v0_i1_b3000_r5,2026-05,4110.08,10.770000000000003,0.26203869511055755,4120.85,8
lcv28_u_m1_v0_i1_b3000_r5,2026-06,4120.85,-369.0000000000001,-8.954463278207168,3751.8500000000004,17
lcv28_u_m1_v0_i1_b3000_r5,2026-07,3751.8500000000004,-495.02,-13.19402428135453,3256.8300000000004,16
lcv28_u_m1_v0_i1_b3000_r5,2026-08,3256.8300000000004,-172.19,-5.287042922105237,3084.6400000000003,8
lcv28_u_m1_v1_i0_b500_r0,2026-01,500.0,5.820000000000002,1.1640000000000004,505.82,3
lcv28_u_m1_v1_i0_b500_r0,2026-02,505.82,2.0600000000000014,0.40725949942667383,507.88,6
lcv28_u_m1_v1_i0_b500_r0,2026-03,507.88,11.420000000000003,2.248562652595102,519.3,4
lcv28_u_m1_v1_i0_b500_r0,2026-04,519.3,-2.96,-0.5699980743308299,516.3399999999999,5
lcv28_u_m1_v1_i0_b500_r0,2026-05,516.3399999999999,-4.519999999999999,-0.8753921834450167,511.81999999999994,5
lcv28_u_m1_v1_i0_b500_r0,2026-06,511.81999999999994,-5.849999999999999,-1.1429799538900394,505.9699999999999,11
lcv28_u_m1_v1_i0_b500_r0,2026-07,505.9699999999999,-9.379999999999997,-1.8538648536474491,496.5899999999999,9
lcv28_u_m1_v1_i0_b500_r0,2026-08,496.5899999999999,-5.989999999999999,-1.206226464487807,490.5999999999999,3
lcv28_u_m1_v1_i0_b500_r1,2026-01,500.0,6.630000000000001,1.326,506.63,3
lcv28_u_m1_v1_i0_b500_r1,2026-02,506.63,-9.93,-1.960010263900677,496.7,2
lcv28_u_m1_v1_i0_b500_r1,2026-03,496.7,21.709999999999997,4.3708475941212,518.41,1
lcv28_u_m1_v1_i0_b500_r1,2026-04,518.41,0.0,0.0,518.41,0
lcv28_u_m1_v1_i0_b500_r1,2026-05,518.41,2.1599999999999993,0.4166586292702686,520.5699999999999,3
lcv28_u_m1_v1_i0_b500_r1,2026-06,520.5699999999999,35.5,6.819447912864746,556.0699999999999,4
lcv28_u_m1_v1_i0_b500_r1,2026-07,556.0699999999999,-0.029999999999998472,-0.005395004226086369,556.04,5
lcv28_u_m1_v1_i0_b500_r1,2026-08,556.04,-9.110000000000001,-1.6383713401913536,546.93,3
lcv28_u_m1_v1_i0_b500_r2,2026-01,500.0,12.610000000000007,2.522000000000001,512.61,3
lcv28_u_m1_v1_i0_b500_r2,2026-02,512.61,-5.900000000000001,-1.1509724742006595,506.71000000000004,6
lcv28_u_m1_v1_i0_b500_r2,2026-03,506.71000000000004,27.029999999999994,5.334412188431251,533.74,3
lcv28_u_m1_v1_i0_b500_r2,2026-04,533.74,-6.5699999999999985,-1.2309364109866223,527.17,5
lcv28_u_m1_v1_i0_b500_r2,2026-05,527.17,-2.5799999999999983,-0.48940569455773253,524.5899999999999,5
lcv28_u_m1_v1_i0_b500_r2,2026-06,524.5899999999999,26.300000000000022,5.013439066699713,550.89,11
lcv28_u_m1_v1_i0_b500_r2,2026-07,550.89,-18.669999999999998,-3.3890613371090414,532.22,9
lcv28_u_m1_v1_i0_b500_r2,2026-08,532.22,-17.55,-3.2975085490962384,514.6700000000001,3
lcv28_u_m1_v1_i0_b500_r3,2026-01,500.0,17.919999999999995,3.583999999999999,517.92,3
lcv28_u_m1_v1_i0_b500_r3,2026-02,517.92,-9.77,-1.8863917207290704,508.15,6
lcv28_u_m1_v1_i0_b500_r3,2026-03,508.15,51.18000000000001,10.071829184295977,559.3299999999999,4
lcv28_u_m1_v1_i0_b500_r3,2026-04,559.3299999999999,-10.509999999999998,-1.8790338440634329,548.8199999999999,5
lcv28_u_m1_v1_i0_b500_r3,2026-05,548.8199999999999,-4.359999999999996,-0.7944316898072221,544.4599999999999,5
lcv28_u_m1_v1_i0_b500_r3,2026-06,544.4599999999999,38.389999999999986,7.051023031995003,582.8499999999999,11
lcv28_u_m1_v1_i0_b500_r3,2026-07,582.8499999999999,-30.379999999999995,-5.212318778416402,552.4699999999999,9
lcv28_u_m1_v1_i0_b500_r3,2026-08,552.4699999999999,-27.289999999999996,-4.939634731297627,525.18,3
lcv28_u_m1_v1_i0_b500_r4,2026-01,500.0,21.989999999999995,4.397999999999999,521.99,3
lcv28_u_m1_v1_i0_b500_r4,2026-02,521.99,-13.440000000000005,-2.5747619686200895,508.55,6
lcv28_u_m1_v1_i0_b500_r4,2026-03,508.55,68.46000000000001,13.461803165863731,577.01,4
lcv28_u_m1_v1_i0_b500_r4,2026-04,577.01,-14.680000000000003,-2.5441500147311147,562.33,5
lcv28_u_m1_v1_i0_b500_r4,2026-05,562.33,-6.609999999999999,-1.1754663631675348,555.72,5
lcv28_u_m1_v1_i0_b500_r4,2026-06,555.72,47.59000000000002,8.563665155114089,603.3100000000001,11
lcv28_u_m1_v1_i0_b500_r4,2026-07,603.3100000000001,-42.38,-7.024581061146011,560.9300000000001,9
lcv28_u_m1_v1_i0_b500_r4,2026-08,560.9300000000001,-36.65,-6.533792095270353,524.2800000000001,3
lcv28_u_m1_v1_i0_b500_r5,2026-01,500.0,25.520000000000003,5.104000000000001,525.52,3
lcv28_u_m1_v1_i0_b500_r5,2026-02,525.52,-18.29,-3.4803623078094077,507.22999999999996,6
lcv28_u_m1_v1_i0_b500_r5,2026-03,507.22999999999996,83.3,16.42253021311831,590.53,4
lcv28_u_m1_v1_i0_b500_r5,2026-04,590.53,-19.159999999999997,-3.244543037610282,571.37,5
lcv28_u_m1_v1_i0_b500_r5,2026-05,571.37,-9.200000000000003,-1.610165041916797,562.17,5
lcv28_u_m1_v1_i0_b500_r5,2026-06,562.17,55.84,9.932938434992975,618.01,11
lcv28_u_m1_v1_i0_b500_r5,2026-07,618.01,-54.34,-8.79273798158606,563.67,9
lcv28_u_m1_v1_i0_b500_r5,2026-08,563.67,-45.79,-8.123547465715756,517.88,3
lcv28_u_m1_v1_i0_b1000_r0,2026-01,1000.0,5.820000000000002,0.5820000000000002,1005.82,3
lcv28_u_m1_v1_i0_b1000_r0,2026-02,1005.82,2.0600000000000014,0.20480801733908666,1007.88,6
lcv28_u_m1_v1_i0_b1000_r0,2026-03,1007.88,11.420000000000003,1.1330713973885784,1019.3,4
lcv28_u_m1_v1_i0_b1000_r0,2026-04,1019.3,-2.96,-0.2903953693711371,1016.3399999999999,5
lcv28_u_m1_v1_i0_b1000_r0,2026-05,1016.3399999999999,-4.519999999999999,-0.4447330617706672,1011.8199999999999,5
lcv28_u_m1_v1_i0_b1000_r0,2026-06,1011.8199999999999,-5.849999999999999,-0.5781660769702119,1005.9699999999999,11
lcv28_u_m1_v1_i0_b1000_r0,2026-07,1005.9699999999999,-9.379999999999997,-0.9324333727645951,996.5899999999999,9
lcv28_u_m1_v1_i0_b1000_r0,2026-08,996.5899999999999,-5.989999999999999,-0.6010495790646103,990.5999999999999,3
lcv28_u_m1_v1_i0_b1000_r1,2026-01,1000.0,13.240000000000006,1.3240000000000005,1013.24,3
lcv28_u_m1_v1_i0_b1000_r1,2026-02,1013.24,-5.78,-0.5704472780387667,1007.46,6
lcv28_u_m1_v1_i0_b1000_r1,2026-03,1007.46,27.859999999999992,2.7653703372838616,1035.32,3
lcv28_u_m1_v1_i0_b1000_r1,2026-04,1035.32,-6.349999999999998,-0.61333693930379,1028.97,5
lcv28_u_m1_v1_i0_b1000_r1,2026-05,1028.97,-2.259999999999998,-0.21963711284099613,1026.71,5
lcv28_u_m1_v1_i0_b1000_r1,2026-06,1026.71,27.899999999999995,2.717417771327833,1054.6100000000001,11
lcv28_u_m1_v1_i0_b1000_r1,2026-07,1054.6100000000001,-17.99,-1.7058438664530013,1036.6200000000001,9
lcv28_u_m1_v1_i0_b1000_r1,2026-08,1036.6200000000001,-17.180000000000003,-1.6573093322528991,1019.4400000000002,3
lcv28_u_m1_v1_i0_b1000_r2,2026-01,1000.0,25.159999999999997,2.5159999999999996,1025.16,3
lcv28_u_m1_v1_i0_b1000_r2,2026-02,1025.16,-11.530000000000006,-1.124702485465684,1013.6300000000001,6
lcv28_u_m1_v1_i0_b1000_r2,2026-03,1013.6300000000001,69.98,6.903899845111135,1083.6100000000001,4
lcv28_u_m1_v1_i0_b1000_r2,2026-04,1083.6100000000001,-13.809999999999999,-1.2744437574404073,1069.8000000000002,5
lcv28_u_m1_v1_i0_b1000_r2,2026-05,1069.8000000000002,-5.099999999999994,-0.47672462142456473,1064.7000000000003,5
lcv28_u_m1_v1_i0_b1000_r2,2026-06,1064.7000000000003,54.27000000000001,5.097210481825866,1118.9700000000003,11
lcv28_u_m1_v1_i0_b1000_r2,2026-07,1118.9700000000003,-38.290000000000006,-3.4218969230631737,1080.6800000000003,9
lcv28_u_m1_v1_i0_b1000_r2,2026-08,1080.6800000000003,-35.59,-3.293296813117666,1045.0900000000004,3
lcv28_u_m1_v1_i0_b1000_r3,2026-01,1000.0,35.19,3.519,1035.19,3
lcv28_u_m1_v1_i0_b1000_r3,2026-02,1035.19,-18.489999999999995,-1.7861455385001783,1016.7,6
lcv28_u_m1_v1_i0_b1000_r3,2026-03,1016.7,103.11999999999999,10.14261827481066,1119.82,4
lcv28_u_m1_v1_i0_b1000_r3,2026-04,1119.82,-21.25,-1.8976264042435391,1098.57,5
lcv28_u_m1_v1_i0_b1000_r3,2026-05,1098.57,-9.04,-0.8228879361351575,1089.53,5
lcv28_u_m1_v1_i0_b1000_r3,2026-06,1089.53,77.46,7.109487577212192,1166.99,11
lcv28_u_m1_v1_i0_b1000_r3,2026-07,1166.99,-60.94,-5.221981336600999,1106.05,9
lcv28_u_m1_v1_i0_b1000_r3,2026-08,1106.05,-54.629999999999995,-4.9391980471045605,1051.42,3
lcv28_u_m1_v1_i0_b1000_r4,2026-01,1000.0,44.00000000000003,4.400000000000002,1044.0,3
lcv28_u_m1_v1_i0_b1000_r4,2026-02,1044.0,-26.849999999999987,-2.571839080459769,1017.15,6
lcv28_u_m1_v1_i0_b1000_r4,2026-03,1017.15,136.38000000000002,13.408051909747828,1153.53,4
lcv28_u_m1_v1_i0_b1000_r4,2026-04,1153.53,-30.11,-2.6102485414336862,1123.42,5
lcv28_u_m1_v1_i0_b1000_r4,2026-05,1123.42,-13.420000000000002,-1.1945665913015613,1110.0,5
lcv28_u_m1_v1_i0_b1000_r4,2026-06,1110.0,94.57000000000008,8.519819819819826,1204.5700000000002,11
lcv28_u_m1_v1_i0_b1000_r4,2026-07,1204.5700000000002,-85.16999999999999,-7.070572901533326,1119.4,9
lcv28_u_m1_v1_i0_b1000_r4,2026-08,1119.4,-73.39,-6.556190816508843,1046.01,3
lcv28_u_m1_v1_i0_b1000_r5,2026-01,1000.0,52.02000000000001,5.202000000000001,1052.02,3
lcv28_u_m1_v1_i0_b1000_r5,2026-02,1052.02,-35.04999999999998,-3.3316857093971577,1016.97,6
lcv28_u_m1_v1_i0_b1000_r5,2026-03,1016.97,167.40999999999997,16.461645869593003,1184.38,4
lcv28_u_m1_v1_i0_b1000_r5,2026-04,1184.38,-38.92,-3.2861074992823243,1145.46,5
lcv28_u_m1_v1_i0_b1000_r5,2026-05,1145.46,-19.069999999999993,-1.6648333420634498,1126.39,5
lcv28_u_m1_v1_i0_b1000_r5,2026-06,1126.39,109.57999999999996,9.728424435586248,1235.97,11
lcv28_u_m1_v1_i0_b1000_r5,2026-07,1235.97,-109.50000000000003,-8.85943833588194,1126.47,9
lcv28_u_m1_v1_i0_b1000_r5,2026-08,1126.47,-91.82000000000001,-8.151126971867871,1034.65,3
lcv28_u_m1_v1_i0_b3000_r0,2026-01,3000.0,5.820000000000002,0.19400000000000006,3005.82,3
lcv28_u_m1_v1_i0_b3000_r0,2026-02,3005.82,2.0600000000000014,0.0685337112668091,3007.88,6
lcv28_u_m1_v1_i0_b3000_r0,2026-03,3007.88,11.420000000000003,0.3796694017048553,3019.3,4
lcv28_u_m1_v1_i0_b3000_r0,2026-04,3019.3,-2.96,-0.09803596860199384,3016.34,5
lcv28_u_m1_v1_i0_b3000_r0,2026-05,3016.34,-4.519999999999999,-0.14985048104656631,3011.82,5
lcv28_u_m1_v1_i0_b3000_r0,2026-06,3011.82,-5.849999999999999,-0.19423471522202518,3005.9700000000003,11
lcv28_u_m1_v1_i0_b3000_r0,2026-07,3005.9700000000003,-9.379999999999997,-0.31204569573215957,2996.59,9
lcv28_u_m1_v1_i0_b3000_r0,2026-08,2996.59,-5.989999999999999,-0.19989387937622427,2990.6000000000004,3
lcv28_u_m1_v1_i0_b3000_r1,2026-01,3000.0,39.61,1.3203333333333334,3039.61,3
lcv28_u_m1_v1_i0_b3000_r1,2026-02,3039.61,-16.189999999999998,-0.532634120824711,3023.42,6
lcv28_u_m1_v1_i0_b3000_r1,2026-03,3023.42,105.0,3.472888318526701,3128.42,4
lcv28_u_m1_v1_i0_b3000_r1,2026-04,3128.42,-19.22,-0.6143676360590968,3109.2000000000003,5
lcv28_u_m1_v1_i0_b3000_r1,2026-05,3109.2000000000003,-6.969999999999992,-0.22417342081564362,3102.2300000000005,5
lcv28_u_m1_v1_i0_b3000_r1,2026-06,3102.2300000000005,84.94999999999999,2.7383527333563267,3187.1800000000003,11
lcv28_u_m1_v1_i0_b3000_r1,2026-07,3187.1800000000003,-54.379999999999995,-1.7062105058390171,3132.8,9
lcv28_u_m1_v1_i0_b3000_r1,2026-08,3132.8,-52.089999999999996,-1.6627298263534218,3080.71,3
lcv28_u_m1_v1_i0_b3000_r2,2026-01,3000.0,75.28999999999999,2.5096666666666665,3075.29,3
lcv28_u_m1_v1_i0_b3000_r2,2026-02,3075.29,-34.38,-1.1179433484321804,3040.91,6
lcv28_u_m1_v1_i0_b3000_r2,2026-03,3040.91,208.95000000000002,6.871298394230675,3249.8599999999997,4
lcv28_u_m1_v1_i0_b3000_r2,2026-04,3249.8599999999997,-41.22,-1.268362329454192,3208.64,5
lcv28_u_m1_v1_i0_b3000_r2,2026-05,3208.64,-16.33999999999999,-0.5092500249326815,3192.2999999999997,5
lcv28_u_m1_v1_i0_b3000_r2,2026-06,3192.2999999999997,160.26999999999995,5.0205181217304125,3352.5699999999997,11
lcv28_u_m1_v1_i0_b3000_r2,2026-07,3352.5699999999997,-116.0,-3.4600321544367456,3236.5699999999997,9
lcv28_u_m1_v1_i0_b3000_r2,2026-08,3236.5699999999997,-107.14000000000001,-3.3102945402076895,3129.43,3
lcv28_u_m1_v1_i0_b3000_r3,2026-01,3000.0,106.52000000000001,3.5506666666666673,3106.52,3
lcv28_u_m1_v1_i0_b3000_r3,2026-02,3106.52,-56.160000000000025,-1.8078106691732239,3050.36,6
lcv28_u_m1_v1_i0_b3000_r3,2026-03,3050.36,310.99,10.195190075925463,3361.3500000000004,4
lcv28_u_m1_v1_i0_b3000_r3,2026-04,3361.3500000000004,-64.75,-1.9263093697472742,3296.6000000000004,5
lcv28_u_m1_v1_i0_b3000_r3,2026-05,3296.6000000000004,-27.559999999999974,-0.8360128617363336,3269.0400000000004,5
lcv28_u_m1_v1_i0_b3000_r3,2026-06,3269.0400000000004,228.4499999999999,6.98829014022465,3497.4900000000002,11
lcv28_u_m1_v1_i0_b3000_r3,2026-07,3497.4900000000002,-183.55,-5.2480493153661625,3313.94,9
lcv28_u_m1_v1_i0_b3000_r3,2026-08,3313.94,-163.94,-4.946981538591525,3150.0,3
lcv28_u_m1_v1_i0_b3000_r4,2026-01,3000.0,132.34999999999997,4.411666666666666,3132.35,3
lcv28_u_m1_v1_i0_b3000_r4,2026-02,3132.35,-79.91999999999999,-2.5514390154356947,3052.43,6
lcv28_u_m1_v1_i0_b3000_r4,2026-03,3052.43,409.15000000000003,13.404074786317787,3461.58,4
lcv28_u_m1_v1_i0_b3000_r4,2026-04,3461.58,-90.32999999999998,-2.609502019309101,3371.25,5
lcv28_u_m1_v1_i0_b3000_r4,2026-05,3371.25,-40.73000000000005,-1.2081572117167236,3330.52,5
lcv28_u_m1_v1_i0_b3000_r4,2026-06,3330.52,285.5400000000001,8.573435979967096,3616.06,11
lcv28_u_m1_v1_i0_b3000_r4,2026-07,3616.06,-255.61,-7.0687433283739765,3360.45,9
lcv28_u_m1_v1_i0_b3000_r4,2026-08,3360.45,-220.65000000000003,-6.566084899343839,3139.7999999999997,3
lcv28_u_m1_v1_i0_b3000_r5,2026-01,3000.0,154.8300000000001,5.161000000000003,3154.83,3
lcv28_u_m1_v1_i0_b3000_r5,2026-02,3154.83,-106.86999999999995,-3.38750423953113,3047.96,6
lcv28_u_m1_v1_i0_b3000_r5,2026-03,3047.96,503.92,16.53302536778698,3551.88,4
lcv28_u_m1_v1_i0_b3000_r5,2026-04,3551.88,-117.07,-3.296000991024471,3434.81,5
lcv28_u_m1_v1_i0_b3000_r5,2026-05,3434.81,-56.22000000000003,-1.6367717573897835,3378.59,5
lcv28_u_m1_v1_i0_b3000_r5,2026-06,3378.59,329.82000000000005,9.762060504529996,3708.4100000000003,11
lcv28_u_m1_v1_i0_b3000_r5,2026-07,3708.4100000000003,-330.43000000000006,-8.910287697422886,3377.9800000000005,9
lcv28_u_m1_v1_i0_b3000_r5,2026-08,3377.9800000000005,-276.14000000000004,-8.174707961562827,3101.8400000000006,3
lcv28_u_m1_v1_i1_b500_r0,2026-01,500.0,1.7299999999999998,0.346,501.73,3
lcv28_u_m1_v1_i1_b500_r0,2026-02,501.73,-1.78,-0.35477248719430765,499.95000000000005,2
lcv28_u_m1_v1_i1_b500_r0,2026-03,499.95000000000005,7.75,1.55015501550155,507.70000000000005,2
lcv28_u_m1_v1_i1_b500_r0,2026-04,507.70000000000005,-3.3900000000000006,-0.6677171558006697,504.31000000000006,3
lcv28_u_m1_v1_i1_b500_r0,2026-05,504.31000000000006,2.47,0.48977811266879495,506.7800000000001,1
lcv28_u_m1_v1_i1_b500_r0,2026-06,506.7800000000001,-15.35,-3.0289277398476653,491.43000000000006,4
lcv28_u_m1_v1_i1_b500_r0,2026-07,491.43000000000006,-5.56,-1.1313920599068024,485.87000000000006,4
lcv28_u_m1_v1_i1_b500_r0,2026-08,485.87000000000006,-4.62,-0.9508716323296353,481.25000000000006,2
lcv28_u_m1_v1_i1_b500_r1,2026-01,500.0,2.04,0.40800000000000003,502.04,3
lcv28_u_m1_v1_i1_b500_r1,2026-02,502.04,0.0,0.0,502.04,0
lcv28_u_m1_v1_i1_b500_r1,2026-03,502.04,0.0,0.0,502.04,0
lcv28_u_m1_v1_i1_b500_r1,2026-04,502.04,0.0,0.0,502.04,0
lcv28_u_m1_v1_i1_b500_r1,2026-05,502.04,0.0,0.0,502.04,0
lcv28_u_m1_v1_i1_b500_r1,2026-06,502.04,0.0,0.0,502.04,0
lcv28_u_m1_v1_i1_b500_r1,2026-07,502.04,0.0,0.0,502.04,0
lcv28_u_m1_v1_i1_b500_r1,2026-08,502.04,-6.25,-1.2449207234483308,495.79,2
lcv28_u_m1_v1_i1_b500_r2,2026-01,500.0,4.12,0.8240000000000001,504.12,3
lcv28_u_m1_v1_i1_b500_r2,2026-02,504.12,-2.88,-0.5712925493930017,501.24,2
lcv28_u_m1_v1_i1_b500_r2,2026-03,501.24,4.300000000000001,0.8578724762588782,505.54,1
lcv28_u_m1_v1_i1_b500_r2,2026-04,505.54,-5.779999999999999,-1.143331882739249,499.76000000000005,3
lcv28_u_m1_v1_i1_b500_r2,2026-05,499.76000000000005,4.2299999999999995,0.8464062750120056,503.99000000000007,1
lcv28_u_m1_v1_i1_b500_r2,2026-06,503.99000000000007,-17.89,-3.5496736046350117,486.1000000000001,4
lcv28_u_m1_v1_i1_b500_r2,2026-07,486.1000000000001,-9.07,-1.8658712199135978,477.0300000000001,4
lcv28_u_m1_v1_i1_b500_r2,2026-08,477.0300000000001,-11.860000000000001,-2.486216799781984,465.1700000000001,2
lcv28_u_m1_v1_i1_b500_r3,2026-01,500.0,6.180000000000001,1.2360000000000002,506.18,3
lcv28_u_m1_v1_i1_b500_r3,2026-02,506.18,-4.37,-0.8633292504642617,501.81,2
lcv28_u_m1_v1_i1_b500_r3,2026-03,501.81,12.41,2.4730475678045476,514.22,2
lcv28_u_m1_v1_i1_b500_r3,2026-04,514.22,-8.27,-1.6082610555793238,505.95000000000005,3
lcv28_u_m1_v1_i1_b500_r3,2026-05,505.95000000000005,6.5200000000000005,1.2886648878347662,512.47,1
lcv28_u_m1_v1_i1_b500_r3,2026-06,512.47,-27.4,-5.346654438308583,485.07000000000005,4
lcv28_u_m1_v1_i1_b500_r3,2026-07,485.07000000000005,-13.94,-2.873812027130105,471.13000000000005,4
lcv28_u_m1_v1_i1_b500_r3,2026-08,471.13000000000005,-17.65,-3.746312058242947,453.4800000000001,2
lcv28_u_m1_v1_i1_b500_r4,2026-01,500.0,8.22,1.644,508.22,3
lcv28_u_m1_v1_i1_b500_r4,2026-02,508.22,-5.87,-1.1550116091456457,502.35,2
lcv28_u_m1_v1_i1_b500_r4,2026-03,502.35,16.55,3.294515775853488,518.9,2
lcv28_u_m1_v1_i1_b500_r4,2026-04,518.9,-11.6,-2.2354981692040856,507.29999999999995,3
lcv28_u_m1_v1_i1_b500_r4,2026-05,507.29999999999995,8.82,1.7386162034299233,516.12,1
lcv28_u_m1_v1_i1_b500_r4,2026-06,516.12,-36.849999999999994,-7.139812446717817,479.27,4
lcv28_u_m1_v1_i1_b500_r4,2026-07,479.27,-18.299999999999997,-3.8183070085755415,460.96999999999997,4
lcv28_u_m1_v1_i1_b500_r4,2026-08,460.96999999999997,-23.17,-5.026357463609346,437.79999999999995,2
lcv28_u_m1_v1_i1_b500_r5,2026-01,500.0,10.290000000000001,2.0580000000000003,510.29,3
lcv28_u_m1_v1_i1_b500_r5,2026-02,510.29,-7.38,-1.4462364537811832,502.91,2
lcv28_u_m1_v1_i1_b500_r5,2026-03,502.91,20.96,4.16774373148277,523.87,2
lcv28_u_m1_v1_i1_b500_r5,2026-04,523.87,-15.1,-2.8823944871819345,508.77,3
lcv28_u_m1_v1_i1_b500_r5,2026-05,508.77,10.93,2.1483184936218724,519.6999999999999,1
lcv28_u_m1_v1_i1_b500_r5,2026-06,519.6999999999999,-46.379999999999995,-8.92437944968251,473.31999999999994,4
lcv28_u_m1_v1_i1_b500_r5,2026-07,473.31999999999994,-22.630000000000003,-4.781120594946338,450.68999999999994,4
lcv28_u_m1_v1_i1_b500_r5,2026-08,450.68999999999994,-28.3,-6.279260689165503,422.38999999999993,2
lcv28_u_m1_v1_i1_b1000_r0,2026-01,1000.0,1.7299999999999998,0.173,1001.73,3
lcv28_u_m1_v1_i1_b1000_r0,2026-02,1001.73,-1.78,-0.17769259181615807,999.95,2
lcv28_u_m1_v1_i1_b1000_r0,2026-03,999.95,7.75,0.7750387519375969,1007.7,2
lcv28_u_m1_v1_i1_b1000_r0,2026-04,1007.7,-3.3900000000000006,-0.3364096457278953,1004.3100000000001,3
lcv28_u_m1_v1_i1_b1000_r0,2026-05,1004.3100000000001,2.47,0.2459399986060081,1006.7800000000001,1
lcv28_u_m1_v1_i1_b1000_r0,2026-06,1006.7800000000001,-15.35,-1.524662786308826,991.4300000000001,4
lcv28_u_m1_v1_i1_b1000_r0,2026-07,991.4300000000001,-5.56,-0.5608061083485469,985.8700000000001,4
lcv28_u_m1_v1_i1_b1000_r0,2026-08,985.8700000000001,-4.62,-0.4686216235406291,981.2500000000001,2
lcv28_u_m1_v1_i1_b1000_r1,2026-01,1000.0,4.1,0.4099999999999999,1004.1,3
lcv28_u_m1_v1_i1_b1000_r1,2026-02,1004.1,-2.88,-0.2868240215118016,1001.22,2
lcv28_u_m1_v1_i1_b1000_r1,2026-03,1001.22,4.300000000000001,0.4294760392321369,1005.52,1
lcv28_u_m1_v1_i1_b1000_r1,2026-04,1005.52,-5.32,-0.5290794812634259,1000.1999999999999,3
lcv28_u_m1_v1_i1_b1000_r1,2026-05,1000.1999999999999,4.2299999999999995,0.4229154169166167,1004.43,1
lcv28_u_m1_v1_i1_b1000_r1,2026-06,1004.43,-17.89,-1.7811096840994398,986.54,4
lcv28_u_m1_v1_i1_b1000_r1,2026-07,986.54,-9.48,-0.960934173981795,977.06,4
lcv28_u_m1_v1_i1_b1000_r1,2026-08,977.06,-12.190000000000001,-1.24762041225718,964.8699999999999,2
lcv28_u_m1_v1_i1_b1000_r2,2026-01,1000.0,8.23,0.8230000000000002,1008.23,3
lcv28_u_m1_v1_i1_b1000_r2,2026-02,1008.23,-5.87,-0.582208424665007,1002.36,2
lcv28_u_m1_v1_i1_b1000_r2,2026-03,1002.36,16.55,1.6511033959854742,1018.91,2
lcv28_u_m1_v1_i1_b1000_r2,2026-04,1018.91,-11.539999999999997,-1.132582858152339,1007.37,3
lcv28_u_m1_v1_i1_b1000_r2,2026-05,1007.37,8.639999999999999,0.857678906459394,1016.01,1
lcv28_u_m1_v1_i1_b1000_r2,2026-06,1016.01,-36.39,-3.5816576608497948,979.62,4
lcv28_u_m1_v1_i1_b1000_r2,2026-07,979.62,-18.7,-1.908903452359078,960.92,4
lcv28_u_m1_v1_i1_b1000_r2,2026-08,960.92,-24.229999999999997,-2.5215418557216,936.6899999999999,2
lcv28_u_m1_v1_i1_b1000_r3,2026-01,1000.0,12.35,1.2349999999999999,1012.35,3
lcv28_u_m1_v1_i1_b1000_r3,2026-02,1012.35,-8.76,-0.8653133797599645,1003.59,2
lcv28_u_m1_v1_i1_b1000_r3,2026-03,1003.59,25.099999999999998,2.501021333413047,1028.69,2
lcv28_u_m1_v1_i1_b1000_r3,2026-04,1028.69,-17.17,-1.669113143901467,1011.5200000000001,3
lcv28_u_m1_v1_i1_b1000_r3,2026-05,1011.5200000000001,13.22,1.3069440050616892,1024.74,1
lcv28_u_m1_v1_i1_b1000_r3,2026-06,1024.74,-55.33,-5.399418389054785,969.41,4
lcv28_u_m1_v1_i1_b1000_r3,2026-07,969.41,-27.790000000000003,-2.8666921116968056,941.62,4
lcv28_u_m1_v1_i1_b1000_r3,2026-08,941.62,-35.620000000000005,-3.782842335549373,906.0,2
lcv28_u_m1_v1_i1_b1000_r4,2026-01,1000.0,16.49,1.6489999999999998,1016.49,3
lcv28_u_m1_v1_i1_b1000_r4,2026-02,1016.49,-11.77,-1.1579061279501028,1004.72,2
lcv28_u_m1_v1_i1_b1000_r4,2026-03,1004.72,33.63,3.3472012102874436,1038.3500000000001,2
lcv28_u_m1_v1_i1_b1000_r4,2026-04,1038.3500000000001,-23.83,-2.294987239370154,1014.5200000000001,3
lcv28_u_m1_v1_i1_b1000_r4,2026-05,1014.5200000000001,17.62,1.7367819264282616,1032.14,1
lcv28_u_m1_v1_i1_b1000_r4,2026-06,1032.14,-74.32,-7.200573565601564,957.8200000000002,4
lcv28_u_m1_v1_i1_b1000_r4,2026-07,957.8200000000002,-37.0,-3.862938756760142,920.8200000000002,4
lcv28_u_m1_v1_i1_b1000_r4,2026-08,920.8200000000002,-46.34,-5.0324710584044645,874.4800000000001,2
lcv28_u_m1_v1_i1_b1000_r5,2026-01,1000.0,20.700000000000003,2.0700000000000003,1020.7,3
lcv28_u_m1_v1_i1_b1000_r5,2026-02,1020.7,-14.78,-1.4480258646027235,1005.9200000000001,2
lcv28_u_m1_v1_i1_b1000_r5,2026-03,1005.9200000000001,42.2,4.195164625417528,1048.1200000000001,2
lcv28_u_m1_v1_i1_b1000_r5,2026-04,1048.1200000000001,-30.27,-2.8880280883868252,1017.8500000000001,3
lcv28_u_m1_v1_i1_b1000_r5,2026-05,1017.8500000000001,22.03,2.164366065726777,1039.88,1
lcv28_u_m1_v1_i1_b1000_r5,2026-06,1039.88,-93.36,-8.977958995268684,946.5200000000001,4
lcv28_u_m1_v1_i1_b1000_r5,2026-07,946.5200000000001,-45.78,-4.836664835397033,900.7400000000001,4
lcv28_u_m1_v1_i1_b1000_r5,2026-08,900.7400000000001,-56.68,-6.292603859049225,844.0600000000002,2
lcv28_u_m1_v1_i1_b3000_r0,2026-01,3000.0,1.7299999999999998,0.057666666666666665,3001.73,3
lcv28_u_m1_v1_i1_b3000_r0,2026-02,3001.73,-1.78,-0.05929913749737651,2999.95,2
lcv28_u_m1_v1_i1_b3000_r0,2026-03,2999.95,7.75,0.2583376389606493,3007.7,2
lcv28_u_m1_v1_i1_b3000_r0,2026-04,3007.7,-3.3900000000000006,-0.11271070917977194,3004.31,3
lcv28_u_m1_v1_i1_b3000_r0,2026-05,3004.31,2.47,0.08221521747090015,3006.7799999999997,1
lcv28_u_m1_v1_i1_b3000_r0,2026-06,3006.7799999999997,-15.35,-0.5105129074957263,2991.43,4
lcv28_u_m1_v1_i1_b3000_r0,2026-07,2991.43,-5.56,-0.1858642856426525,2985.87,4
lcv28_u_m1_v1_i1_b3000_r0,2026-08,2985.87,-4.62,-0.15472877251856243,2981.25,2
lcv28_u_m1_v1_i1_b3000_r1,2026-01,3000.0,12.34,0.41133333333333333,3012.34,3
lcv28_u_m1_v1_i1_b3000_r1,2026-02,3012.34,-8.76,-0.2908038269252474,3003.58,2
lcv28_u_m1_v1_i1_b3000_r1,2026-03,3003.58,25.099999999999998,0.8356694344748599,3028.68,2
lcv28_u_m1_v1_i1_b3000_r1,2026-04,3028.68,-16.45,-0.5431409062693979,3012.23,3
lcv28_u_m1_v1_i1_b3000_r1,2026-05,3012.23,13.05,0.43323385000481374,3025.28,1
lcv28_u_m1_v1_i1_b3000_r1,2026-06,3025.28,-54.86000000000001,-1.8133858684154858,2970.42,4
lcv28_u_m1_v1_i1_b3000_r1,2026-07,2970.42,-28.459999999999997,-0.9581136674275017,2941.96,4
lcv28_u_m1_v1_i1_b3000_r1,2026-08,2941.96,-37.14,-1.2624236903288963,2904.82,2
lcv28_u_m1_v1_i1_b3000_r2,2026-01,3000.0,24.79,0.8263333333333333,3024.79,3
lcv28_u_m1_v1_i1_b3000_r2,2026-02,3024.79,-17.63,-0.5828503796957805,3007.16,2
lcv28_u_m1_v1_i1_b3000_r2,2026-03,3007.16,50.2,1.6693491533539953,3057.3599999999997,2
lcv28_u_m1_v1_i1_b3000_r2,2026-04,3057.3599999999997,-34.269999999999996,-1.1209016929638642,3023.0899999999997,3
lcv28_u_m1_v1_i1_b3000_r2,2026-05,3023.0899999999997,26.259999999999998,0.8686476419822102,3049.35,1
lcv28_u_m1_v1_i1_b3000_r2,2026-06,3049.35,-110.7,-3.630281863347927,2938.65,4
lcv28_u_m1_v1_i1_b3000_r2,2026-07,2938.65,-56.8,-1.9328603270209108,2881.85,4
lcv28_u_m1_v1_i1_b3000_r2,2026-08,2881.85,-72.82,-2.5268490726443082,2809.0299999999997,2
lcv28_u_m1_v1_i1_b3000_r3,2026-01,3000.0,37.27,1.2423333333333335,3037.27,3
lcv28_u_m1_v1_i1_b3000_r3,2026-02,3037.27,-26.53,-0.8734817780440989,3010.74,2
lcv28_u_m1_v1_i1_b3000_r3,2026-03,3010.74,75.56,2.5096820050884503,3086.2999999999997,2
lcv28_u_m1_v1_i1_b3000_r3,2026-04,3086.2999999999997,-51.92,-1.6822732722029616,3034.3799999999997,3
lcv28_u_m1_v1_i1_b3000_r3,2026-05,3034.3799999999997,39.66,1.3070215332291935,3074.0399999999995,1
lcv28_u_m1_v1_i1_b3000_r3,2026-06,3074.0399999999995,-167.12,-5.436493994873197,2906.9199999999996,4
lcv28_u_m1_v1_i1_b3000_r3,2026-07,2906.9199999999996,-84.16999999999999,-2.8955045202482355,2822.7499999999995,4
lcv28_u_m1_v1_i1_b3000_r3,2026-08,2822.7499999999995,-106.98,-3.789921176158003,2715.7699999999995,2
lcv28_u_m1_v1_i1_b3000_r4,2026-01,3000.0,49.67,1.6556666666666668,3049.67,3
lcv28_u_m1_v1_i1_b3000_r4,2026-02,3049.67,-35.54,-1.1653719910678861,3014.13,2
lcv28_u_m1_v1_i1_b3000_r4,2026-03,3014.13,101.19999999999999,3.3575194168798292,3115.33,2
lcv28_u_m1_v1_i1_b3000_r4,2026-04,3115.33,-71.51,-2.2954229567975144,3043.8199999999997,3
lcv28_u_m1_v1_i1_b3000_r4,2026-05,3043.8199999999997,53.05,1.74287572852534,3096.87,1
lcv28_u_m1_v1_i1_b3000_r4,2026-06,3096.87,-224.21000000000004,-7.239890599217921,2872.66,4
lcv28_u_m1_v1_i1_b3000_r4,2026-07,2872.66,-110.96000000000001,-3.8626220993782767,2761.7,4
lcv28_u_m1_v1_i1_b3000_r4,2026-08,2761.7,-139.34,-5.04544302422421,2622.3599999999997,2
lcv28_u_m1_v1_i1_b3000_r5,2026-01,3000.0,62.13999999999999,2.071333333333333,3062.14,3
lcv28_u_m1_v1_i1_b3000_r5,2026-02,3062.14,-44.54,-1.4545383294036196,3017.6,2
lcv28_u_m1_v1_i1_b3000_r5,2026-03,3017.6,127.12,4.212619300106045,3144.72,2
lcv28_u_m1_v1_i1_b3000_r5,2026-04,3144.72,-91.14000000000001,-2.898191253911319,3053.58,3
lcv28_u_m1_v1_i1_b3000_r5,2026-05,3053.58,66.45,2.1761342424301966,3120.0299999999997,1
lcv28_u_m1_v1_i1_b3000_r5,2026-06,3120.0299999999997,-281.33000000000004,-9.016900478521043,2838.7,4
lcv28_u_m1_v1_i1_b3000_r5,2026-07,2838.7,-137.24,-4.834607390707014,2701.46,4
lcv28_u_m1_v1_i1_b3000_r5,2026-08,2701.46,-170.0,-6.292893472418617,2531.46,2
lcv28_x_m0_v0_i0_b500_r0,2026-01,500.0,-64.19999999999997,-12.839999999999996,435.8,15
lcv28_x_m0_v0_i0_b500_r0,2026-02,435.8,-8.000000000000014,-1.8357044515832983,427.8,12
lcv28_x_m0_v0_i0_b500_r0,2026-03,427.8,-59.13000000000001,-13.821879382889202,368.67,16
lcv28_x_m0_v0_i0_b500_r0,2026-04,368.67,186.77999999999997,50.66319472699161,555.45,17
lcv28_x_m0_v0_i0_b500_r0,2026-05,555.45,91.19999999999996,16.41911963273021,646.65,15
lcv28_x_m0_v0_i0_b500_r0,2026-06,646.65,-498.47,-77.08497641691797,148.17999999999995,15
lcv28_x_m0_v0_i0_b500_r0,2026-07,148.17999999999995,-148.20000000000002,-100.01349709812395,-0.020000000000067075,18
lcv28_x_m0_v0_i0_b500_r0,2026-08,-0.020000000000067075,0.0,,-0.020000000000067075,0
lcv28_x_m0_v0_i0_b500_r1,2026-01,500.0,0.0,0.0,500.0,0
lcv28_x_m0_v0_i0_b500_r1,2026-02,500.0,0.0,0.0,500.0,0
lcv28_x_m0_v0_i0_b500_r1,2026-03,500.0,0.0,0.0,500.0,0
lcv28_x_m0_v0_i0_b500_r1,2026-04,500.0,0.0,0.0,500.0,0
lcv28_x_m0_v0_i0_b500_r1,2026-05,500.0,0.0,0.0,500.0,0
lcv28_x_m0_v0_i0_b500_r1,2026-06,500.0,0.0,0.0,500.0,0
lcv28_x_m0_v0_i0_b500_r1,2026-07,500.0,0.0,0.0,500.0,0
lcv28_x_m0_v0_i0_b500_r1,2026-08,500.0,0.0,0.0,500.0,0
lcv28_x_m0_v0_i0_b500_r2,2026-01,500.0,0.0,0.0,500.0,0
lcv28_x_m0_v0_i0_b500_r2,2026-02,500.0,0.0,0.0,500.0,0
lcv28_x_m0_v0_i0_b500_r2,2026-03,500.0,0.0,0.0,500.0,0
lcv28_x_m0_v0_i0_b500_r2,2026-04,500.0,0.0,0.0,500.0,0
lcv28_x_m0_v0_i0_b500_r2,2026-05,500.0,0.0,0.0,500.0,0
lcv28_x_m0_v0_i0_b500_r2,2026-06,500.0,0.0,0.0,500.0,0
lcv28_x_m0_v0_i0_b500_r2,2026-07,500.0,0.0,0.0,500.0,0
lcv28_x_m0_v0_i0_b500_r2,2026-08,500.0,0.0,0.0,500.0,0
lcv28_x_m0_v0_i0_b500_r3,2026-01,500.0,0.0,0.0,500.0,0
lcv28_x_m0_v0_i0_b500_r3,2026-02,500.0,0.0,0.0,500.0,0
lcv28_x_m0_v0_i0_b500_r3,2026-03,500.0,0.0,0.0,500.0,0
lcv28_x_m0_v0_i0_b500_r3,2026-04,500.0,0.0,0.0,500.0,0
lcv28_x_m0_v0_i0_b500_r3,2026-05,500.0,0.0,0.0,500.0,0
lcv28_x_m0_v0_i0_b500_r3,2026-06,500.0,0.0,0.0,500.0,0
lcv28_x_m0_v0_i0_b500_r3,2026-07,500.0,0.0,0.0,500.0,0
lcv28_x_m0_v0_i0_b500_r3,2026-08,500.0,0.0,0.0,500.0,0
lcv28_x_m0_v0_i0_b500_r4,2026-01,500.0,-54.58,-10.915999999999999,445.42,3
lcv28_x_m0_v0_i0_b500_r4,2026-02,445.42,0.0,0.0,445.42,0
lcv28_x_m0_v0_i0_b500_r4,2026-03,445.42,0.0,0.0,445.42,0
lcv28_x_m0_v0_i0_b500_r4,2026-04,445.42,0.0,0.0,445.42,0
lcv28_x_m0_v0_i0_b500_r4,2026-05,445.42,0.0,0.0,445.42,0
lcv28_x_m0_v0_i0_b500_r4,2026-06,445.42,0.0,0.0,445.42,0
lcv28_x_m0_v0_i0_b500_r4,2026-07,445.42,0.0,0.0,445.42,0
lcv28_x_m0_v0_i0_b500_r4,2026-08,445.42,27.43,6.1582326792690045,472.85,1
lcv28_x_m0_v0_i0_b500_r5,2026-01,500.0,-80.23000000000002,-16.046000000000006,419.77,6
lcv28_x_m0_v0_i0_b500_r5,2026-02,419.77,0.0,0.0,419.77,0
lcv28_x_m0_v0_i0_b500_r5,2026-03,419.77,0.0,0.0,419.77,0
lcv28_x_m0_v0_i0_b500_r5,2026-04,419.77,-20.27,-4.8288348381256405,399.5,1
lcv28_x_m0_v0_i0_b500_r5,2026-05,399.5,0.0,0.0,399.5,0
lcv28_x_m0_v0_i0_b500_r5,2026-06,399.5,0.0,0.0,399.5,0
lcv28_x_m0_v0_i0_b500_r5,2026-07,399.5,0.0,0.0,399.5,0
lcv28_x_m0_v0_i0_b500_r5,2026-08,399.5,60.900000000000006,15.244055068836046,460.4,5
lcv28_x_m0_v0_i0_b1000_r0,2026-01,1000.0,-64.19999999999997,-6.419999999999998,935.8000000000001,15
lcv28_x_m0_v0_i0_b1000_r0,2026-02,935.8000000000001,-8.000000000000014,-0.8548835221201126,927.8000000000001,12
lcv28_x_m0_v0_i0_b1000_r0,2026-03,927.8000000000001,-59.13000000000001,-6.3731407630954955,868.6700000000001,16
lcv28_x_m0_v0_i0_b1000_r0,2026-04,868.6700000000001,186.77999999999997,21.50183614030644,1055.45,17
lcv28_x_m0_v0_i0_b1000_r0,2026-05,1055.45,91.19999999999996,8.640864086408637,1146.65,15
lcv28_x_m0_v0_i0_b1000_r0,2026-06,1146.65,-498.47,-43.471852788557975,648.1800000000001,15
lcv28_x_m0_v0_i0_b1000_r0,2026-07,648.1800000000001,-218.15,-33.65577463050387,430.0300000000001,20
lcv28_x_m0_v0_i0_b1000_r0,2026-08,430.0300000000001,158.69000000000005,36.90207659930703,588.7200000000001,14
lcv28_x_m0_v0_i0_b1000_r1,2026-01,1000.0,0.0,0.0,1000.0,0
lcv28_x_m0_v0_i0_b1000_r1,2026-02,1000.0,0.0,0.0,1000.0,0
lcv28_x_m0_v0_i0_b1000_r1,2026-03,1000.0,0.0,0.0,1000.0,0
lcv28_x_m0_v0_i0_b1000_r1,2026-04,1000.0,0.0,0.0,1000.0,0
lcv28_x_m0_v0_i0_b1000_r1,2026-05,1000.0,0.0,0.0,1000.0,0
lcv28_x_m0_v0_i0_b1000_r1,2026-06,1000.0,0.0,0.0,1000.0,0
lcv28_x_m0_v0_i0_b1000_r1,2026-07,1000.0,0.0,0.0,1000.0,0
lcv28_x_m0_v0_i0_b1000_r1,2026-08,1000.0,0.0,0.0,1000.0,0
lcv28_x_m0_v0_i0_b1000_r2,2026-01,1000.0,-54.58,-5.457999999999999,945.42,3
lcv28_x_m0_v0_i0_b1000_r2,2026-02,945.42,0.0,0.0,945.42,0
lcv28_x_m0_v0_i0_b1000_r2,2026-03,945.42,0.0,0.0,945.42,0
lcv28_x_m0_v0_i0_b1000_r2,2026-04,945.42,0.0,0.0,945.42,0
lcv28_x_m0_v0_i0_b1000_r2,2026-05,945.42,0.0,0.0,945.42,0
lcv28_x_m0_v0_i0_b1000_r2,2026-06,945.42,0.0,0.0,945.42,0
lcv28_x_m0_v0_i0_b1000_r2,2026-07,945.42,0.0,0.0,945.42,0
lcv28_x_m0_v0_i0_b1000_r2,2026-08,945.42,57.93000000000001,6.127435425525165,1003.3499999999999,4
lcv28_x_m0_v0_i0_b1000_r3,2026-01,1000.0,-30.269999999999996,-3.0269999999999997,969.73,10
lcv28_x_m0_v0_i0_b1000_r3,2026-02,969.73,31.49999999999999,3.2483268538665393,1001.23,8
lcv28_x_m0_v0_i0_b1000_r3,2026-03,1001.23,63.56,6.34819172417926,1064.79,2
lcv28_x_m0_v0_i0_b1000_r3,2026-04,1064.79,51.51000000000002,4.837573606063169,1116.3,6
lcv28_x_m0_v0_i0_b1000_r3,2026-05,1116.3,5.189999999999986,0.46492878258532533,1121.49,10
lcv28_x_m0_v0_i0_b1000_r3,2026-06,1121.49,-61.91,-5.520334554922469,1059.58,2
lcv28_x_m0_v0_i0_b1000_r3,2026-07,1059.58,-24.7,-2.331112327526001,1034.8799999999999,5
lcv28_x_m0_v0_i0_b1000_r3,2026-08,1034.8799999999999,101.21,9.779877860235004,1136.09,14
lcv28_x_m0_v0_i0_b1000_r4,2026-01,1000.0,-99.58,-9.958,900.42,11
lcv28_x_m0_v0_i0_b1000_r4,2026-02,900.42,31.36999999999999,3.4839297216854344,931.79,9
lcv28_x_m0_v0_i0_b1000_r4,2026-03,931.79,108.75,11.671084686463688,1040.54,4
lcv28_x_m0_v0_i0_b1000_r4,2026-04,1040.54,48.99000000000001,4.708132315912892,1089.53,15
lcv28_x_m0_v0_i0_b1000_r4,2026-05,1089.53,132.14,12.128165355703835,1221.67,14
lcv28_x_m0_v0_i0_b1000_r4,2026-06,1221.67,-52.87,-4.327682598410372,1168.8000000000002,6
lcv28_x_m0_v0_i0_b1000_r4,2026-07,1168.8000000000002,-17.299999999999997,-1.4801505817932916,1151.5000000000002,13
lcv28_x_m0_v0_i0_b1000_r4,2026-08,1151.5000000000002,216.23,18.77811550151975,1367.7300000000002,15
lcv28_x_m0_v0_i0_b1000_r5,2026-01,1000.0,-184.73999999999998,-18.474,815.26,12
lcv28_x_m0_v0_i0_b1000_r5,2026-02,815.26,31.36999999999999,3.847852218924023,846.63,9
lcv28_x_m0_v0_i0_b1000_r5,2026-03,846.63,95.33999999999997,11.261117607455438,941.97,8
lcv28_x_m0_v0_i0_b1000_r5,2026-04,941.97,34.85999999999999,3.700754801108315,976.83,15
lcv28_x_m0_v0_i0_b1000_r5,2026-05,976.83,78.31999999999996,8.017771771956223,1055.15,15
lcv28_x_m0_v0_i0_b1000_r5,2026-06,1055.15,-77.71000000000001,-7.36482964507416,977.44,6
lcv28_x_m0_v0_i0_b1000_r5,2026-07,977.44,-98.74000000000001,-10.101898837780325,878.7,15
lcv28_x_m0_v0_i0_b1000_r5,2026-08,878.7,216.23,24.607943552975986,1094.93,15
lcv28_x_m0_v0_i0_b3000_r0,2026-01,3000.0,-64.19999999999997,-2.1399999999999992,2935.8,15
lcv28_x_m0_v0_i0_b3000_r0,2026-02,2935.8,-8.000000000000014,-0.27249812657538025,2927.8,12
lcv28_x_m0_v0_i0_b3000_r0,2026-03,2927.8,-59.13000000000001,-2.0196051642871784,2868.67,16
lcv28_x_m0_v0_i0_b3000_r0,2026-04,2868.67,186.77999999999997,6.511031244444289,3055.45,17
lcv28_x_m0_v0_i0_b3000_r0,2026-05,3055.45,91.19999999999996,2.9848303850496642,3146.6499999999996,15
lcv28_x_m0_v0_i0_b3000_r0,2026-06,3146.6499999999996,-498.47,-15.841291532264473,2648.1799999999994,15
lcv28_x_m0_v0_i0_b3000_r0,2026-07,2648.1799999999994,-218.15,-8.237733084609054,2430.0299999999993,20
lcv28_x_m0_v0_i0_b3000_r0,2026-08,2430.0299999999993,158.69000000000005,6.530372053019925,2588.7199999999993,14
lcv28_x_m0_v0_i0_b3000_r1,2026-01,3000.0,-30.269999999999996,-1.009,2969.73,10
lcv28_x_m0_v0_i0_b3000_r1,2026-02,2969.73,62.059999999999995,2.0897522670411113,3031.79,7
lcv28_x_m0_v0_i0_b3000_r1,2026-03,3031.79,63.56,2.096451271361143,3095.35,2
lcv28_x_m0_v0_i0_b3000_r1,2026-04,3095.35,51.51000000000002,1.664109066826046,3146.86,6
lcv28_x_m0_v0_i0_b3000_r1,2026-05,3146.86,9.960000000000003,0.3165059773869826,3156.82,7
lcv28_x_m0_v0_i0_b3000_r1,2026-06,3156.82,-28.72,-0.9097762938653454,3128.1000000000004,1
lcv28_x_m0_v0_i0_b3000_r1,2026-07,3128.1000000000004,47.39000000000001,1.514977142674467,3175.4900000000002,5
lcv28_x_m0_v0_i0_b3000_r1,2026-08,3175.4900000000002,101.21,3.1872246487943587,3276.7000000000003,14
lcv28_x_m0_v0_i0_b3000_r2,2026-01,3000.0,-130.14999999999998,-4.338333333333332,2869.85,15
lcv28_x_m0_v0_i0_b3000_r2,2026-02,2869.85,83.10000000000001,2.8956217223896723,2952.95,12
lcv28_x_m0_v0_i0_b3000_r2,2026-03,2952.95,76.68,2.5967253085897157,3029.6299999999997,13
lcv28_x_m0_v0_i0_b3000_r2,2026-04,3029.6299999999997,24.819999999999975,0.8192419536379022,3054.45,17
lcv28_x_m0_v0_i0_b3000_r2,2026-05,3054.45,24.789999999999992,0.8116027435381163,3079.24,15
lcv28_x_m0_v0_i0_b3000_r2,2026-06,3079.24,-288.21,-9.359777087852846,2791.0299999999997,10
lcv28_x_m0_v0_i0_b3000_r2,2026-07,2791.0299999999997,-179.07999999999993,-6.416269262601977,2611.95,19
lcv28_x_m0_v0_i0_b3000_r2,2026-08,2611.95,241.44,9.243668523516915,2853.39,15
lcv28_x_m0_v0_i0_b3000_r3,2026-01,3000.0,-229.4799999999999,-7.64933333333333,2770.52,15
lcv28_x_m0_v0_i0_b3000_r3,2026-02,2770.52,83.61000000000001,3.0178450254825817,2854.13,12
lcv28_x_m0_v0_i0_b3000_r3,2026-03,2854.13,81.72000000000006,2.8632192647146435,2935.8500000000004,16
lcv28_x_m0_v0_i0_b3000_r3,2026-04,2935.8500000000004,277.53000000000003,9.453139635880579,3213.3800000000006,17
lcv28_x_m0_v0_i0_b3000_r3,2026-05,3213.3800000000006,186.46000000000004,5.802612825124946,3399.8400000000006,15
lcv28_x_m0_v0_i0_b3000_r3,2026-06,3399.8400000000006,-638.02,-18.766177231869733,2761.8200000000006,15
lcv28_x_m0_v0_i0_b3000_r3,2026-07,2761.8200000000006,-142.87999999999997,-5.17340014917699,2618.9400000000005,20
lcv28_x_m0_v0_i0_b3000_r3,2026-08,2618.9400000000005,78.96000000000004,3.014960251093955,2697.9000000000005,14
lcv28_x_m0_v0_i0_b3000_r4,2026-01,3000.0,-286.99,-9.566333333333334,2713.01,15
lcv28_x_m0_v0_i0_b3000_r4,2026-02,2713.01,-5.930000000000007,-0.2185764151256356,2707.0800000000004,12
lcv28_x_m0_v0_i0_b3000_r4,2026-03,2707.0800000000004,145.51999999999998,5.375533785481033,2852.6000000000004,16
lcv28_x_m0_v0_i0_b3000_r4,2026-04,2852.6000000000004,287.8299999999999,10.090093248264736,3140.4300000000003,17
lcv28_x_m0_v0_i0_b3000_r4,2026-05,3140.4300000000003,223.51999999999998,7.117496648548127,3363.9500000000003,15
lcv28_x_m0_v0_i0_b3000_r4,2026-06,3363.9500000000003,-856.3499999999998,-25.45668039061222,2507.6000000000004,15
lcv28_x_m0_v0_i0_b3000_r4,2026-07,2507.6000000000004,-359.47,-14.335220928377732,2148.13,20
lcv28_x_m0_v0_i0_b3000_r4,2026-08,2148.13,102.72000000000001,4.781833501696825,2250.85,14
lcv28_x_m0_v0_i0_b3000_r5,2026-01,3000.0,-490.7200000000001,-16.357333333333337,2509.2799999999997,15
lcv28_x_m0_v0_i0_b3000_r5,2026-02,2509.2799999999997,114.02000000000007,4.543932920997261,2623.2999999999997,12
lcv28_x_m0_v0_i0_b3000_r5,2026-03,2623.2999999999997,179.90000000000003,6.857774558761867,2803.2,16
lcv28_x_m0_v0_i0_b3000_r5,2026-04,2803.2,523.55,18.67686929223744,3326.75,17
lcv28_x_m0_v0_i0_b3000_r5,2026-05,3326.75,339.84000000000015,10.215375366348542,3666.59,15
lcv28_x_m0_v0_i0_b3000_r5,2026-06,3666.59,-1243.6100000000004,-33.917345544497756,2422.9799999999996,15
lcv28_x_m0_v0_i0_b3000_r5,2026-07,2422.9799999999996,-393.26,-16.230426994857574,2029.7199999999996,20
lcv28_x_m0_v0_i0_b3000_r5,2026-08,2029.7199999999996,17.499999999999964,0.862187887984548,2047.2199999999996,14
lcv28_x_m0_v0_i1_b500_r0,2026-01,500.0,15.190000000000001,3.0380000000000003,515.19,10
lcv28_x_m0_v0_i1_b500_r0,2026-02,515.19,141.01,27.370484675556582,656.2,7
lcv28_x_m0_v0_i1_b500_r0,2026-03,656.2,18.869999999999997,2.875647668393782,675.07,6
lcv28_x_m0_v0_i1_b500_r0,2026-04,675.07,136.21,20.177166812330576,811.2800000000001,9
lcv28_x_m0_v0_i1_b500_r0,2026-05,811.2800000000001,-124.96,-15.402820234690855,686.32,10
lcv28_x_m0_v0_i1_b500_r0,2026-06,686.32,-79.92,-11.644713836111434,606.4000000000001,6
lcv28_x_m0_v0_i1_b500_r0,2026-07,606.4000000000001,-186.24,-30.712401055408968,420.1600000000001,12
lcv28_x_m0_v0_i1_b500_r0,2026-08,420.1600000000001,30.32,7.216298552932216,450.4800000000001,6
lcv28_x_m0_v0_i1_b500_r1,2026-01,500.0,0.0,0.0,500.0,0
lcv28_x_m0_v0_i1_b500_r1,2026-02,500.0,0.0,0.0,500.0,0
lcv28_x_m0_v0_i1_b500_r1,2026-03,500.0,0.0,0.0,500.0,0
lcv28_x_m0_v0_i1_b500_r1,2026-04,500.0,0.0,0.0,500.0,0
lcv28_x_m0_v0_i1_b500_r1,2026-05,500.0,0.0,0.0,500.0,0
lcv28_x_m0_v0_i1_b500_r1,2026-06,500.0,0.0,0.0,500.0,0
lcv28_x_m0_v0_i1_b500_r1,2026-07,500.0,0.0,0.0,500.0,0
lcv28_x_m0_v0_i1_b500_r1,2026-08,500.0,0.0,0.0,500.0,0
lcv28_x_m0_v0_i1_b500_r2,2026-01,500.0,0.0,0.0,500.0,0
lcv28_x_m0_v0_i1_b500_r2,2026-02,500.0,0.0,0.0,500.0,0
lcv28_x_m0_v0_i1_b500_r2,2026-03,500.0,0.0,0.0,500.0,0
lcv28_x_m0_v0_i1_b500_r2,2026-04,500.0,0.0,0.0,500.0,0
lcv28_x_m0_v0_i1_b500_r2,2026-05,500.0,0.0,0.0,500.0,0
lcv28_x_m0_v0_i1_b500_r2,2026-06,500.0,0.0,0.0,500.0,0
lcv28_x_m0_v0_i1_b500_r2,2026-07,500.0,0.0,0.0,500.0,0
lcv28_x_m0_v0_i1_b500_r2,2026-08,500.0,0.0,0.0,500.0,0
lcv28_x_m0_v0_i1_b500_r3,2026-01,500.0,0.0,0.0,500.0,0
lcv28_x_m0_v0_i1_b500_r3,2026-02,500.0,0.0,0.0,500.0,0
lcv28_x_m0_v0_i1_b500_r3,2026-03,500.0,0.0,0.0,500.0,0
lcv28_x_m0_v0_i1_b500_r3,2026-04,500.0,0.0,0.0,500.0,0
lcv28_x_m0_v0_i1_b500_r3,2026-05,500.0,0.0,0.0,500.0,0
lcv28_x_m0_v0_i1_b500_r3,2026-06,500.0,0.0,0.0,500.0,0
lcv28_x_m0_v0_i1_b500_r3,2026-07,500.0,0.0,0.0,500.0,0
lcv28_x_m0_v0_i1_b500_r3,2026-08,500.0,0.0,0.0,500.0,0
lcv28_x_m0_v0_i1_b500_r4,2026-01,500.0,0.0,0.0,500.0,0
lcv28_x_m0_v0_i1_b500_r4,2026-02,500.0,0.0,0.0,500.0,0
lcv28_x_m0_v0_i1_b500_r4,2026-03,500.0,0.0,0.0,500.0,0
lcv28_x_m0_v0_i1_b500_r4,2026-04,500.0,0.0,0.0,500.0,0
lcv28_x_m0_v0_i1_b500_r4,2026-05,500.0,0.0,0.0,500.0,0
lcv28_x_m0_v0_i1_b500_r4,2026-06,500.0,0.0,0.0,500.0,0
lcv28_x_m0_v0_i1_b500_r4,2026-07,500.0,0.0,0.0,500.0,0
lcv28_x_m0_v0_i1_b500_r4,2026-08,500.0,24.720000000000002,4.944000000000001,524.72,1
lcv28_x_m0_v0_i1_b500_r5,2026-01,500.0,-16.61,-3.322,483.39,2
lcv28_x_m0_v0_i1_b500_r5,2026-02,483.39,26.23,5.4262603694739235,509.62,1
lcv28_x_m0_v0_i1_b500_r5,2026-03,509.62,0.0,0.0,509.62,0
lcv28_x_m0_v0_i1_b500_r5,2026-04,509.62,0.0,0.0,509.62,0
lcv28_x_m0_v0_i1_b500_r5,2026-05,509.62,5.36,1.0517640594953102,514.98,1
lcv28_x_m0_v0_i1_b500_r5,2026-06,514.98,0.0,0.0,514.98,0
lcv28_x_m0_v0_i1_b500_r5,2026-07,514.98,0.0,0.0,514.98,0
lcv28_x_m0_v0_i1_b500_r5,2026-08,514.98,24.720000000000002,4.800186415006409,539.7,1
lcv28_x_m0_v0_i1_b1000_r0,2026-01,1000.0,15.190000000000001,1.5190000000000001,1015.19,10
lcv28_x_m0_v0_i1_b1000_r0,2026-02,1015.19,141.01,13.890010736906392,1156.2,7
lcv28_x_m0_v0_i1_b1000_r0,2026-03,1156.2,18.869999999999997,1.632070576024909,1175.07,6
lcv28_x_m0_v0_i1_b1000_r0,2026-04,1175.07,136.21,11.591649859157329,1311.28,9
lcv28_x_m0_v0_i1_b1000_r0,2026-05,1311.28,-124.96,-9.529619913367092,1186.32,10
lcv28_x_m0_v0_i1_b1000_r0,2026-06,1186.32,-79.92,-6.7367995144649,1106.3999999999999,6
lcv28_x_m0_v0_i1_b1000_r0,2026-07,1106.3999999999999,-186.24,-16.832971800433842,920.1599999999999,12
lcv28_x_m0_v0_i1_b1000_r0,2026-08,920.1599999999999,30.32,3.2950791166753612,950.4799999999999,6
lcv28_x_m0_v0_i1_b1000_r1,2026-01,1000.0,0.0,0.0,1000.0,0
lcv28_x_m0_v0_i1_b1000_r1,2026-02,1000.0,0.0,0.0,1000.0,0
lcv28_x_m0_v0_i1_b1000_r1,2026-03,1000.0,0.0,0.0,1000.0,0
lcv28_x_m0_v0_i1_b1000_r1,2026-04,1000.0,0.0,0.0,1000.0,0
lcv28_x_m0_v0_i1_b1000_r1,2026-05,1000.0,0.0,0.0,1000.0,0
lcv28_x_m0_v0_i1_b1000_r1,2026-06,1000.0,0.0,0.0,1000.0,0
lcv28_x_m0_v0_i1_b1000_r1,2026-07,1000.0,0.0,0.0,1000.0,0
lcv28_x_m0_v0_i1_b1000_r1,2026-08,1000.0,0.0,0.0,1000.0,0
lcv28_x_m0_v0_i1_b1000_r2,2026-01,1000.0,0.0,0.0,1000.0,0
lcv28_x_m0_v0_i1_b1000_r2,2026-02,1000.0,0.0,0.0,1000.0,0
lcv28_x_m0_v0_i1_b1000_r2,2026-03,1000.0,0.0,0.0,1000.0,0
lcv28_x_m0_v0_i1_b1000_r2,2026-04,1000.0,0.0,0.0,1000.0,0
lcv28_x_m0_v0_i1_b1000_r2,2026-05,1000.0,0.0,0.0,1000.0,0
lcv28_x_m0_v0_i1_b1000_r2,2026-06,1000.0,0.0,0.0,1000.0,0
lcv28_x_m0_v0_i1_b1000_r2,2026-07,1000.0,0.0,0.0,1000.0,0
lcv28_x_m0_v0_i1_b1000_r2,2026-08,1000.0,24.720000000000002,2.4720000000000004,1024.72,1
lcv28_x_m0_v0_i1_b1000_r3,2026-01,1000.0,-27.910000000000004,-2.7910000000000004,972.09,7
lcv28_x_m0_v0_i1_b1000_r3,2026-02,972.09,103.16,10.612186114454422,1075.25,3
lcv28_x_m0_v0_i1_b1000_r3,2026-03,1075.25,0.0,0.0,1075.25,0
lcv28_x_m0_v0_i1_b1000_r3,2026-04,1075.25,69.51,6.464543129504767,1144.76,4
lcv28_x_m0_v0_i1_b1000_r3,2026-05,1144.76,-48.76,-4.259408085537579,1096.0,5
lcv28_x_m0_v0_i1_b1000_r3,2026-06,1096.0,4.76,0.43430656934306566,1100.76,1
lcv28_x_m0_v0_i1_b1000_r3,2026-07,1100.76,-9.510000000000002,-0.863948544641884,1091.25,1
lcv28_x_m0_v0_i1_b1000_r3,2026-08,1091.25,22.490000000000002,2.0609392898052694,1113.74,4
lcv28_x_m0_v0_i1_b1000_r4,2026-01,1000.0,-25.539999999999992,-2.5539999999999994,974.46,8
lcv28_x_m0_v0_i1_b1000_r4,2026-02,974.46,103.16,10.586376044168052,1077.6200000000001,3
lcv28_x_m0_v0_i1_b1000_r4,2026-03,1077.6200000000001,42.28,3.9234609602642854,1119.9,2
lcv28_x_m0_v0_i1_b1000_r4,2026-04,1119.9,85.12,7.600678632020716,1205.02,7
lcv28_x_m0_v0_i1_b1000_r4,2026-05,1205.02,-57.31,-4.755937660785714,1147.71,8
lcv28_x_m0_v0_i1_b1000_r4,2026-06,1147.71,4.76,0.41473891488267944,1152.47,1
lcv28_x_m0_v0_i1_b1000_r4,2026-07,1152.47,-58.019999999999996,-5.034404366274176,1094.45,5
lcv28_x_m0_v0_i1_b1000_r4,2026-08,1094.45,55.05,5.0299237059710356,1149.5,6
lcv28_x_m0_v0_i1_b1000_r5,2026-01,1000.0,-36.18,-3.618,963.82,9
lcv28_x_m0_v0_i1_b1000_r5,2026-02,963.82,139.01,14.42281753854454,1102.83,5
lcv28_x_m0_v0_i1_b1000_r5,2026-03,1102.83,51.08999999999999,4.632626968798454,1153.9199999999998,3
lcv28_x_m0_v0_i1_b1000_r5,2026-04,1153.9199999999998,202.41000000000003,17.541077371048257,1356.33,9
lcv28_x_m0_v0_i1_b1000_r5,2026-05,1356.33,-159.84,-11.784742651124727,1196.49,9
lcv28_x_m0_v0_i1_b1000_r5,2026-06,1196.49,-98.8,-8.25748648129111,1097.69,3
lcv28_x_m0_v0_i1_b1000_r5,2026-07,1097.69,-141.27999999999997,-12.870664759631586,956.4100000000001,10
lcv28_x_m0_v0_i1_b1000_r5,2026-08,956.4100000000001,55.05,5.755899666461036,1011.46,6
lcv28_x_m0_v0_i1_b3000_r0,2026-01,3000.0,15.190000000000001,0.5063333333333334,3015.19,10
lcv28_x_m0_v0_i1_b3000_r0,2026-02,3015.19,141.01,4.676653875875152,3156.2,7
lcv28_x_m0_v0_i1_b3000_r0,2026-03,3156.2,18.869999999999997,0.5978708573601166,3175.0699999999997,6
lcv28_x_m0_v0_i1_b3000_r0,2026-04,3175.0699999999997,136.21,4.289984157829592,3311.2799999999997,9
lcv28_x_m0_v0_i1_b3000_r0,2026-05,3311.2799999999997,-124.96,-3.7737672440868786,3186.3199999999997,10
lcv28_x_m0_v0_i1_b3000_r0,2026-06,3186.3199999999997,-79.92,-2.5082226518366015,3106.3999999999996,6
lcv28_x_m0_v0_i1_b3000_r0,2026-07,3106.3999999999996,-186.24,-5.995364408962144,2920.16,12
lcv28_x_m0_v0_i1_b3000_r0,2026-08,2920.16,30.32,1.038299271272807,2950.48,6
lcv28_x_m0_v0_i1_b3000_r1,2026-01,3000.0,-27.910000000000004,-0.9303333333333336,2972.09,7
lcv28_x_m0_v0_i1_b3000_r1,2026-02,2972.09,103.16,3.4709581472970195,3075.25,3
lcv28_x_m0_v0_i1_b3000_r1,2026-03,3075.25,0.0,0.0,3075.25,0
lcv28_x_m0_v0_i1_b3000_r1,2026-04,3075.25,66.16999999999999,2.15169498414763,3141.42,3
lcv28_x_m0_v0_i1_b3000_r1,2026-05,3141.42,-39.01,-1.2417951117647432,3102.41,4
lcv28_x_m0_v0_i1_b3000_r1,2026-06,3102.41,0.0,0.0,3102.41,0
lcv28_x_m0_v0_i1_b3000_r1,2026-07,3102.41,0.0,0.0,3102.41,0
lcv28_x_m0_v0_i1_b3000_r1,2026-08,3102.41,22.650000000000002,0.73007758484533,3125.06,3
lcv28_x_m0_v0_i1_b3000_r2,2026-01,3000.0,-12.649999999999993,-0.42166666666666647,2987.35,10
lcv28_x_m0_v0_i1_b3000_r2,2026-02,2987.35,249.29,8.344854134935645,3236.64,6
lcv28_x_m0_v0_i1_b3000_r2,2026-03,3236.64,54.55,1.6853897869395422,3291.19,5
lcv28_x_m0_v0_i1_b3000_r2,2026-04,3291.19,205.76000000000005,6.251842038897785,3496.9500000000003,9
lcv28_x_m0_v0_i1_b3000_r2,2026-05,3496.9500000000003,-173.67,-4.966327799939947,3323.28,10
lcv28_x_m0_v0_i1_b3000_r2,2026-06,3323.28,-79.65,-2.396728533256301,3243.63,5
lcv28_x_m0_v0_i1_b3000_r2,2026-07,3243.63,-195.74,-6.0345970409695315,3047.8900000000003,12
lcv28_x_m0_v0_i1_b3000_r2,2026-08,3047.8900000000003,77.72,2.549960792548287,3125.61,6
lcv28_x_m0_v0_i1_b3000_r3,2026-01,3000.0,-48.81000000000002,-1.6270000000000007,2951.19,10
lcv28_x_m0_v0_i1_b3000_r3,2026-02,2951.19,373.6,12.659300146720476,3324.79,7
lcv28_x_m0_v0_i1_b3000_r3,2026-03,3324.79,61.16999999999997,1.8398154469906363,3385.96,6
lcv28_x_m0_v0_i1_b3000_r3,2026-04,3385.96,342.02000000000004,10.101123462769792,3727.98,9
lcv28_x_m0_v0_i1_b3000_r3,2026-05,3727.98,-279.39,-7.4944071588366885,3448.59,10
lcv28_x_m0_v0_i1_b3000_r3,2026-06,3448.59,-121.26999999999998,-3.5165096459712513,3327.32,6
lcv28_x_m0_v0_i1_b3000_r3,2026-07,3327.32,-323.59,-9.725244340790786,3003.73,12
lcv28_x_m0_v0_i1_b3000_r3,2026-08,3003.73,109.24000000000001,3.6368115642884016,3112.9700000000003,6
lcv28_x_m0_v0_i1_b3000_r4,2026-01,3000.0,-18.920000000000012,-0.630666666666667,2981.08,10
lcv28_x_m0_v0_i1_b3000_r4,2026-02,2981.08,537.1600000000001,18.018972989654756,3518.24,7
lcv28_x_m0_v0_i1_b3000_r4,2026-03,3518.24,80.08,2.2761380690345177,3598.3199999999997,6
lcv28_x_m0_v0_i1_b3000_r4,2026-04,3598.3199999999997,482.90999999999997,13.420429533782432,4081.2299999999996,9
lcv28_x_m0_v0_i1_b3000_r4,2026-05,4081.2299999999996,-403.37,-9.883540011222108,3677.8599999999997,10
lcv28_x_m0_v0_i1_b3000_r4,2026-06,3677.8599999999997,-154.76,-4.2078817573262715,3523.0999999999995,6
lcv28_x_m0_v0_i1_b3000_r4,2026-07,3523.0999999999995,-433.88,-12.315290511197526,3089.2199999999993,12
lcv28_x_m0_v0_i1_b3000_r4,2026-08,3089.2199999999993,162.99999999999997,5.2764128161801365,3252.2199999999993,6
lcv28_x_m0_v0_i1_b3000_r5,2026-01,3000.0,-59.06999999999999,-1.9689999999999999,2940.93,10
lcv28_x_m0_v0_i1_b3000_r5,2026-02,2940.93,653.6800000000001,22.226982621143655,3594.6099999999997,7
lcv28_x_m0_v0_i1_b3000_r5,2026-03,3594.6099999999997,158.04999999999998,4.39686085555874,3752.66,6
lcv28_x_m0_v0_i1_b3000_r5,2026-04,3752.66,687.8100000000001,18.328598913837123,4440.47,9
lcv28_x_m0_v0_i1_b3000_r5,2026-05,4440.47,-561.23,-12.638977405544907,3879.2400000000002,10
lcv28_x_m0_v0_i1_b3000_r5,2026-06,3879.2400000000002,-244.28,-6.297109743145564,3634.96,6
lcv28_x_m0_v0_i1_b3000_r5,2026-07,3634.96,-634.3399999999999,-17.451086119242028,3000.62,12
lcv28_x_m0_v0_i1_b3000_r5,2026-08,3000.62,185.48999999999998,6.1817224440282335,3186.1099999999997,6
lcv28_x_m0_v1_i0_b500_r0,2026-01,500.0,114.35000000000002,22.870000000000005,614.35,7
lcv28_x_m0_v1_i0_b500_r0,2026-02,614.35,-50.099999999999994,-8.154960527386667,564.25,0
lcv28_x_m0_v1_i0_b500_r0,2026-03,564.25,54.02000000000001,9.57377049180328,618.27,2
lcv28_x_m0_v1_i0_b500_r0,2026-04,618.27,-28.29,-4.575670823426659,589.98,4
lcv28_x_m0_v1_i0_b500_r0,2026-05,589.98,34.71999999999999,5.884945252381435,624.7,4
lcv28_x_m0_v1_i0_b500_r0,2026-06,624.7,-159.16,-25.47782935809188,465.5400000000001,4
lcv28_x_m0_v1_i0_b500_r0,2026-07,465.5400000000001,106.71000000000001,22.921768269106842,572.2500000000001,4
lcv28_x_m0_v1_i0_b500_r0,2026-08,572.2500000000001,-28.230000000000004,-4.933158584534731,544.0200000000001,2
lcv28_x_m0_v1_i0_b500_r1,2026-01,500.0,0.0,0.0,500.0,0
lcv28_x_m0_v1_i0_b500_r1,2026-02,500.0,0.0,0.0,500.0,0
lcv28_x_m0_v1_i0_b500_r1,2026-03,500.0,0.0,0.0,500.0,0
lcv28_x_m0_v1_i0_b500_r1,2026-04,500.0,0.0,0.0,500.0,0
lcv28_x_m0_v1_i0_b500_r1,2026-05,500.0,0.0,0.0,500.0,0
lcv28_x_m0_v1_i0_b500_r1,2026-06,500.0,0.0,0.0,500.0,0
lcv28_x_m0_v1_i0_b500_r1,2026-07,500.0,0.0,0.0,500.0,0
lcv28_x_m0_v1_i0_b500_r1,2026-08,500.0,0.0,0.0,500.0,0
lcv28_x_m0_v1_i0_b500_r2,2026-01,500.0,0.0,0.0,500.0,0
lcv28_x_m0_v1_i0_b500_r2,2026-02,500.0,0.0,0.0,500.0,0
lcv28_x_m0_v1_i0_b500_r2,2026-03,500.0,0.0,0.0,500.0,0
lcv28_x_m0_v1_i0_b500_r2,2026-04,500.0,0.0,0.0,500.0,0
lcv28_x_m0_v1_i0_b500_r2,2026-05,500.0,0.0,0.0,500.0,0
lcv28_x_m0_v1_i0_b500_r2,2026-06,500.0,0.0,0.0,500.0,0
lcv28_x_m0_v1_i0_b500_r2,2026-07,500.0,0.0,0.0,500.0,0
lcv28_x_m0_v1_i0_b500_r2,2026-08,500.0,0.0,0.0,500.0,0
lcv28_x_m0_v1_i0_b500_r3,2026-01,500.0,0.0,0.0,500.0,0
lcv28_x_m0_v1_i0_b500_r3,2026-02,500.0,0.0,0.0,500.0,0
lcv28_x_m0_v1_i0_b500_r3,2026-03,500.0,0.0,0.0,500.0,0
lcv28_x_m0_v1_i0_b500_r3,2026-04,500.0,0.0,0.0,500.0,0
lcv28_x_m0_v1_i0_b500_r3,2026-05,500.0,0.0,0.0,500.0,0
lcv28_x_m0_v1_i0_b500_r3,2026-06,500.0,0.0,0.0,500.0,0
lcv28_x_m0_v1_i0_b500_r3,2026-07,500.0,0.0,0.0,500.0,0
lcv28_x_m0_v1_i0_b500_r3,2026-08,500.0,0.0,0.0,500.0,0
lcv28_x_m0_v1_i0_b500_r4,2026-01,500.0,0.0,0.0,500.0,0
lcv28_x_m0_v1_i0_b500_r4,2026-02,500.0,0.0,0.0,500.0,0
lcv28_x_m0_v1_i0_b500_r4,2026-03,500.0,0.0,0.0,500.0,0
lcv28_x_m0_v1_i0_b500_r4,2026-04,500.0,0.0,0.0,500.0,0
lcv28_x_m0_v1_i0_b500_r4,2026-05,500.0,0.0,0.0,500.0,0
lcv28_x_m0_v1_i0_b500_r4,2026-06,500.0,0.0,0.0,500.0,0
lcv28_x_m0_v1_i0_b500_r4,2026-07,500.0,0.0,0.0,500.0,0
lcv28_x_m0_v1_i0_b500_r4,2026-08,500.0,0.0,0.0,500.0,0
lcv28_x_m0_v1_i0_b500_r5,2026-01,500.0,-9.07,-1.814,490.93,2
lcv28_x_m0_v1_i0_b500_r5,2026-02,490.93,0.0,0.0,490.93,0
lcv28_x_m0_v1_i0_b500_r5,2026-03,490.93,0.0,0.0,490.93,0
lcv28_x_m0_v1_i0_b500_r5,2026-04,490.93,0.0,0.0,490.93,0
lcv28_x_m0_v1_i0_b500_r5,2026-05,490.93,0.0,0.0,490.93,0
lcv28_x_m0_v1_i0_b500_r5,2026-06,490.93,0.0,0.0,490.93,0
lcv28_x_m0_v1_i0_b500_r5,2026-07,490.93,0.0,0.0,490.93,0
lcv28_x_m0_v1_i0_b500_r5,2026-08,490.93,0.0,0.0,490.93,0
lcv28_x_m0_v1_i0_b1000_r0,2026-01,1000.0,114.35000000000002,11.435000000000002,1114.35,7
lcv28_x_m0_v1_i0_b1000_r0,2026-02,1114.35,-50.099999999999994,-4.495894467626868,1064.25,0
lcv28_x_m0_v1_i0_b1000_r0,2026-03,1064.25,54.02000000000001,5.075875029363402,1118.27,2
lcv28_x_m0_v1_i0_b1000_r0,2026-04,1118.27,-28.29,-2.529800495408086,1089.98,4
lcv28_x_m0_v1_i0_b1000_r0,2026-05,1089.98,34.71999999999999,3.185379548248591,1124.7,4
lcv28_x_m0_v1_i0_b1000_r0,2026-06,1124.7,-159.16,-14.151329243353782,965.5400000000001,4
lcv28_x_m0_v1_i0_b1000_r0,2026-07,965.5400000000001,106.71000000000001,11.051846635043603,1072.25,4
lcv28_x_m0_v1_i0_b1000_r0,2026-08,1072.25,-28.230000000000004,-2.6327815341571466,1044.02,2
lcv28_x_m0_v1_i0_b1000_r1,2026-01,1000.0,0.0,0.0,1000.0,0
lcv28_x_m0_v1_i0_b1000_r1,2026-02,1000.0,0.0,0.0,1000.0,0
lcv28_x_m0_v1_i0_b1000_r1,2026-03,1000.0,0.0,0.0,1000.0,0
lcv28_x_m0_v1_i0_b1000_r1,2026-04,1000.0,0.0,0.0,1000.0,0
lcv28_x_m0_v1_i0_b1000_r1,2026-05,1000.0,0.0,0.0,1000.0,0
lcv28_x_m0_v1_i0_b1000_r1,2026-06,1000.0,0.0,0.0,1000.0,0
lcv28_x_m0_v1_i0_b1000_r1,2026-07,1000.0,0.0,0.0,1000.0,0
lcv28_x_m0_v1_i0_b1000_r1,2026-08,1000.0,0.0,0.0,1000.0,0
lcv28_x_m0_v1_i0_b1000_r2,2026-01,1000.0,0.0,0.0,1000.0,0
lcv28_x_m0_v1_i0_b1000_r2,2026-02,1000.0,0.0,0.0,1000.0,0
lcv28_x_m0_v1_i0_b1000_r2,2026-03,1000.0,0.0,0.0,1000.0,0
lcv28_x_m0_v1_i0_b1000_r2,2026-04,1000.0,0.0,0.0,1000.0,0
lcv28_x_m0_v1_i0_b1000_r2,2026-05,1000.0,0.0,0.0,1000.0,0
lcv28_x_m0_v1_i0_b1000_r2,2026-06,1000.0,0.0,0.0,1000.0,0
lcv28_x_m0_v1_i0_b1000_r2,2026-07,1000.0,0.0,0.0,1000.0,0
lcv28_x_m0_v1_i0_b1000_r2,2026-08,1000.0,0.0,0.0,1000.0,0
lcv28_x_m0_v1_i0_b1000_r3,2026-01,1000.0,62.640000000000015,6.264000000000001,1062.64,4
lcv28_x_m0_v1_i0_b1000_r3,2026-02,1062.64,0.0,0.0,1062.64,0
lcv28_x_m0_v1_i0_b1000_r3,2026-03,1062.64,0.0,0.0,1062.64,0
lcv28_x_m0_v1_i0_b1000_r3,2026-04,1062.64,0.0,0.0,1062.64,0
lcv28_x_m0_v1_i0_b1000_r3,2026-05,1062.64,-0.13,-0.012233682150116689,1062.51,1
lcv28_x_m0_v1_i0_b1000_r3,2026-06,1062.51,-16.5,-1.5529265606911935,1046.01,0
lcv28_x_m0_v1_i0_b1000_r3,2026-07,1046.01,0.0,0.0,1046.01,0
lcv28_x_m0_v1_i0_b1000_r3,2026-08,1046.01,-28.230000000000004,-2.6988269710614623,1017.78,2
lcv28_x_m0_v1_i0_b1000_r4,2026-01,1000.0,29.080000000000013,2.9080000000000013,1029.08,5
lcv28_x_m0_v1_i0_b1000_r4,2026-02,1029.08,0.0,0.0,1029.08,0
lcv28_x_m0_v1_i0_b1000_r4,2026-03,1029.08,89.06,8.65433202472111,1118.1399999999999,1
lcv28_x_m0_v1_i0_b1000_r4,2026-04,1118.1399999999999,-0.9099999999999999,-0.08138515749369489,1117.2299999999998,2
lcv28_x_m0_v1_i0_b1000_r4,2026-05,1117.2299999999998,32.85999999999999,2.941202796201319,1150.0899999999997,3
lcv28_x_m0_v1_i0_b1000_r4,2026-06,1150.0899999999997,-16.5,-1.4346703301480757,1133.5899999999997,0
lcv28_x_m0_v1_i0_b1000_r4,2026-07,1133.5899999999997,38.49999999999999,3.396289663811431,1172.0899999999997,3
lcv28_x_m0_v1_i0_b1000_r4,2026-08,1172.0899999999997,-28.230000000000004,-2.40851811720943,1143.8599999999997,2
lcv28_x_m0_v1_i0_b1000_r5,2026-01,1000.0,105.29000000000002,10.529000000000002,1105.29,7
lcv28_x_m0_v1_i0_b1000_r5,2026-02,1105.29,-50.099999999999994,-4.532747061857069,1055.19,0
lcv28_x_m0_v1_i0_b1000_r5,2026-03,1055.19,89.06,8.440186127616828,1144.25,1
lcv28_x_m0_v1_i0_b1000_r5,2026-04,1144.25,-28.29,-2.4723618090452257,1115.96,4
lcv28_x_m0_v1_i0_b1000_r5,2026-05,1115.96,32.739999999999995,2.933796910283522,1148.7,3
lcv28_x_m0_v1_i0_b1000_r5,2026-06,1148.7,-136.6,-11.891703665012622,1012.1,2
lcv28_x_m0_v1_i0_b1000_r5,2026-07,1012.1,38.49999999999999,3.803971939531666,1050.6,3
lcv28_x_m0_v1_i0_b1000_r5,2026-08,1050.6,-28.230000000000004,-2.6870359794403202,1022.3699999999999,2
lcv28_x_m0_v1_i0_b3000_r0,2026-01,3000.0,114.35000000000002,3.8116666666666674,3114.35,7
lcv28_x_m0_v1_i0_b3000_r0,2026-02,3114.35,-50.099999999999994,-1.6086823895837012,3064.25,0
lcv28_x_m0_v1_i0_b3000_r0,2026-03,3064.25,54.02000000000001,1.762910989638574,3118.27,2
lcv28_x_m0_v1_i0_b3000_r0,2026-04,3118.27,-28.29,-0.9072338187520644,3089.98,4
lcv28_x_m0_v1_i0_b3000_r0,2026-05,3089.98,34.71999999999999,1.1236318681674313,3124.7,4
lcv28_x_m0_v1_i0_b3000_r0,2026-06,3124.7,-159.16,-5.0936089864627005,2965.54,4
lcv28_x_m0_v1_i0_b3000_r0,2026-07,2965.54,106.71000000000001,3.5983328500037097,3072.25,4
lcv28_x_m0_v1_i0_b3000_r0,2026-08,3072.25,-28.230000000000004,-0.918870534624461,3044.02,2
lcv28_x_m0_v1_i0_b3000_r1,2026-01,3000.0,62.640000000000015,2.0880000000000005,3062.64,4
lcv28_x_m0_v1_i0_b3000_r1,2026-02,3062.64,0.0,0.0,3062.64,0
lcv28_x_m0_v1_i0_b3000_r1,2026-03,3062.64,0.0,0.0,3062.64,0
lcv28_x_m0_v1_i0_b3000_r1,2026-04,3062.64,0.0,0.0,3062.64,0
lcv28_x_m0_v1_i0_b3000_r1,2026-05,3062.64,-0.13,-0.004244703915576104,3062.5099999999998,1
lcv28_x_m0_v1_i0_b3000_r1,2026-06,3062.5099999999998,-16.5,-0.5387737509428541,3046.0099999999998,0
lcv28_x_m0_v1_i0_b3000_r1,2026-07,3046.0099999999998,0.0,0.0,3046.0099999999998,0
lcv28_x_m0_v1_i0_b3000_r1,2026-08,3046.0099999999998,-28.230000000000004,-0.9267861891458009,3017.7799999999997,2
lcv28_x_m0_v1_i0_b3000_r2,2026-01,3000.0,177.02,5.900666666666667,3177.02,7
lcv28_x_m0_v1_i0_b3000_r2,2026-02,3177.02,-50.099999999999994,-1.5769494683697298,3126.92,0
lcv28_x_m0_v1_i0_b3000_r2,2026-03,3126.92,54.02000000000001,1.727578575723076,3180.94,2
lcv28_x_m0_v1_i0_b3000_r2,2026-04,3180.94,-28.29,-0.8893597490050111,3152.65,4
lcv28_x_m0_v1_i0_b3000_r2,2026-05,3152.65,32.739999999999995,1.0384914278464148,3185.39,3
lcv28_x_m0_v1_i0_b3000_r2,2026-06,3185.39,-136.6,-4.288328901641558,3048.79,2
lcv28_x_m0_v1_i0_b3000_r2,2026-07,3048.79,106.71000000000001,3.5000770797595115,3155.5,4
lcv28_x_m0_v1_i0_b3000_r2,2026-08,3155.5,-56.45,-1.7889399461258122,3099.05,2
lcv28_x_m0_v1_i0_b3000_r3,2026-01,3000.0,223.17000000000007,7.439000000000003,3223.17,7
lcv28_x_m0_v1_i0_b3000_r3,2026-02,3223.17,-100.21,-3.1090510274046976,3122.96,0
lcv28_x_m0_v1_i0_b3000_r3,2026-03,3122.96,143.09,4.581871045418449,3266.05,2
lcv28_x_m0_v1_i0_b3000_r3,2026-04,3266.05,-29.18,-0.8934339645749452,3236.8700000000003,4
lcv28_x_m0_v1_i0_b3000_r3,2026-05,3236.8700000000003,32.829999999999984,1.0142514218983147,3269.7000000000003,4
lcv28_x_m0_v1_i0_b3000_r3,2026-06,3269.7000000000003,-192.17000000000002,-5.877297611401658,3077.53,4
lcv28_x_m0_v1_i0_b3000_r3,2026-07,3077.53,145.23999999999998,4.719369104444147,3222.77,4
lcv28_x_m0_v1_i0_b3000_r3,2026-08,3222.77,-84.68,-2.627553315936291,3138.09,2
lcv28_x_m0_v1_i0_b3000_r4,2026-01,3000.0,304.14,10.138,3304.14,7
lcv28_x_m0_v1_i0_b3000_r4,2026-02,3304.14,-100.21,-3.0328618036765995,3203.93,0
lcv28_x_m0_v1_i0_b3000_r4,2026-03,3203.93,197.12,6.1524440296760545,3401.0499999999997,2
lcv28_x_m0_v1_i0_b3000_r4,2026-04,3401.0499999999997,-57.45,-1.6891842225195162,3343.6,4
lcv28_x_m0_v1_i0_b3000_r4,2026-05,3343.6,67.45999999999998,2.0175858356262704,3411.06,4
lcv28_x_m0_v1_i0_b3000_r4,2026-06,3411.06,-319.04999999999995,-9.353397477616927,3092.01,4
lcv28_x_m0_v1_i0_b3000_r4,2026-07,3092.01,251.95,8.14842125348883,3343.96,4
lcv28_x_m0_v1_i0_b3000_r4,2026-08,3343.96,-112.9,-3.3762365578535634,3231.06,2
lcv28_x_m0_v1_i0_b3000_r5,2026-01,3000.0,392.2800000000001,13.076000000000002,3392.28,7
lcv28_x_m0_v1_i0_b3000_r5,2026-02,3392.28,-150.31,-4.43094320044336,3241.9700000000003,0
lcv28_x_m0_v1_i0_b3000_r5,2026-03,3241.9700000000003,251.14999999999998,7.746832944166663,3493.1200000000003,2
lcv28_x_m0_v1_i0_b3000_r5,2026-04,3493.1200000000003,-85.71,-2.453680377427629,3407.4100000000003,4
lcv28_x_m0_v1_i0_b3000_r5,2026-05,3407.4100000000003,80.50999999999999,2.3627916804845905,3487.92,4
lcv28_x_m0_v1_i0_b3000_r5,2026-06,3487.92,-439.14,-12.590311704396889,3048.78,4
lcv28_x_m0_v1_i0_b3000_r5,2026-07,3048.78,310.59999999999997,10.18768163002906,3359.38,4
lcv28_x_m0_v1_i0_b3000_r5,2026-08,3359.38,-141.13,-4.2010728170078995,3218.25,2
lcv28_x_m0_v1_i1_b500_r0,2026-01,500.0,33.9,6.78,533.9,4
lcv28_x_m0_v1_i1_b500_r0,2026-02,533.9,0.0,0.0,533.9,0
lcv28_x_m0_v1_i1_b500_r0,2026-03,533.9,99.36,18.61022663420116,633.26,2
lcv28_x_m0_v1_i1_b500_r0,2026-04,633.26,51.089999999999996,8.067776268831127,684.35,2
lcv28_x_m0_v1_i1_b500_r0,2026-05,684.35,-8.47,-1.2376707824943378,675.88,2
lcv28_x_m0_v1_i1_b500_r0,2026-06,675.88,-24.290000000000003,-3.593833224832811,651.59,2
lcv28_x_m0_v1_i1_b500_r0,2026-07,651.59,-7.520000000000001,-1.1540999708405595,644.07,3
lcv28_x_m0_v1_i1_b500_r0,2026-08,644.07,-0.91,-0.14128899032713835,643.1600000000001,1
lcv28_x_m0_v1_i1_b500_r1,2026-01,500.0,0.0,0.0,500.0,0
lcv28_x_m0_v1_i1_b500_r1,2026-02,500.0,0.0,0.0,500.0,0
lcv28_x_m0_v1_i1_b500_r1,2026-03,500.0,0.0,0.0,500.0,0
lcv28_x_m0_v1_i1_b500_r1,2026-04,500.0,0.0,0.0,500.0,0
lcv28_x_m0_v1_i1_b500_r1,2026-05,500.0,0.0,0.0,500.0,0
lcv28_x_m0_v1_i1_b500_r1,2026-06,500.0,0.0,0.0,500.0,0
lcv28_x_m0_v1_i1_b500_r1,2026-07,500.0,0.0,0.0,500.0,0
lcv28_x_m0_v1_i1_b500_r1,2026-08,500.0,0.0,0.0,500.0,0
lcv28_x_m0_v1_i1_b500_r2,2026-01,500.0,0.0,0.0,500.0,0
lcv28_x_m0_v1_i1_b500_r2,2026-02,500.0,0.0,0.0,500.0,0
lcv28_x_m0_v1_i1_b500_r2,2026-03,500.0,0.0,0.0,500.0,0
lcv28_x_m0_v1_i1_b500_r2,2026-04,500.0,0.0,0.0,500.0,0
lcv28_x_m0_v1_i1_b500_r2,2026-05,500.0,0.0,0.0,500.0,0
lcv28_x_m0_v1_i1_b500_r2,2026-06,500.0,0.0,0.0,500.0,0
lcv28_x_m0_v1_i1_b500_r2,2026-07,500.0,0.0,0.0,500.0,0
lcv28_x_m0_v1_i1_b500_r2,2026-08,500.0,0.0,0.0,500.0,0
lcv28_x_m0_v1_i1_b500_r3,2026-01,500.0,0.0,0.0,500.0,0
lcv28_x_m0_v1_i1_b500_r3,2026-02,500.0,0.0,0.0,500.0,0
lcv28_x_m0_v1_i1_b500_r3,2026-03,500.0,0.0,0.0,500.0,0
lcv28_x_m0_v1_i1_b500_r3,2026-04,500.0,0.0,0.0,500.0,0
lcv28_x_m0_v1_i1_b500_r3,2026-05,500.0,0.0,0.0,500.0,0
lcv28_x_m0_v1_i1_b500_r3,2026-06,500.0,0.0,0.0,500.0,0
lcv28_x_m0_v1_i1_b500_r3,2026-07,500.0,0.0,0.0,500.0,0
lcv28_x_m0_v1_i1_b500_r3,2026-08,500.0,0.0,0.0,500.0,0
lcv28_x_m0_v1_i1_b500_r4,2026-01,500.0,0.0,0.0,500.0,0
lcv28_x_m0_v1_i1_b500_r4,2026-02,500.0,0.0,0.0,500.0,0
lcv28_x_m0_v1_i1_b500_r4,2026-03,500.0,0.0,0.0,500.0,0
lcv28_x_m0_v1_i1_b500_r4,2026-04,500.0,0.0,0.0,500.0,0
lcv28_x_m0_v1_i1_b500_r4,2026-05,500.0,0.0,0.0,500.0,0
lcv28_x_m0_v1_i1_b500_r4,2026-06,500.0,0.0,0.0,500.0,0
lcv28_x_m0_v1_i1_b500_r4,2026-07,500.0,0.0,0.0,500.0,0
lcv28_x_m0_v1_i1_b500_r4,2026-08,500.0,0.0,0.0,500.0,0
lcv28_x_m0_v1_i1_b500_r5,2026-01,500.0,-20.59,-4.118,479.41,1
lcv28_x_m0_v1_i1_b500_r5,2026-02,479.41,0.0,0.0,479.41,0
lcv28_x_m0_v1_i1_b500_r5,2026-03,479.41,0.0,0.0,479.41,0
lcv28_x_m0_v1_i1_b500_r5,2026-04,479.41,0.0,0.0,479.41,0
lcv28_x_m0_v1_i1_b500_r5,2026-05,479.41,0.0,0.0,479.41,0
lcv28_x_m0_v1_i1_b500_r5,2026-06,479.41,0.0,0.0,479.41,0
lcv28_x_m0_v1_i1_b500_r5,2026-07,479.41,0.0,0.0,479.41,0
lcv28_x_m0_v1_i1_b500_r5,2026-08,479.41,0.0,0.0,479.41,0
lcv28_x_m0_v1_i1_b1000_r0,2026-01,1000.0,33.9,3.39,1033.9,4
lcv28_x_m0_v1_i1_b1000_r0,2026-02,1033.9,0.0,0.0,1033.9,0
lcv28_x_m0_v1_i1_b1000_r0,2026-03,1033.9,99.36,9.610213753747944,1133.26,2
lcv28_x_m0_v1_i1_b1000_r0,2026-04,1133.26,51.089999999999996,4.508232885657307,1184.35,2
lcv28_x_m0_v1_i1_b1000_r0,2026-05,1184.35,-8.47,-0.71516021446363,1175.8799999999999,2
lcv28_x_m0_v1_i1_b1000_r0,2026-06,1175.8799999999999,-24.290000000000003,-2.065686974861381,1151.59,2
lcv28_x_m0_v1_i1_b1000_r0,2026-07,1151.59,-7.520000000000001,-0.653010185916863,1144.07,3
lcv28_x_m0_v1_i1_b1000_r0,2026-08,1144.07,-0.91,-0.07954058755146101,1143.1599999999999,1
lcv28_x_m0_v1_i1_b1000_r1,2026-01,1000.0,0.0,0.0,1000.0,0
lcv28_x_m0_v1_i1_b1000_r1,2026-02,1000.0,0.0,0.0,1000.0,0
lcv28_x_m0_v1_i1_b1000_r1,2026-03,1000.0,0.0,0.0,1000.0,0
lcv28_x_m0_v1_i1_b1000_r1,2026-04,1000.0,0.0,0.0,1000.0,0
lcv28_x_m0_v1_i1_b1000_r1,2026-05,1000.0,0.0,0.0,1000.0,0
lcv28_x_m0_v1_i1_b1000_r1,2026-06,1000.0,0.0,0.0,1000.0,0
lcv28_x_m0_v1_i1_b1000_r1,2026-07,1000.0,0.0,0.0,1000.0,0
lcv28_x_m0_v1_i1_b1000_r1,2026-08,1000.0,0.0,0.0,1000.0,0
lcv28_x_m0_v1_i1_b1000_r2,2026-01,1000.0,0.0,0.0,1000.0,0
lcv28_x_m0_v1_i1_b1000_r2,2026-02,1000.0,0.0,0.0,1000.0,0
lcv28_x_m0_v1_i1_b1000_r2,2026-03,1000.0,0.0,0.0,1000.0,0
lcv28_x_m0_v1_i1_b1000_r2,2026-04,1000.0,0.0,0.0,1000.0,0
lcv28_x_m0_v1_i1_b1000_r2,2026-05,1000.0,0.0,0.0,1000.0,0
lcv28_x_m0_v1_i1_b1000_r2,2026-06,1000.0,0.0,0.0,1000.0,0
lcv28_x_m0_v1_i1_b1000_r2,2026-07,1000.0,0.0,0.0,1000.0,0
lcv28_x_m0_v1_i1_b1000_r2,2026-08,1000.0,0.0,0.0,1000.0,0
lcv28_x_m0_v1_i1_b1000_r3,2026-01,1000.0,-23.83,-2.3829999999999996,976.17,2
lcv28_x_m0_v1_i1_b1000_r3,2026-02,976.17,0.0,0.0,976.17,0
lcv28_x_m0_v1_i1_b1000_r3,2026-03,976.17,0.0,0.0,976.17,0
lcv28_x_m0_v1_i1_b1000_r3,2026-04,976.17,0.0,0.0,976.17,0
lcv28_x_m0_v1_i1_b1000_r3,2026-05,976.17,5.36,0.5490846881178484,981.53,1
lcv28_x_m0_v1_i1_b1000_r3,2026-06,981.53,0.0,0.0,981.53,0
lcv28_x_m0_v1_i1_b1000_r3,2026-07,981.53,0.0,0.0,981.53,0
lcv28_x_m0_v1_i1_b1000_r3,2026-08,981.53,-0.91,-0.09271239799089177,980.62,1
lcv28_x_m0_v1_i1_b1000_r4,2026-01,1000.0,-21.459999999999997,-2.1459999999999995,978.54,3
lcv28_x_m0_v1_i1_b1000_r4,2026-02,978.54,0.0,0.0,978.54,0
lcv28_x_m0_v1_i1_b1000_r4,2026-03,978.54,72.5,7.4089970772783955,1051.04,1
lcv28_x_m0_v1_i1_b1000_r4,2026-04,1051.04,0.0,0.0,1051.04,0
lcv28_x_m0_v1_i1_b1000_r4,2026-05,1051.04,5.36,0.5099710762673162,1056.3999999999999,1
lcv28_x_m0_v1_i1_b1000_r4,2026-06,1056.3999999999999,0.0,0.0,1056.3999999999999,0
lcv28_x_m0_v1_i1_b1000_r4,2026-07,1056.3999999999999,7.76,0.7345702385460053,1064.1599999999999,1
lcv28_x_m0_v1_i1_b1000_r4,2026-08,1064.1599999999999,-0.91,-0.08551345662306421,1063.2499999999998,1
lcv28_x_m0_v1_i1_b1000_r5,2026-01,1000.0,-42.040000000000006,-4.204000000000001,957.96,3
lcv28_x_m0_v1_i1_b1000_r5,2026-02,957.96,0.0,0.0,957.96,0
lcv28_x_m0_v1_i1_b1000_r5,2026-03,957.96,72.5,7.568165685414839,1030.46,1
lcv28_x_m0_v1_i1_b1000_r5,2026-04,1030.46,39.54,3.837121285639423,1070.0,1
lcv28_x_m0_v1_i1_b1000_r5,2026-05,1070.0,10.73,1.002803738317757,1080.73,1
lcv28_x_m0_v1_i1_b1000_r5,2026-06,1080.73,-52.67,-4.873557687859132,1028.06,1
lcv28_x_m0_v1_i1_b1000_r5,2026-07,1028.06,-12.370000000000001,-1.2032371651460034,1015.6899999999999,2
lcv28_x_m0_v1_i1_b1000_r5,2026-08,1015.6899999999999,-0.91,-0.08959426596697811,1014.78,1
lcv28_x_m0_v1_i1_b3000_r0,2026-01,3000.0,33.9,1.13,3033.9,4
lcv28_x_m0_v1_i1_b3000_r0,2026-02,3033.9,0.0,0.0,3033.9,0
lcv28_x_m0_v1_i1_b3000_r0,2026-03,3033.9,99.36,3.2749925838030256,3133.26,2
lcv28_x_m0_v1_i1_b3000_r0,2026-04,3133.26,51.089999999999996,1.6305700771720186,3184.3500000000004,2
lcv28_x_m0_v1_i1_b3000_r0,2026-05,3184.3500000000004,-8.47,-0.26598834927065174,3175.8800000000006,2
lcv28_x_m0_v1_i1_b3000_r0,2026-06,3175.8800000000006,-24.290000000000003,-0.7648273864251798,3151.5900000000006,2
lcv28_x_m0_v1_i1_b3000_r0,2026-07,3151.5900000000006,-7.520000000000001,-0.23860971763459077,3144.0700000000006,3
lcv28_x_m0_v1_i1_b3000_r0,2026-08,3144.0700000000006,-0.91,-0.028943375942647582,3143.1600000000008,1
lcv28_x_m0_v1_i1_b3000_r1,2026-01,3000.0,-23.83,-0.7943333333333333,2976.17,2
lcv28_x_m0_v1_i1_b3000_r1,2026-02,2976.17,0.0,0.0,2976.17,0
lcv28_x_m0_v1_i1_b3000_r1,2026-03,2976.17,0.0,0.0,2976.17,0
lcv28_x_m0_v1_i1_b3000_r1,2026-04,2976.17,0.0,0.0,2976.17,0
lcv28_x_m0_v1_i1_b3000_r1,2026-05,2976.17,5.36,0.18009723906900482,2981.53,1
lcv28_x_m0_v1_i1_b3000_r1,2026-06,2981.53,0.0,0.0,2981.53,0
lcv28_x_m0_v1_i1_b3000_r1,2026-07,2981.53,0.0,0.0,2981.53,0
lcv28_x_m0_v1_i1_b3000_r1,2026-08,2981.53,-0.91,-0.030521242449346477,2980.6200000000003,1
lcv28_x_m0_v1_i1_b3000_r2,2026-01,3000.0,10.089999999999996,0.3363333333333332,3010.09,4
lcv28_x_m0_v1_i1_b3000_r2,2026-02,3010.09,0.0,0.0,3010.09,0
lcv28_x_m0_v1_i1_b3000_r2,2026-03,3010.09,99.36,3.3008979797946236,3109.4500000000003,2
lcv28_x_m0_v1_i1_b3000_r2,2026-04,3109.4500000000003,51.089999999999996,1.643055845889144,3160.5400000000004,2
lcv28_x_m0_v1_i1_b3000_r2,2026-05,3160.5400000000004,10.73,0.33949894638258016,3171.2700000000004,1
lcv28_x_m0_v1_i1_b3000_r2,2026-06,3171.2700000000004,-24.290000000000003,-0.7659391978607939,3146.9800000000005,2
lcv28_x_m0_v1_i1_b3000_r2,2026-07,3146.9800000000005,-7.520000000000001,-0.23895925617576216,3139.4600000000005,3
lcv28_x_m0_v1_i1_b3000_r2,2026-08,3139.4600000000005,-1.81,-0.057653226988080744,3137.6500000000005,1
lcv28_x_m0_v1_i1_b3000_r3,2026-01,3000.0,-11.36,-0.37866666666666665,2988.64,4
lcv28_x_m0_v1_i1_b3000_r3,2026-02,2988.64,0.0,0.0,2988.64,0
lcv28_x_m0_v1_i1_b3000_r3,2026-03,2988.64,171.87,5.750776272819745,3160.5099999999998,2
lcv28_x_m0_v1_i1_b3000_r3,2026-04,3160.5099999999998,51.089999999999996,1.6165112592587905,3211.6,2
lcv28_x_m0_v1_i1_b3000_r3,2026-05,3211.6,2.259999999999998,0.07036990907958644,3213.86,2
lcv28_x_m0_v1_i1_b3000_r3,2026-06,3213.86,-24.290000000000003,-0.7557889889416466,3189.57,2
lcv28_x_m0_v1_i1_b3000_r3,2026-07,3189.57,-19.87,-0.6229679862802823,3169.7000000000003,3
lcv28_x_m0_v1_i1_b3000_r3,2026-08,3169.7000000000003,-2.7199999999999998,-0.08581253746411331,3166.9800000000005,1
lcv28_x_m0_v1_i1_b3000_r4,2026-01,3000.0,22.570000000000007,0.7523333333333336,3022.57,4
lcv28_x_m0_v1_i1_b3000_r4,2026-02,3022.57,0.0,0.0,3022.57,0
lcv28_x_m0_v1_i1_b3000_r4,2026-03,3022.57,271.24,8.973820292003163,3293.8100000000004,2
lcv28_x_m0_v1_i1_b3000_r4,2026-04,3293.8100000000004,102.2,3.1027897784025185,3396.01,2
lcv28_x_m0_v1_i1_b3000_r4,2026-05,3396.01,-0.8299999999999983,-0.02444044628843844,3395.1800000000003,2
lcv28_x_m0_v1_i1_b3000_r4,2026-06,3395.1800000000003,-48.559999999999995,-1.4302629021141733,3346.6200000000003,2
lcv28_x_m0_v1_i1_b3000_r4,2026-07,3346.6200000000003,-7.25,-0.2166364869629656,3339.3700000000003,3
lcv28_x_m0_v1_i1_b3000_r4,2026-08,3339.3700000000003,-3.62,-0.10840368093382882,3335.7500000000005,1
lcv28_x_m0_v1_i1_b3000_r5,2026-01,3000.0,-19.459999999999994,-0.6486666666666665,2980.54,4
lcv28_x_m0_v1_i1_b3000_r5,2026-02,2980.54,0.0,0.0,2980.54,0
lcv28_x_m0_v1_i1_b3000_r5,2026-03,2980.54,271.24,9.1003643635046,3251.7799999999997,2
lcv28_x_m0_v1_i1_b3000_r5,2026-04,3251.7799999999997,153.29000000000002,4.714033544704748,3405.0699999999997,2
lcv28_x_m0_v1_i1_b3000_r5,2026-05,3405.0699999999997,4.539999999999999,0.13333059232262479,3409.6099999999997,2
lcv28_x_m0_v1_i1_b3000_r5,2026-06,3409.6099999999997,-101.22999999999999,-2.9689612594988866,3308.3799999999997,2
lcv28_x_m0_v1_i1_b3000_r5,2026-07,3308.3799999999997,-14.760000000000005,-0.4461398025619792,3293.6199999999994,3
lcv28_x_m0_v1_i1_b3000_r5,2026-08,3293.6199999999994,-4.53,-0.13753863530097585,3289.0899999999992,1
lcv28_x_m1_v0_i0_b500_r0,2026-01,500.0,-154.36999999999995,-30.87399999999999,345.63000000000005,27
lcv28_x_m1_v0_i0_b500_r0,2026-02,345.63000000000005,9.100000000000005,2.632873303822007,354.7300000000001,21
lcv28_x_m1_v0_i0_b500_r0,2026-03,354.7300000000001,-123.15999999999994,-34.71936402334167,231.57000000000014,31
lcv28_x_m1_v0_i0_b500_r0,2026-04,231.57000000000014,254.71999999999997,109.99697715593548,486.2900000000001,26
lcv28_x_m1_v0_i0_b500_r0,2026-05,486.2900000000001,26.68999999999998,5.48849451973102,512.98,23
lcv28_x_m1_v0_i0_b500_r0,2026-06,512.98,-515.66,-100.52243752193067,-2.67999999999995,36
lcv28_x_m1_v0_i0_b500_r0,2026-07,-2.67999999999995,0.0,,-2.67999999999995,0
lcv28_x_m1_v0_i0_b500_r0,2026-08,-2.67999999999995,0.0,,-2.67999999999995,0
lcv28_x_m1_v0_i0_b500_r1,2026-01,500.0,0.0,0.0,500.0,0
lcv28_x_m1_v0_i0_b500_r1,2026-02,500.0,0.0,0.0,500.0,0
lcv28_x_m1_v0_i0_b500_r1,2026-03,500.0,0.0,0.0,500.0,0
lcv28_x_m1_v0_i0_b500_r1,2026-04,500.0,0.0,0.0,500.0,0
lcv28_x_m1_v0_i0_b500_r1,2026-05,500.0,0.0,0.0,500.0,0
lcv28_x_m1_v0_i0_b500_r1,2026-06,500.0,0.0,0.0,500.0,0
lcv28_x_m1_v0_i0_b500_r1,2026-07,500.0,0.0,0.0,500.0,0
lcv28_x_m1_v0_i0_b500_r1,2026-08,500.0,0.0,0.0,500.0,0
lcv28_x_m1_v0_i0_b500_r2,2026-01,500.0,0.0,0.0,500.0,0
lcv28_x_m1_v0_i0_b500_r2,2026-02,500.0,0.0,0.0,500.0,0
lcv28_x_m1_v0_i0_b500_r2,2026-03,500.0,0.0,0.0,500.0,0
lcv28_x_m1_v0_i0_b500_r2,2026-04,500.0,0.0,0.0,500.0,0
lcv28_x_m1_v0_i0_b500_r2,2026-05,500.0,0.0,0.0,500.0,0
lcv28_x_m1_v0_i0_b500_r2,2026-06,500.0,0.0,0.0,500.0,0
lcv28_x_m1_v0_i0_b500_r2,2026-07,500.0,0.0,0.0,500.0,0
lcv28_x_m1_v0_i0_b500_r2,2026-08,500.0,0.0,0.0,500.0,0
lcv28_x_m1_v0_i0_b500_r3,2026-01,500.0,-23.720000000000002,-4.744000000000001,476.28,2
lcv28_x_m1_v0_i0_b500_r3,2026-02,476.28,0.0,0.0,476.28,0
lcv28_x_m1_v0_i0_b500_r3,2026-03,476.28,0.0,0.0,476.28,0
lcv28_x_m1_v0_i0_b500_r3,2026-04,476.28,0.0,0.0,476.28,0
lcv28_x_m1_v0_i0_b500_r3,2026-05,476.28,0.0,0.0,476.28,0
lcv28_x_m1_v0_i0_b500_r3,2026-06,476.28,0.0,0.0,476.28,0
lcv28_x_m1_v0_i0_b500_r3,2026-07,476.28,0.0,0.0,476.28,0
lcv28_x_m1_v0_i0_b500_r3,2026-08,476.28,0.0,0.0,476.28,0
lcv28_x_m1_v0_i0_b500_r4,2026-01,500.0,-55.64,-11.128,444.36,4
lcv28_x_m1_v0_i0_b500_r4,2026-02,444.36,0.0,0.0,444.36,0
lcv28_x_m1_v0_i0_b500_r4,2026-03,444.36,0.0,0.0,444.36,0
lcv28_x_m1_v0_i0_b500_r4,2026-04,444.36,0.0,0.0,444.36,0
lcv28_x_m1_v0_i0_b500_r4,2026-05,444.36,0.0,0.0,444.36,0
lcv28_x_m1_v0_i0_b500_r4,2026-06,444.36,0.0,0.0,444.36,0
lcv28_x_m1_v0_i0_b500_r4,2026-07,444.36,0.0,0.0,444.36,0
lcv28_x_m1_v0_i0_b500_r4,2026-08,444.36,74.23,16.704923935547754,518.59,7
lcv28_x_m1_v0_i0_b500_r5,2026-01,500.0,-39.330000000000005,-7.8660000000000005,460.67,7
lcv28_x_m1_v0_i0_b500_r5,2026-02,460.67,0.0,0.0,460.67,0
lcv28_x_m1_v0_i0_b500_r5,2026-03,460.67,0.0,0.0,460.67,0
lcv28_x_m1_v0_i0_b500_r5,2026-04,460.67,2.1400000000000006,0.4645407775631147,462.81,2
lcv28_x_m1_v0_i0_b500_r5,2026-05,462.81,-35.01,-7.564659363453686,427.8,3
lcv28_x_m1_v0_i0_b500_r5,2026-06,427.8,0.0,0.0,427.8,0
lcv28_x_m1_v0_i0_b500_r5,2026-07,427.8,0.0,0.0,427.8,0
lcv28_x_m1_v0_i0_b500_r5,2026-08,427.8,45.66,10.67321178120617,473.46000000000004,13
lcv28_x_m1_v0_i0_b1000_r0,2026-01,1000.0,-154.36999999999995,-15.436999999999996,845.6300000000001,27
lcv28_x_m1_v0_i0_b1000_r0,2026-02,845.6300000000001,9.100000000000005,1.076120762035406,854.7300000000001,21
lcv28_x_m1_v0_i0_b1000_r0,2026-03,854.7300000000001,-123.15999999999994,-14.409228645303184,731.5700000000002,31
lcv28_x_m1_v0_i0_b1000_r0,2026-04,731.5700000000002,254.71999999999997,34.81826756154571,986.2900000000002,26
lcv28_x_m1_v0_i0_b1000_r0,2026-05,986.2900000000002,26.68999999999998,2.7061006397712615,1012.9800000000001,23
lcv28_x_m1_v0_i0_b1000_r0,2026-06,1012.9800000000001,-602.52,-59.47995024580939,410.46000000000015,39
lcv28_x_m1_v0_i0_b1000_r0,2026-07,410.46000000000015,-395.71,-96.40647078887098,14.75000000000017,31
lcv28_x_m1_v0_i0_b1000_r0,2026-08,14.75000000000017,0.0,0.0,14.75000000000017,0
lcv28_x_m1_v0_i0_b1000_r1,2026-01,1000.0,0.0,0.0,1000.0,0
lcv28_x_m1_v0_i0_b1000_r1,2026-02,1000.0,0.0,0.0,1000.0,0
lcv28_x_m1_v0_i0_b1000_r1,2026-03,1000.0,0.0,0.0,1000.0,0
lcv28_x_m1_v0_i0_b1000_r1,2026-04,1000.0,0.0,0.0,1000.0,0
lcv28_x_m1_v0_i0_b1000_r1,2026-05,1000.0,0.0,0.0,1000.0,0
lcv28_x_m1_v0_i0_b1000_r1,2026-06,1000.0,0.0,0.0,1000.0,0
lcv28_x_m1_v0_i0_b1000_r1,2026-07,1000.0,0.0,0.0,1000.0,0
lcv28_x_m1_v0_i0_b1000_r1,2026-08,1000.0,0.0,0.0,1000.0,0
lcv28_x_m1_v0_i0_b1000_r2,2026-01,1000.0,-46.650000000000006,-4.665,953.35,5
lcv28_x_m1_v0_i0_b1000_r2,2026-02,953.35,0.0,0.0,953.35,0
lcv28_x_m1_v0_i0_b1000_r2,2026-03,953.35,0.0,0.0,953.35,0
lcv28_x_m1_v0_i0_b1000_r2,2026-04,953.35,0.0,0.0,953.35,0
lcv28_x_m1_v0_i0_b1000_r2,2026-05,953.35,0.0,0.0,953.35,0
lcv28_x_m1_v0_i0_b1000_r2,2026-06,953.35,0.0,0.0,953.35,0
lcv28_x_m1_v0_i0_b1000_r2,2026-07,953.35,0.0,0.0,953.35,0
lcv28_x_m1_v0_i0_b1000_r2,2026-08,953.35,82.04,8.605443960769916,1035.39,5
lcv28_x_m1_v0_i0_b1000_r3,2026-01,1000.0,-119.84999999999998,-11.984999999999998,880.15,14
lcv28_x_m1_v0_i0_b1000_r3,2026-02,880.15,46.17,5.245696756234733,926.3199999999999,2
lcv28_x_m1_v0_i0_b1000_r3,2026-03,926.3199999999999,108.58,11.721651265221523,1034.8999999999999,1
lcv28_x_m1_v0_i0_b1000_r3,2026-04,1034.8999999999999,182.14000000000001,17.599768093535612,1217.04,10
lcv28_x_m1_v0_i0_b1000_r3,2026-05,1217.04,46.42,3.8141720896601594,1263.46,17
lcv28_x_m1_v0_i0_b1000_r3,2026-06,1263.46,53.93000000000003,4.268437465372867,1317.39,16
lcv28_x_m1_v0_i0_b1000_r3,2026-07,1317.39,-90.41,-6.862812075391493,1226.98,20
lcv28_x_m1_v0_i0_b1000_r3,2026-08,1226.98,-45.65999999999998,-3.7213320510521752,1181.32,26
lcv28_x_m1_v0_i0_b1000_r4,2026-01,1000.0,-14.45999999999999,-1.445999999999999,985.54,21
lcv28_x_m1_v0_i0_b1000_r4,2026-02,985.54,-28.490000000000002,-2.890800982202651,957.05,8
lcv28_x_m1_v0_i0_b1000_r4,2026-03,957.05,259.17,27.08008985946398,1216.22,10
lcv28_x_m1_v0_i0_b1000_r4,2026-04,1216.22,-43.9,-3.609544325862097,1172.32,20
lcv28_x_m1_v0_i0_b1000_r4,2026-05,1172.32,-48.040000000000006,-4.097857240343934,1124.28,21
lcv28_x_m1_v0_i0_b1000_r4,2026-06,1124.28,-121.81999999999998,-10.835379087060161,1002.46,20
lcv28_x_m1_v0_i0_b1000_r4,2026-07,1002.46,-90.41,-9.018813718253096,912.0500000000001,20
lcv28_x_m1_v0_i0_b1000_r4,2026-08,912.0500000000001,-45.65999999999998,-5.006304478921109,866.3900000000001,26
lcv28_x_m1_v0_i0_b1000_r5,2026-01,1000.0,-126.6,-12.659999999999998,873.4,23
lcv28_x_m1_v0_i0_b1000_r5,2026-02,873.4,-60.58999999999999,-6.9372566979619865,812.81,10
lcv28_x_m1_v0_i0_b1000_r5,2026-03,812.81,233.94000000000005,28.781634084226333,1046.75,11
lcv28_x_m1_v0_i0_b1000_r5,2026-04,1046.75,-69.75,-6.6634822068306665,977.0,22
lcv28_x_m1_v0_i0_b1000_r5,2026-05,977.0,-41.90999999999998,-4.289662231320366,935.09,21
lcv28_x_m1_v0_i0_b1000_r5,2026-06,935.09,-49.65999999999999,-5.3107187543445,885.4300000000001,21
lcv28_x_m1_v0_i0_b1000_r5,2026-07,885.4300000000001,-107.58999999999999,-12.15115819432366,777.84,22
lcv28_x_m1_v0_i0_b1000_r5,2026-08,777.84,-41.95999999999999,-5.394425588810036,735.88,26
lcv28_x_m1_v0_i0_b3000_r0,2026-01,3000.0,-154.36999999999995,-5.145666666666665,2845.63,27
lcv28_x_m1_v0_i0_b3000_r0,2026-02,2845.63,9.100000000000005,0.31978858811581284,2854.73,21
lcv28_x_m1_v0_i0_b3000_r0,2026-03,2854.73,-123.15999999999994,-4.314243378533169,2731.57,31
lcv28_x_m1_v0_i0_b3000_r0,2026-04,2731.57,254.71999999999997,9.325040178358963,2986.29,26
lcv28_x_m1_v0_i0_b3000_r0,2026-05,2986.29,26.68999999999998,0.8937511092358739,3012.98,23
lcv28_x_m1_v0_i0_b3000_r0,2026-06,3012.98,-602.52,-19.997477580335747,2410.46,39
lcv28_x_m1_v0_i0_b3000_r0,2026-07,2410.46,-389.32,-16.151274030682938,2021.14,38
lcv28_x_m1_v0_i0_b3000_r0,2026-08,2021.14,125.72000000000001,6.2202519370256395,2146.86,27
lcv28_x_m1_v0_i0_b3000_r1,2026-01,3000.0,57.30000000000001,1.9100000000000001,3057.3,16
lcv28_x_m1_v0_i0_b3000_r1,2026-02,3057.3,35.46999999999999,1.1601740097471622,3092.77,6
lcv28_x_m1_v0_i0_b3000_r1,2026-03,3092.77,108.58,3.510768663689831,3201.35,1
lcv28_x_m1_v0_i0_b3000_r1,2026-04,3201.35,216.66,6.767769847095756,3418.0099999999998,9
lcv28_x_m1_v0_i0_b3000_r1,2026-05,3418.0099999999998,6.230000000000004,0.18226980026389636,3424.24,16
lcv28_x_m1_v0_i0_b3000_r1,2026-06,3424.24,110.05,3.213851832815457,3534.29,13
lcv28_x_m1_v0_i0_b3000_r1,2026-07,3534.29,-66.55000000000001,-1.882980740120364,3467.74,18
lcv28_x_m1_v0_i0_b3000_r1,2026-08,3467.74,-41.909999999999975,-1.208568116410111,3425.83,25
lcv28_x_m1_v0_i0_b3000_r2,2026-01,3000.0,-191.18999999999994,-6.372999999999998,2808.81,26
lcv28_x_m1_v0_i0_b3000_r2,2026-02,2808.81,50.16999999999998,1.786165671583339,2858.98,18
lcv28_x_m1_v0_i0_b3000_r2,2026-03,2858.98,221.80000000000004,7.758011598542139,3080.78,19
lcv28_x_m1_v0_i0_b3000_r2,2026-04,3080.78,164.89000000000001,5.35221599724745,3245.67,25
lcv28_x_m1_v0_i0_b3000_r2,2026-05,3245.67,37.42999999999996,1.1532287632445677,3283.1,23
lcv28_x_m1_v0_i0_b3000_r2,2026-06,3283.1,-377.13,-11.48700922908227,2905.97,33
lcv28_x_m1_v0_i0_b3000_r2,2026-07,2905.97,-377.74,-12.998757729776978,2528.2299999999996,35
lcv28_x_m1_v0_i0_b3000_r2,2026-08,2528.2299999999996,-80.27999999999996,-3.1753440153783465,2447.95,27
lcv28_x_m1_v0_i0_b3000_r3,2026-01,3000.0,-316.88,-10.562666666666667,2683.12,27
lcv28_x_m1_v0_i0_b3000_r3,2026-02,2683.12,-14.000000000000014,-0.5217806136140022,2669.12,21
lcv28_x_m1_v0_i0_b3000_r3,2026-03,2669.12,229.9800000000001,8.616322982855777,2899.1,30
lcv28_x_m1_v0_i0_b3000_r3,2026-04,2899.1,418.2200000000001,14.42585630023111,3317.32,26
lcv28_x_m1_v0_i0_b3000_r3,2026-05,3317.32,-29.49999999999997,-0.8892720629906059,3287.82,23
lcv28_x_m1_v0_i0_b3000_r3,2026-06,3287.82,-409.2400000000001,-12.447153432973828,2878.58,39
lcv28_x_m1_v0_i0_b3000_r3,2026-07,2878.58,-497.12999999999994,-17.269973389657398,2381.45,37
lcv28_x_m1_v0_i0_b3000_r3,2026-08,2381.45,11.599999999999962,0.48709819647693475,2393.0499999999997,27
lcv28_x_m1_v0_i0_b3000_r4,2026-01,3000.0,-530.25,-17.675,2469.75,27
lcv28_x_m1_v0_i0_b3000_r4,2026-02,2469.75,53.18999999999994,2.1536592772547802,2522.94,21
lcv28_x_m1_v0_i0_b3000_r4,2026-03,2522.94,312.1300000000001,12.371677487375843,2835.07,31
lcv28_x_m1_v0_i0_b3000_r4,2026-04,2835.07,468.7199999999997,16.53292511296016,3303.79,26
lcv28_x_m1_v0_i0_b3000_r4,2026-05,3303.79,69.69999999999997,2.109698255639734,3373.49,23
lcv28_x_m1_v0_i0_b3000_r4,2026-06,3373.49,-991.0,-29.376106050410705,2382.49,39
lcv28_x_m1_v0_i0_b3000_r4,2026-07,2382.49,-557.0300000000001,-23.380161091966816,1825.4599999999996,37
lcv28_x_m1_v0_i0_b3000_r4,2026-08,1825.4599999999996,-27.97,-1.5322165372015824,1797.4899999999996,27
lcv28_x_m1_v0_i0_b3000_r5,2026-01,3000.0,-606.3299999999998,-20.21099999999999,2393.67,27
lcv28_x_m1_v0_i0_b3000_r5,2026-02,2393.67,-135.23000000000008,-5.649483846979746,2258.44,21
lcv28_x_m1_v0_i0_b3000_r5,2026-03,2258.44,119.04999999999995,5.271337737553353,2377.49,31
lcv28_x_m1_v0_i0_b3000_r5,2026-04,2377.49,354.4899999999997,14.910262503732918,2731.9799999999996,26
lcv28_x_m1_v0_i0_b3000_r5,2026-05,2731.9799999999996,121.32999999999988,4.441101325778369,2853.3099999999995,23
lcv28_x_m1_v0_i0_b3000_r5,2026-06,2853.3099999999995,-1052.16,-36.87506790359268,1801.1499999999994,39
lcv28_x_m1_v0_i0_b3000_r5,2026-07,1801.1499999999994,-477.12999999999994,-26.49029786525276,1324.0199999999995,37
lcv28_x_m1_v0_i0_b3000_r5,2026-08,1324.0199999999995,53.38999999999999,4.032416428754853,1377.4099999999996,27
lcv28_x_m1_v0_i1_b500_r0,2026-01,500.0,24.20000000000001,4.840000000000002,524.2,12
lcv28_x_m1_v0_i1_b500_r0,2026-02,524.2,25.560000000000002,4.876001526135063,549.76,12
lcv28_x_m1_v0_i1_b500_r0,2026-03,549.76,76.22,13.864231664726425,625.98,6
lcv28_x_m1_v0_i1_b500_r0,2026-04,625.98,9.809999999999988,1.5671427202147012,635.79,10
lcv28_x_m1_v0_i1_b500_r0,2026-05,635.79,1.0800000000000054,0.16986740905015893,636.87,7
lcv28_x_m1_v0_i1_b500_r0,2026-06,636.87,-191.07000000000005,-30.001413161241707,445.79999999999995,18
lcv28_x_m1_v0_i1_b500_r0,2026-07,445.79999999999995,-123.21999999999998,-27.640197397936294,322.58,16
lcv28_x_m1_v0_i1_b500_r0,2026-08,322.58,-33.09000000000001,-10.257920515841036,289.48999999999995,9
lcv28_x_m1_v0_i1_b500_r1,2026-01,500.0,0.0,0.0,500.0,0
lcv28_x_m1_v0_i1_b500_r1,2026-02,500.0,0.0,0.0,500.0,0
lcv28_x_m1_v0_i1_b500_r1,2026-03,500.0,0.0,0.0,500.0,0
lcv28_x_m1_v0_i1_b500_r1,2026-04,500.0,0.0,0.0,500.0,0
lcv28_x_m1_v0_i1_b500_r1,2026-05,500.0,0.0,0.0,500.0,0
lcv28_x_m1_v0_i1_b500_r1,2026-06,500.0,0.0,0.0,500.0,0
lcv28_x_m1_v0_i1_b500_r1,2026-07,500.0,0.0,0.0,500.0,0
lcv28_x_m1_v0_i1_b500_r1,2026-08,500.0,0.0,0.0,500.0,0
lcv28_x_m1_v0_i1_b500_r2,2026-01,500.0,0.0,0.0,500.0,0
lcv28_x_m1_v0_i1_b500_r2,2026-02,500.0,0.0,0.0,500.0,0
lcv28_x_m1_v0_i1_b500_r2,2026-03,500.0,0.0,0.0,500.0,0
lcv28_x_m1_v0_i1_b500_r2,2026-04,500.0,0.0,0.0,500.0,0
lcv28_x_m1_v0_i1_b500_r2,2026-05,500.0,0.0,0.0,500.0,0
lcv28_x_m1_v0_i1_b500_r2,2026-06,500.0,0.0,0.0,500.0,0
lcv28_x_m1_v0_i1_b500_r2,2026-07,500.0,0.0,0.0,500.0,0
lcv28_x_m1_v0_i1_b500_r2,2026-08,500.0,0.0,0.0,500.0,0
lcv28_x_m1_v0_i1_b500_r3,2026-01,500.0,0.0,0.0,500.0,0
lcv28_x_m1_v0_i1_b500_r3,2026-02,500.0,0.0,0.0,500.0,0
lcv28_x_m1_v0_i1_b500_r3,2026-03,500.0,0.0,0.0,500.0,0
lcv28_x_m1_v0_i1_b500_r3,2026-04,500.0,0.0,0.0,500.0,0
lcv28_x_m1_v0_i1_b500_r3,2026-05,500.0,0.0,0.0,500.0,0
lcv28_x_m1_v0_i1_b500_r3,2026-06,500.0,0.0,0.0,500.0,0
lcv28_x_m1_v0_i1_b500_r3,2026-07,500.0,0.0,0.0,500.0,0
lcv28_x_m1_v0_i1_b500_r3,2026-08,500.0,0.0,0.0,500.0,0
lcv28_x_m1_v0_i1_b500_r4,2026-01,500.0,0.0,0.0,500.0,0
lcv28_x_m1_v0_i1_b500_r4,2026-02,500.0,0.0,0.0,500.0,0
lcv28_x_m1_v0_i1_b500_r4,2026-03,500.0,0.0,0.0,500.0,0
lcv28_x_m1_v0_i1_b500_r4,2026-04,500.0,0.0,0.0,500.0,0
lcv28_x_m1_v0_i1_b500_r4,2026-05,500.0,0.0,0.0,500.0,0
lcv28_x_m1_v0_i1_b500_r4,2026-06,500.0,0.0,0.0,500.0,0
lcv28_x_m1_v0_i1_b500_r4,2026-07,500.0,0.0,0.0,500.0,0
lcv28_x_m1_v0_i1_b500_r4,2026-08,500.0,5.79,1.158,505.79,1
lcv28_x_m1_v0_i1_b500_r5,2026-01,500.0,40.190000000000005,8.038,540.19,3
lcv28_x_m1_v0_i1_b500_r5,2026-02,540.19,26.23,4.855698920750106,566.4200000000001,1
lcv28_x_m1_v0_i1_b500_r5,2026-03,566.4200000000001,0.0,0.0,566.4200000000001,0
lcv28_x_m1_v0_i1_b500_r5,2026-04,566.4200000000001,19.36,3.4179584054235366,585.7800000000001,3
lcv28_x_m1_v0_i1_b500_r5,2026-05,585.7800000000001,0.0,0.0,585.7800000000001,0
lcv28_x_m1_v0_i1_b500_r5,2026-06,585.7800000000001,16.76,2.8611424084127144,602.5400000000001,1
lcv28_x_m1_v0_i1_b500_r5,2026-07,602.5400000000001,0.0,0.0,602.5400000000001,0
lcv28_x_m1_v0_i1_b500_r5,2026-08,602.5400000000001,-9.019999999999996,-1.4969960500547674,593.5200000000001,5
lcv28_x_m1_v0_i1_b1000_r0,2026-01,1000.0,24.20000000000001,2.420000000000001,1024.2,12
lcv28_x_m1_v0_i1_b1000_r0,2026-02,1024.2,25.560000000000002,2.495606326889279,1049.76,12
lcv28_x_m1_v0_i1_b1000_r0,2026-03,1049.76,76.22,7.260707209266879,1125.98,6
lcv28_x_m1_v0_i1_b1000_r0,2026-04,1125.98,9.809999999999988,0.8712410522389376,1135.79,10
lcv28_x_m1_v0_i1_b1000_r0,2026-05,1135.79,1.0800000000000054,0.09508800042261382,1136.87,7
lcv28_x_m1_v0_i1_b1000_r0,2026-06,1136.87,-191.07000000000005,-16.806670947425832,945.7999999999998,18
lcv28_x_m1_v0_i1_b1000_r0,2026-07,945.7999999999998,-123.21999999999998,-13.02812433918376,822.5799999999998,16
lcv28_x_m1_v0_i1_b1000_r0,2026-08,822.5799999999998,-33.09000000000001,-4.0227090374188545,789.4899999999998,9
lcv28_x_m1_v0_i1_b1000_r1,2026-01,1000.0,0.0,0.0,1000.0,0
lcv28_x_m1_v0_i1_b1000_r1,2026-02,1000.0,0.0,0.0,1000.0,0
lcv28_x_m1_v0_i1_b1000_r1,2026-03,1000.0,0.0,0.0,1000.0,0
lcv28_x_m1_v0_i1_b1000_r1,2026-04,1000.0,0.0,0.0,1000.0,0
lcv28_x_m1_v0_i1_b1000_r1,2026-05,1000.0,0.0,0.0,1000.0,0
lcv28_x_m1_v0_i1_b1000_r1,2026-06,1000.0,0.0,0.0,1000.0,0
lcv28_x_m1_v0_i1_b1000_r1,2026-07,1000.0,0.0,0.0,1000.0,0
lcv28_x_m1_v0_i1_b1000_r1,2026-08,1000.0,0.0,0.0,1000.0,0
lcv28_x_m1_v0_i1_b1000_r2,2026-01,1000.0,0.0,0.0,1000.0,0
lcv28_x_m1_v0_i1_b1000_r2,2026-02,1000.0,0.0,0.0,1000.0,0
lcv28_x_m1_v0_i1_b1000_r2,2026-03,1000.0,0.0,0.0,1000.0,0
lcv28_x_m1_v0_i1_b1000_r2,2026-04,1000.0,0.0,0.0,1000.0,0
lcv28_x_m1_v0_i1_b1000_r2,2026-05,1000.0,0.0,0.0,1000.0,0
lcv28_x_m1_v0_i1_b1000_r2,2026-06,1000.0,0.0,0.0,1000.0,0
lcv28_x_m1_v0_i1_b1000_r2,2026-07,1000.0,0.0,0.0,1000.0,0
lcv28_x_m1_v0_i1_b1000_r2,2026-08,1000.0,5.79,0.579,1005.79,1
lcv28_x_m1_v0_i1_b1000_r3,2026-01,1000.0,45.91,4.591,1045.91,6
lcv28_x_m1_v0_i1_b1000_r3,2026-02,1045.91,85.75,8.198602174183247,1131.66,2
lcv28_x_m1_v0_i1_b1000_r3,2026-03,1131.66,0.0,0.0,1131.66,0
lcv28_x_m1_v0_i1_b1000_r3,2026-04,1131.66,66.43,5.87013767385964,1198.0900000000001,5
lcv28_x_m1_v0_i1_b1000_r3,2026-05,1198.0900000000001,-5.550000000000001,-0.4632373194000451,1192.5400000000002,3
lcv28_x_m1_v0_i1_b1000_r3,2026-06,1192.5400000000002,93.09,7.806027470776661,1285.63,4
lcv28_x_m1_v0_i1_b1000_r3,2026-07,1285.63,30.48,2.3708220872257177,1316.1100000000001,6
lcv28_x_m1_v0_i1_b1000_r3,2026-08,1316.1100000000001,-27.130000000000003,-2.0613778483561407,1288.98,8
lcv28_x_m1_v0_i1_b1000_r4,2026-01,1000.0,67.03,6.703,1067.03,9
lcv28_x_m1_v0_i1_b1000_r4,2026-02,1067.03,64.63,6.056999334601651,1131.6599999999999,6
lcv28_x_m1_v0_i1_b1000_r4,2026-03,1131.6599999999999,0.0,0.0,1131.6599999999999,0
lcv28_x_m1_v0_i1_b1000_r4,2026-04,1131.6599999999999,-17.19,-1.519007475743598,1114.4699999999998,7
lcv28_x_m1_v0_i1_b1000_r4,2026-05,1114.4699999999998,29.370000000000005,2.635333387170584,1143.8399999999997,5
lcv28_x_m1_v0_i1_b1000_r4,2026-06,1143.8399999999997,66.85,5.844348859980418,1210.6899999999996,6
lcv28_x_m1_v0_i1_b1000_r4,2026-07,1210.6899999999996,-99.83,-8.245711123408968,1110.8599999999997,11
lcv28_x_m1_v0_i1_b1000_r4,2026-08,1110.8599999999997,-27.130000000000003,-2.4422519489404615,1083.7299999999996,8
lcv28_x_m1_v0_i1_b1000_r5,2026-01,1000.0,81.91,8.190999999999999,1081.91,11
lcv28_x_m1_v0_i1_b1000_r5,2026-02,1081.91,55.82,5.1593940346239515,1137.73,10
lcv28_x_m1_v0_i1_b1000_r5,2026-03,1137.73,-41.160000000000004,-3.6177300413982234,1096.57,2
lcv28_x_m1_v0_i1_b1000_r5,2026-04,1096.57,29.200000000000017,2.6628487009493256,1125.77,10
lcv28_x_m1_v0_i1_b1000_r5,2026-05,1125.77,31.29,2.7794309672490827,1157.06,6
lcv28_x_m1_v0_i1_b1000_r5,2026-06,1157.06,-79.15999999999998,-6.841477537897774,1077.8999999999999,10
lcv28_x_m1_v0_i1_b1000_r5,2026-07,1077.8999999999999,-131.01999999999998,-12.155116430095555,946.8799999999999,13
lcv28_x_m1_v0_i1_b1000_r5,2026-08,946.8799999999999,-27.290000000000003,-2.8820969922271042,919.5899999999999,9
lcv28_x_m1_v0_i1_b3000_r0,2026-01,3000.0,24.20000000000001,0.806666666666667,3024.2,12
lcv28_x_m1_v0_i1_b3000_r0,2026-02,3024.2,25.560000000000002,0.8451821969446466,3049.7599999999998,12
lcv28_x_m1_v0_i1_b3000_r0,2026-03,3049.7599999999998,76.22,2.499213052830387,3125.9799999999996,6
lcv28_x_m1_v0_i1_b3000_r0,2026-04,3125.9799999999996,9.809999999999988,0.31382158555077094,3135.7899999999995,10
lcv28_x_m1_v0_i1_b3000_r0,2026-05,3135.7899999999995,1.0800000000000054,0.034441081832648414,3136.8699999999994,7
lcv28_x_m1_v0_i1_b3000_r0,2026-06,3136.8699999999994,-191.07000000000005,-6.091103552267072,2945.7999999999993,18
lcv28_x_m1_v0_i1_b3000_r0,2026-07,2945.7999999999993,-123.21999999999998,-4.182904474166611,2822.5799999999995,16
lcv28_x_m1_v0_i1_b3000_r0,2026-08,2822.5799999999995,-33.09000000000001,-1.1723316965329598,2789.4899999999993,9
lcv28_x_m1_v0_i1_b3000_r1,2026-01,3000.0,45.91,1.530333333333333,3045.91,6
lcv28_x_m1_v0_i1_b3000_r1,2026-02,3045.91,85.75,2.8152506147588077,3131.66,2
lcv28_x_m1_v0_i1_b3000_r1,2026-03,3131.66,0.0,0.0,3131.66,0
lcv28_x_m1_v0_i1_b3000_r1,2026-04,3131.66,63.089999999999996,2.014586513223019,3194.75,4
lcv28_x_m1_v0_i1_b3000_r1,2026-05,3194.75,-15.81,-0.4948744033179435,3178.94,1
lcv28_x_m1_v0_i1_b3000_r1,2026-06,3178.94,21.52,0.6769552114855896,3200.46,2
lcv28_x_m1_v0_i1_b3000_r1,2026-07,3200.46,-9.510000000000002,-0.29714478543709344,3190.95,1
lcv28_x_m1_v0_i1_b3000_r1,2026-08,3190.95,-35.720000000000006,-1.1194158479449696,3155.23,7
lcv28_x_m1_v0_i1_b3000_r2,2026-01,3000.0,70.17,2.339,3070.17,12
lcv28_x_m1_v0_i1_b3000_r2,2026-02,3070.17,111.32999999999998,3.6261835663823168,3181.5,12
lcv28_x_m1_v0_i1_b3000_r2,2026-03,3181.5,47.73,1.5002357378595002,3229.23,5
lcv28_x_m1_v0_i1_b3000_r2,2026-04,3229.23,72.94000000000001,2.258742796270319,3302.17,10
lcv28_x_m1_v0_i1_b3000_r2,2026-05,3302.17,5.300000000000004,0.16050051935545426,3307.4700000000003,7
lcv28_x_m1_v0_i1_b3000_r2,2026-06,3307.4700000000003,-144.82999999999998,-4.37887569652937,3162.6400000000003,14
lcv28_x_m1_v0_i1_b3000_r2,2026-07,3162.6400000000003,-123.21999999999998,-3.8961121088710686,3039.4200000000005,16
lcv28_x_m1_v0_i1_b3000_r2,2026-08,3039.4200000000005,-62.95000000000001,-2.0711188318823988,2976.4700000000007,9
lcv28_x_m1_v0_i1_b3000_r3,2026-01,3000.0,131.25,4.375,3131.25,12
lcv28_x_m1_v0_i1_b3000_r3,2026-02,3131.25,216.00000000000003,6.898203592814372,3347.25,12
lcv28_x_m1_v0_i1_b3000_r3,2026-03,3347.25,91.42999999999999,2.731496004182538,3438.68,6
lcv28_x_m1_v0_i1_b3000_r3,2026-04,3438.68,80.82000000000002,2.350320471808951,3519.5,10
lcv28_x_m1_v0_i1_b3000_r3,2026-05,3519.5,24.95000000000001,0.708907515272056,3544.45,7
lcv28_x_m1_v0_i1_b3000_r3,2026-06,3544.45,-159.61999999999998,-4.50337852135028,3384.83,18
lcv28_x_m1_v0_i1_b3000_r3,2026-07,3384.83,-283.15999999999997,-8.365560456507417,3101.67,16
lcv28_x_m1_v0_i1_b3000_r3,2026-08,3101.67,-90.22000000000001,-2.908755605851042,3011.4500000000003,9
lcv28_x_m1_v0_i1_b3000_r4,2026-01,3000.0,138.41999999999996,4.613999999999999,3138.42,12
lcv28_x_m1_v0_i1_b3000_r4,2026-02,3138.42,238.89999999999995,7.6121105524435855,3377.32,12
lcv28_x_m1_v0_i1_b3000_r4,2026-03,3377.32,124.0,3.671550223253941,3501.32,6
lcv28_x_m1_v0_i1_b3000_r4,2026-04,3501.32,88.37000000000003,2.5239052700124534,3589.69,10
lcv28_x_m1_v0_i1_b3000_r4,2026-05,3589.69,27.580000000000013,0.7683114697926565,3617.27,7
lcv28_x_m1_v0_i1_b3000_r4,2026-06,3617.27,-290.75999999999993,-8.038106085528588,3326.51,18
lcv28_x_m1_v0_i1_b3000_r4,2026-07,3326.51,-295.99,-8.89791403001945,3030.5200000000004,16
lcv28_x_m1_v0_i1_b3000_r4,2026-08,3030.5200000000004,-117.29,-3.8702928870292883,2913.2300000000005,9
lcv28_x_m1_v0_i1_b3000_r5,2026-01,3000.0,262.79,8.759666666666668,3262.79,12
lcv28_x_m1_v0_i1_b3000_r5,2026-02,3262.79,294.75000000000006,9.033679764863816,3557.54,12
lcv28_x_m1_v0_i1_b3000_r5,2026-03,3557.54,171.52,4.821309106854737,3729.06,6
lcv28_x_m1_v0_i1_b3000_r5,2026-04,3729.06,122.45999999999998,3.283937507039307,3851.52,10
lcv28_x_m1_v0_i1_b3000_r5,2026-05,3851.52,28.680000000000035,0.7446410767696918,3880.2,7
lcv28_x_m1_v0_i1_b3000_r5,2026-06,3880.2,-435.9299999999999,-11.234730168548012,3444.27,18
lcv28_x_m1_v0_i1_b3000_r5,2026-07,3444.27,-389.16999999999996,-11.299056113487037,3055.1,16
lcv28_x_m1_v0_i1_b3000_r5,2026-08,3055.1,-153.67,-5.029949919806225,2901.43,9
lcv28_x_m1_v1_i0_b500_r0,2026-01,500.0,41.600000000000016,8.320000000000004,541.6,3
lcv28_x_m1_v1_i0_b500_r0,2026-02,541.6,-50.070000000000014,-9.244830132939441,491.53000000000003,4
lcv28_x_m1_v1_i0_b500_r0,2026-03,491.53000000000003,81.60999999999999,16.603259211034928,573.14,4
lcv28_x_m1_v1_i0_b500_r0,2026-04,573.14,-21.04,-3.671005339009666,552.1,5
lcv28_x_m1_v1_i0_b500_r0,2026-05,552.1,-16.360000000000007,-2.9632312986777767,535.74,5
lcv28_x_m1_v1_i0_b500_r0,2026-06,535.74,8.149999999999999,1.5212603128383169,543.89,10
lcv28_x_m1_v1_i0_b500_r0,2026-07,543.89,-66.89,-12.298442699810625,477.0,9
lcv28_x_m1_v1_i0_b500_r0,2026-08,477.0,-42.790000000000006,-8.970649895178198,434.21,3
lcv28_x_m1_v1_i0_b500_r1,2026-01,500.0,0.0,0.0,500.0,0
lcv28_x_m1_v1_i0_b500_r1,2026-02,500.0,0.0,0.0,500.0,0
lcv28_x_m1_v1_i0_b500_r1,2026-03,500.0,0.0,0.0,500.0,0
lcv28_x_m1_v1_i0_b500_r1,2026-04,500.0,0.0,0.0,500.0,0
lcv28_x_m1_v1_i0_b500_r1,2026-05,500.0,0.0,0.0,500.0,0
lcv28_x_m1_v1_i0_b500_r1,2026-06,500.0,0.0,0.0,500.0,0
lcv28_x_m1_v1_i0_b500_r1,2026-07,500.0,0.0,0.0,500.0,0
lcv28_x_m1_v1_i0_b500_r1,2026-08,500.0,0.0,0.0,500.0,0
lcv28_x_m1_v1_i0_b500_r2,2026-01,500.0,0.0,0.0,500.0,0
lcv28_x_m1_v1_i0_b500_r2,2026-02,500.0,0.0,0.0,500.0,0
lcv28_x_m1_v1_i0_b500_r2,2026-03,500.0,0.0,0.0,500.0,0
lcv28_x_m1_v1_i0_b500_r2,2026-04,500.0,0.0,0.0,500.0,0
lcv28_x_m1_v1_i0_b500_r2,2026-05,500.0,0.0,0.0,500.0,0
lcv28_x_m1_v1_i0_b500_r2,2026-06,500.0,0.0,0.0,500.0,0
lcv28_x_m1_v1_i0_b500_r2,2026-07,500.0,0.0,0.0,500.0,0
lcv28_x_m1_v1_i0_b500_r2,2026-08,500.0,0.0,0.0,500.0,0
lcv28_x_m1_v1_i0_b500_r3,2026-01,500.0,0.0,0.0,500.0,0
lcv28_x_m1_v1_i0_b500_r3,2026-02,500.0,0.0,0.0,500.0,0
lcv28_x_m1_v1_i0_b500_r3,2026-03,500.0,0.0,0.0,500.0,0
lcv28_x_m1_v1_i0_b500_r3,2026-04,500.0,0.0,0.0,500.0,0
lcv28_x_m1_v1_i0_b500_r3,2026-05,500.0,0.0,0.0,500.0,0
lcv28_x_m1_v1_i0_b500_r3,2026-06,500.0,0.0,0.0,500.0,0
lcv28_x_m1_v1_i0_b500_r3,2026-07,500.0,0.0,0.0,500.0,0
lcv28_x_m1_v1_i0_b500_r3,2026-08,500.0,0.0,0.0,500.0,0
lcv28_x_m1_v1_i0_b500_r4,2026-01,500.0,0.0,0.0,500.0,0
lcv28_x_m1_v1_i0_b500_r4,2026-02,500.0,0.0,0.0,500.0,0
lcv28_x_m1_v1_i0_b500_r4,2026-03,500.0,0.0,0.0,500.0,0
lcv28_x_m1_v1_i0_b500_r4,2026-04,500.0,0.0,0.0,500.0,0
lcv28_x_m1_v1_i0_b500_r4,2026-05,500.0,0.0,0.0,500.0,0
lcv28_x_m1_v1_i0_b500_r4,2026-06,500.0,0.0,0.0,500.0,0
lcv28_x_m1_v1_i0_b500_r4,2026-07,500.0,0.0,0.0,500.0,0
lcv28_x_m1_v1_i0_b500_r4,2026-08,500.0,0.0,0.0,500.0,0
lcv28_x_m1_v1_i0_b500_r5,2026-01,500.0,0.0,0.0,500.0,0
lcv28_x_m1_v1_i0_b500_r5,2026-02,500.0,0.0,0.0,500.0,0
lcv28_x_m1_v1_i0_b500_r5,2026-03,500.0,108.58,21.715999999999998,608.58,1
lcv28_x_m1_v1_i0_b500_r5,2026-04,608.58,0.0,0.0,608.58,0
lcv28_x_m1_v1_i0_b500_r5,2026-05,608.58,38.93,6.396858260212297,647.51,2
lcv28_x_m1_v1_i0_b500_r5,2026-06,647.51,196.47,30.342388534540003,843.98,4
lcv28_x_m1_v1_i0_b500_r5,2026-07,843.98,-35.519999999999996,-4.208630536268632,808.46,6
lcv28_x_m1_v1_i0_b500_r5,2026-08,808.46,-42.790000000000006,-5.292778863518294,765.6700000000001,3
lcv28_x_m1_v1_i0_b1000_r0,2026-01,1000.0,41.600000000000016,4.160000000000002,1041.6,3
lcv28_x_m1_v1_i0_b1000_r0,2026-02,1041.6,-50.070000000000014,-4.807027649769587,991.5299999999999,4
lcv28_x_m1_v1_i0_b1000_r0,2026-03,991.5299999999999,81.60999999999999,8.230714148840681,1073.1399999999999,4
lcv28_x_m1_v1_i0_b1000_r0,2026-04,1073.1399999999999,-21.04,-1.960601599045791,1052.1,5
lcv28_x_m1_v1_i0_b1000_r0,2026-05,1052.1,-16.360000000000007,-1.5549852675601186,1035.74,5
lcv28_x_m1_v1_i0_b1000_r0,2026-06,1035.74,8.149999999999999,0.786877015467202,1043.89,10
lcv28_x_m1_v1_i0_b1000_r0,2026-07,1043.89,-66.89,-6.407763270076348,977.0000000000001,9
lcv28_x_m1_v1_i0_b1000_r0,2026-08,977.0000000000001,-42.790000000000006,-4.379733879222108,934.2100000000002,3
lcv28_x_m1_v1_i0_b1000_r1,2026-01,1000.0,0.0,0.0,1000.0,0
lcv28_x_m1_v1_i0_b1000_r1,2026-02,1000.0,0.0,0.0,1000.0,0
lcv28_x_m1_v1_i0_b1000_r1,2026-03,1000.0,0.0,0.0,1000.0,0
lcv28_x_m1_v1_i0_b1000_r1,2026-04,1000.0,0.0,0.0,1000.0,0
lcv28_x_m1_v1_i0_b1000_r1,2026-05,1000.0,0.0,0.0,1000.0,0
lcv28_x_m1_v1_i0_b1000_r1,2026-06,1000.0,0.0,0.0,1000.0,0
lcv28_x_m1_v1_i0_b1000_r1,2026-07,1000.0,0.0,0.0,1000.0,0
lcv28_x_m1_v1_i0_b1000_r1,2026-08,1000.0,0.0,0.0,1000.0,0
lcv28_x_m1_v1_i0_b1000_r2,2026-01,1000.0,0.0,0.0,1000.0,0
lcv28_x_m1_v1_i0_b1000_r2,2026-02,1000.0,0.0,0.0,1000.0,0
lcv28_x_m1_v1_i0_b1000_r2,2026-03,1000.0,0.0,0.0,1000.0,0
lcv28_x_m1_v1_i0_b1000_r2,2026-04,1000.0,0.0,0.0,1000.0,0
lcv28_x_m1_v1_i0_b1000_r2,2026-05,1000.0,0.0,0.0,1000.0,0
lcv28_x_m1_v1_i0_b1000_r2,2026-06,1000.0,0.0,0.0,1000.0,0
lcv28_x_m1_v1_i0_b1000_r2,2026-07,1000.0,0.0,0.0,1000.0,0
lcv28_x_m1_v1_i0_b1000_r2,2026-08,1000.0,0.0,0.0,1000.0,0
lcv28_x_m1_v1_i0_b1000_r3,2026-01,1000.0,47.73000000000001,4.773000000000001,1047.73,2
lcv28_x_m1_v1_i0_b1000_r3,2026-02,1047.73,0.0,0.0,1047.73,0
lcv28_x_m1_v1_i0_b1000_r3,2026-03,1047.73,108.58,10.363356971738902,1156.31,1
lcv28_x_m1_v1_i0_b1000_r3,2026-04,1156.31,0.0,0.0,1156.31,0
lcv28_x_m1_v1_i0_b1000_r3,2026-05,1156.31,4.269999999999996,0.36927813475625015,1160.58,3
lcv28_x_m1_v1_i0_b1000_r3,2026-06,1160.58,196.47,16.928604663185652,1357.05,4
lcv28_x_m1_v1_i0_b1000_r3,2026-07,1357.05,5.490000000000002,0.4045539957997128,1362.54,5
lcv28_x_m1_v1_i0_b1000_r3,2026-08,1362.54,-42.790000000000006,-3.1404582617758017,1319.75,3
lcv28_x_m1_v1_i0_b1000_r4,2026-01,1000.0,41.600000000000016,4.160000000000002,1041.6,3
lcv28_x_m1_v1_i0_b1000_r4,2026-02,1041.6,-32.970000000000006,-3.165322580645162,1008.6299999999999,1
lcv28_x_m1_v1_i0_b1000_r4,2026-03,1008.6299999999999,108.58,10.76509721106848,1117.2099999999998,1
lcv28_x_m1_v1_i0_b1000_r4,2026-04,1117.2099999999998,-25.99,-2.3263307704012677,1091.2199999999998,2
lcv28_x_m1_v1_i0_b1000_r4,2026-05,1091.2199999999998,-16.360000000000007,-1.4992393834423865,1074.86,5
lcv28_x_m1_v1_i0_b1000_r4,2026-06,1074.86,215.96000000000004,20.091918947583874,1290.82,6
lcv28_x_m1_v1_i0_b1000_r4,2026-07,1290.82,-77.36,-5.993089663934553,1213.46,8
lcv28_x_m1_v1_i0_b1000_r4,2026-08,1213.46,-42.790000000000006,-3.5262802234931523,1170.67,3
lcv28_x_m1_v1_i0_b1000_r5,2026-01,1000.0,41.600000000000016,4.160000000000002,1041.6,3
lcv28_x_m1_v1_i0_b1000_r5,2026-02,1041.6,-75.69000000000001,-7.266705069124425,965.9099999999999,2
lcv28_x_m1_v1_i0_b1000_r5,2026-03,965.9099999999999,60.50999999999999,6.264558809827002,1026.4199999999998,2
lcv28_x_m1_v1_i0_b1000_r5,2026-04,1026.4199999999998,-70.3,-6.849048147931647,956.1199999999999,4
lcv28_x_m1_v1_i0_b1000_r5,2026-05,956.1199999999999,-16.360000000000007,-1.711082290925826,939.7599999999999,5
lcv28_x_m1_v1_i0_b1000_r5,2026-06,939.7599999999999,160.09000000000003,17.035200476717467,1099.85,7
lcv28_x_m1_v1_i0_b1000_r5,2026-07,1099.85,-66.89,-6.081738418875301,1032.9599999999998,9
lcv28_x_m1_v1_i0_b1000_r5,2026-08,1032.9599999999998,-48.86,-4.730096034696407,984.0999999999998,3
lcv28_x_m1_v1_i0_b3000_r0,2026-01,3000.0,41.600000000000016,1.3866666666666672,3041.6,3
lcv28_x_m1_v1_i0_b3000_r0,2026-02,3041.6,-50.070000000000014,-1.646173066806944,2991.5299999999997,4
lcv28_x_m1_v1_i0_b3000_r0,2026-03,2991.5299999999997,81.60999999999999,2.728035486857895,3073.14,4
lcv28_x_m1_v1_i0_b3000_r0,2026-04,3073.14,-21.04,-0.6846417670525912,3052.1,5
lcv28_x_m1_v1_i0_b3000_r0,2026-05,3052.1,-16.360000000000007,-0.5360243766586942,3035.74,5
lcv28_x_m1_v1_i0_b3000_r0,2026-06,3035.74,8.149999999999999,0.2684683141507507,3043.89,10
lcv28_x_m1_v1_i0_b3000_r0,2026-07,3043.89,-66.89,-2.197516993058225,2977.0,9
lcv28_x_m1_v1_i0_b3000_r0,2026-08,2977.0,-42.790000000000006,-1.4373530399731276,2934.21,3
lcv28_x_m1_v1_i0_b3000_r1,2026-01,3000.0,47.73000000000001,1.5910000000000004,3047.73,2
lcv28_x_m1_v1_i0_b3000_r1,2026-02,3047.73,0.0,0.0,3047.73,0
lcv28_x_m1_v1_i0_b3000_r1,2026-03,3047.73,108.58,3.562651547217109,3156.31,1
lcv28_x_m1_v1_i0_b3000_r1,2026-04,3156.31,0.0,0.0,3156.31,0
lcv28_x_m1_v1_i0_b3000_r1,2026-05,3156.31,38.93,1.233402295718735,3195.24,2
lcv28_x_m1_v1_i0_b3000_r1,2026-06,3195.24,203.83,6.37917652508106,3399.0699999999997,3
lcv28_x_m1_v1_i0_b3000_r1,2026-07,3399.0699999999997,-1.779999999999994,-0.05236726516370637,3397.2899999999995,3
lcv28_x_m1_v1_i0_b3000_r1,2026-08,3397.2899999999995,-42.790000000000006,-1.2595333339220383,3354.4999999999995,3
lcv28_x_m1_v1_i0_b3000_r2,2026-01,3000.0,89.34,2.978,3089.34,3
lcv28_x_m1_v1_i0_b3000_r2,2026-02,3089.34,-50.070000000000014,-1.6207345258210497,3039.27,4
lcv28_x_m1_v1_i0_b3000_r2,2026-03,3039.27,134.06,4.410927624067622,3173.33,3
lcv28_x_m1_v1_i0_b3000_r2,2026-04,3173.33,-21.04,-0.6630259065398177,3152.29,5
lcv28_x_m1_v1_i0_b3000_r2,2026-05,3152.29,22.589999999999996,0.716621884407843,3174.88,5
lcv28_x_m1_v1_i0_b3000_r2,2026-06,3174.88,212.01,6.677732701708411,3386.8900000000003,10
lcv28_x_m1_v1_i0_b3000_r2,2026-07,3386.8900000000003,-68.64,-2.026638007139293,3318.2500000000005,9
lcv28_x_m1_v1_i0_b3000_r2,2026-08,3318.2500000000005,-85.55000000000001,-2.578166202064341,3232.7000000000003,3
lcv28_x_m1_v1_i0_b3000_r3,2026-01,3000.0,130.95000000000002,4.365000000000001,3130.95,3
lcv28_x_m1_v1_i0_b3000_r3,2026-02,3130.95,-125.74000000000001,-4.0160334722688,3005.21,4
lcv28_x_m1_v1_i0_b3000_r3,2026-03,3005.21,298.78,9.942067276496482,3303.99,4
lcv28_x_m1_v1_i0_b3000_r3,2026-04,3303.99,-93.13,-2.8187131316983405,3210.8599999999997,5
lcv28_x_m1_v1_i0_b3000_r3,2026-05,3210.8599999999997,6.269999999999982,0.19527478619435237,3217.1299999999997,5
lcv28_x_m1_v1_i0_b3000_r3,2026-06,3217.1299999999997,365.3600000000001,11.356706132484549,3582.49,10
lcv28_x_m1_v1_i0_b3000_r3,2026-07,3582.49,-145.94999999999996,-4.073982062755234,3436.54,9
lcv28_x_m1_v1_i0_b3000_r3,2026-08,3436.54,-134.41,-3.9112013827861745,3302.13,3
lcv28_x_m1_v1_i0_b3000_r4,2026-01,3000.0,166.44,5.548,3166.44,3
lcv28_x_m1_v1_i0_b3000_r4,2026-02,3166.44,-133.07,-4.202511337653642,3033.37,4
lcv28_x_m1_v1_i0_b3000_r4,2026-03,3033.37,324.28,10.690420225689579,3357.6499999999996,4
lcv28_x_m1_v1_i0_b3000_r4,2026-04,3357.6499999999996,-68.03,-2.026119458549879,3289.6199999999994,5
lcv28_x_m1_v1_i0_b3000_r4,2026-05,3289.6199999999994,-14.269999999999982,-0.4337887050783976,3275.3499999999995,5
lcv28_x_m1_v1_i0_b3000_r4,2026-06,3275.3499999999995,452.16999999999996,13.805242187857788,3727.5199999999995,10
lcv28_x_m1_v1_i0_b3000_r4,2026-07,3727.5199999999995,-250.99000000000004,-6.733431343091387,3476.5299999999993,9
lcv28_x_m1_v1_i0_b3000_r4,2026-08,3476.5299999999993,-213.89,-6.152399087595966,3262.6399999999994,3
lcv28_x_m1_v1_i0_b3000_r5,2026-01,3000.0,150.84999999999997,5.0283333333333315,3150.85,3
lcv28_x_m1_v1_i0_b3000_r5,2026-02,3150.85,-150.04999999999998,-4.7622070235015945,3000.7999999999997,4
lcv28_x_m1_v1_i0_b3000_r5,2026-03,3000.7999999999997,440.94,14.694081578245802,3441.74,4
lcv28_x_m1_v1_i0_b3000_r5,2026-04,3441.74,-89.04000000000002,-2.5870635201961805,3352.7,5
lcv28_x_m1_v1_i0_b3000_r5,2026-05,3352.7,-30.590000000000003,-0.9123989620306024,3322.1099999999997,5
lcv28_x_m1_v1_i0_b3000_r5,2026-06,3322.1099999999997,512.51,15.427243528962018,3834.62,10
lcv28_x_m1_v1_i0_b3000_r5,2026-07,3834.62,-333.92,-8.70803365131356,3500.7,9
lcv28_x_m1_v1_i0_b3000_r5,2026-08,3500.7,-256.65,-7.331390864684206,3244.0499999999997,3
lcv28_x_m1_v1_i1_b500_r0,2026-01,500.0,12.399999999999997,2.479999999999999,512.4,3
lcv28_x_m1_v1_i1_b500_r0,2026-02,512.4,-11.030000000000001,-2.1526151444184234,501.37,1
lcv28_x_m1_v1_i1_b500_r0,2026-03,501.37,55.35,11.039751082035224,556.72,2
lcv28_x_m1_v1_i1_b500_r0,2026-04,556.72,-24.119999999999994,-4.332519040091966,532.6,3
lcv28_x_m1_v1_i1_b500_r0,2026-05,532.6,17.62,3.3082989110026286,550.22,1
lcv28_x_m1_v1_i1_b500_r0,2026-06,550.22,-109.56,-19.912035185925628,440.66,4
lcv28_x_m1_v1_i1_b500_r0,2026-07,440.66,-39.67,-9.002405482685063,400.99,4
lcv28_x_m1_v1_i1_b500_r0,2026-08,400.99,-32.94,-8.214668694979924,368.05,2
lcv28_x_m1_v1_i1_b500_r1,2026-01,500.0,0.0,0.0,500.0,0
lcv28_x_m1_v1_i1_b500_r1,2026-02,500.0,0.0,0.0,500.0,0
lcv28_x_m1_v1_i1_b500_r1,2026-03,500.0,0.0,0.0,500.0,0
lcv28_x_m1_v1_i1_b500_r1,2026-04,500.0,0.0,0.0,500.0,0
lcv28_x_m1_v1_i1_b500_r1,2026-05,500.0,0.0,0.0,500.0,0
lcv28_x_m1_v1_i1_b500_r1,2026-06,500.0,0.0,0.0,500.0,0
lcv28_x_m1_v1_i1_b500_r1,2026-07,500.0,0.0,0.0,500.0,0
lcv28_x_m1_v1_i1_b500_r1,2026-08,500.0,0.0,0.0,500.0,0
lcv28_x_m1_v1_i1_b500_r2,2026-01,500.0,0.0,0.0,500.0,0
lcv28_x_m1_v1_i1_b500_r2,2026-02,500.0,0.0,0.0,500.0,0
lcv28_x_m1_v1_i1_b500_r2,2026-03,500.0,0.0,0.0,500.0,0
lcv28_x_m1_v1_i1_b500_r2,2026-04,500.0,0.0,0.0,500.0,0
lcv28_x_m1_v1_i1_b500_r2,2026-05,500.0,0.0,0.0,500.0,0
lcv28_x_m1_v1_i1_b500_r2,2026-06,500.0,0.0,0.0,500.0,0
lcv28_x_m1_v1_i1_b500_r2,2026-07,500.0,0.0,0.0,500.0,0
lcv28_x_m1_v1_i1_b500_r2,2026-08,500.0,0.0,0.0,500.0,0
lcv28_x_m1_v1_i1_b500_r3,2026-01,500.0,0.0,0.0,500.0,0
lcv28_x_m1_v1_i1_b500_r3,2026-02,500.0,0.0,0.0,500.0,0
lcv28_x_m1_v1_i1_b500_r3,2026-03,500.0,0.0,0.0,500.0,0
lcv28_x_m1_v1_i1_b500_r3,2026-04,500.0,0.0,0.0,500.0,0
lcv28_x_m1_v1_i1_b500_r3,2026-05,500.0,0.0,0.0,500.0,0
lcv28_x_m1_v1_i1_b500_r3,2026-06,500.0,0.0,0.0,500.0,0
lcv28_x_m1_v1_i1_b500_r3,2026-07,500.0,0.0,0.0,500.0,0
lcv28_x_m1_v1_i1_b500_r3,2026-08,500.0,0.0,0.0,500.0,0
lcv28_x_m1_v1_i1_b500_r4,2026-01,500.0,0.0,0.0,500.0,0
lcv28_x_m1_v1_i1_b500_r4,2026-02,500.0,0.0,0.0,500.0,0
lcv28_x_m1_v1_i1_b500_r4,2026-03,500.0,0.0,0.0,500.0,0
lcv28_x_m1_v1_i1_b500_r4,2026-04,500.0,0.0,0.0,500.0,0
lcv28_x_m1_v1_i1_b500_r4,2026-05,500.0,0.0,0.0,500.0,0
lcv28_x_m1_v1_i1_b500_r4,2026-06,500.0,0.0,0.0,500.0,0
lcv28_x_m1_v1_i1_b500_r4,2026-07,500.0,0.0,0.0,500.0,0
lcv28_x_m1_v1_i1_b500_r4,2026-08,500.0,0.0,0.0,500.0,0
lcv28_x_m1_v1_i1_b500_r5,2026-01,500.0,0.0,0.0,500.0,0
lcv28_x_m1_v1_i1_b500_r5,2026-02,500.0,0.0,0.0,500.0,0
lcv28_x_m1_v1_i1_b500_r5,2026-03,500.0,0.0,0.0,500.0,0
lcv28_x_m1_v1_i1_b500_r5,2026-04,500.0,0.0,0.0,500.0,0
lcv28_x_m1_v1_i1_b500_r5,2026-05,500.0,0.0,0.0,500.0,0
lcv28_x_m1_v1_i1_b500_r5,2026-06,500.0,0.0,0.0,500.0,0
lcv28_x_m1_v1_i1_b500_r5,2026-07,500.0,0.0,0.0,500.0,0
lcv28_x_m1_v1_i1_b500_r5,2026-08,500.0,0.0,0.0,500.0,0
lcv28_x_m1_v1_i1_b1000_r0,2026-01,1000.0,12.399999999999997,1.2399999999999995,1012.4,3
lcv28_x_m1_v1_i1_b1000_r0,2026-02,1012.4,-11.030000000000001,-1.0894903200316082,1001.37,1
lcv28_x_m1_v1_i1_b1000_r0,2026-03,1001.37,55.35,5.5274274244285335,1056.72,2
lcv28_x_m1_v1_i1_b1000_r0,2026-04,1056.72,-24.119999999999994,-2.282534635475811,1032.6000000000001,3
lcv28_x_m1_v1_i1_b1000_r0,2026-05,1032.6000000000001,17.62,1.7063722641874877,1050.22,1
lcv28_x_m1_v1_i1_b1000_r0,2026-06,1050.22,-109.56,-10.43209994096475,940.6600000000001,4
lcv28_x_m1_v1_i1_b1000_r0,2026-07,940.6600000000001,-39.67,-4.2172517168796375,900.9900000000001,4
lcv28_x_m1_v1_i1_b1000_r0,2026-08,900.9900000000001,-32.94,-3.6559784237338917,868.0500000000002,2
lcv28_x_m1_v1_i1_b1000_r1,2026-01,1000.0,0.0,0.0,1000.0,0
lcv28_x_m1_v1_i1_b1000_r1,2026-02,1000.0,0.0,0.0,1000.0,0
lcv28_x_m1_v1_i1_b1000_r1,2026-03,1000.0,0.0,0.0,1000.0,0
lcv28_x_m1_v1_i1_b1000_r1,2026-04,1000.0,0.0,0.0,1000.0,0
lcv28_x_m1_v1_i1_b1000_r1,2026-05,1000.0,0.0,0.0,1000.0,0
lcv28_x_m1_v1_i1_b1000_r1,2026-06,1000.0,0.0,0.0,1000.0,0
lcv28_x_m1_v1_i1_b1000_r1,2026-07,1000.0,0.0,0.0,1000.0,0
lcv28_x_m1_v1_i1_b1000_r1,2026-08,1000.0,0.0,0.0,1000.0,0
lcv28_x_m1_v1_i1_b1000_r2,2026-01,1000.0,0.0,0.0,1000.0,0
lcv28_x_m1_v1_i1_b1000_r2,2026-02,1000.0,0.0,0.0,1000.0,0
lcv28_x_m1_v1_i1_b1000_r2,2026-03,1000.0,0.0,0.0,1000.0,0
lcv28_x_m1_v1_i1_b1000_r2,2026-04,1000.0,0.0,0.0,1000.0,0
lcv28_x_m1_v1_i1_b1000_r2,2026-05,1000.0,0.0,0.0,1000.0,0
lcv28_x_m1_v1_i1_b1000_r2,2026-06,1000.0,0.0,0.0,1000.0,0
lcv28_x_m1_v1_i1_b1000_r2,2026-07,1000.0,0.0,0.0,1000.0,0
lcv28_x_m1_v1_i1_b1000_r2,2026-08,1000.0,0.0,0.0,1000.0,0
lcv28_x_m1_v1_i1_b1000_r3,2026-01,1000.0,10.029999999999998,1.0029999999999997,1010.03,2
lcv28_x_m1_v1_i1_b1000_r3,2026-02,1010.03,0.0,0.0,1010.03,0
lcv28_x_m1_v1_i1_b1000_r3,2026-03,1010.03,0.0,0.0,1010.03,0
lcv28_x_m1_v1_i1_b1000_r3,2026-04,1010.03,0.0,0.0,1010.03,0
lcv28_x_m1_v1_i1_b1000_r3,2026-05,1010.03,0.0,0.0,1010.03,0
lcv28_x_m1_v1_i1_b1000_r3,2026-06,1010.03,0.0,0.0,1010.03,0
lcv28_x_m1_v1_i1_b1000_r3,2026-07,1010.03,0.0,0.0,1010.03,0
lcv28_x_m1_v1_i1_b1000_r3,2026-08,1010.03,-32.94,-3.261289268635585,977.0899999999999,2
lcv28_x_m1_v1_i1_b1000_r4,2026-01,1000.0,12.399999999999997,1.2399999999999995,1012.4,3
lcv28_x_m1_v1_i1_b1000_r4,2026-02,1012.4,0.0,0.0,1012.4,0
lcv28_x_m1_v1_i1_b1000_r4,2026-03,1012.4,0.0,0.0,1012.4,0
lcv28_x_m1_v1_i1_b1000_r4,2026-04,1012.4,0.0,0.0,1012.4,0
lcv28_x_m1_v1_i1_b1000_r4,2026-05,1012.4,17.62,1.7404188067957331,1030.02,1
lcv28_x_m1_v1_i1_b1000_r4,2026-06,1030.02,0.0,0.0,1030.02,0
lcv28_x_m1_v1_i1_b1000_r4,2026-07,1030.02,-41.010000000000005,-3.981476087842955,989.01,1
lcv28_x_m1_v1_i1_b1000_r4,2026-08,989.01,-32.94,-3.33060333060333,956.0699999999999,2
lcv28_x_m1_v1_i1_b1000_r5,2026-01,1000.0,12.399999999999997,1.2399999999999995,1012.4,3
lcv28_x_m1_v1_i1_b1000_r5,2026-02,1012.4,-11.030000000000001,-1.0894903200316082,1001.37,1
lcv28_x_m1_v1_i1_b1000_r5,2026-03,1001.37,0.0,0.0,1001.37,0
lcv28_x_m1_v1_i1_b1000_r5,2026-04,1001.37,-46.13,-4.6066888362942775,955.24,1
lcv28_x_m1_v1_i1_b1000_r5,2026-05,955.24,17.62,1.8445626230057368,972.86,1
lcv28_x_m1_v1_i1_b1000_r5,2026-06,972.86,12.53,1.2879551014534465,985.39,1
lcv28_x_m1_v1_i1_b1000_r5,2026-07,985.39,-44.52,-4.518008098316403,940.87,3
lcv28_x_m1_v1_i1_b1000_r5,2026-08,940.87,-32.94,-3.501015018015241,907.9300000000001,2
lcv28_x_m1_v1_i1_b3000_r0,2026-01,3000.0,12.399999999999997,0.4133333333333333,3012.4,3
lcv28_x_m1_v1_i1_b3000_r0,2026-02,3012.4,-11.030000000000001,-0.36615323330235033,3001.37,1
lcv28_x_m1_v1_i1_b3000_r0,2026-03,3001.37,55.35,1.8441578345888714,3056.72,2
lcv28_x_m1_v1_i1_b3000_r0,2026-04,3056.72,-24.119999999999994,-0.7890811065455781,3032.6,3
lcv28_x_m1_v1_i1_b3000_r0,2026-05,3032.6,17.62,0.5810195871529381,3050.22,1
lcv28_x_m1_v1_i1_b3000_r0,2026-06,3050.22,-109.56,-3.591872061687354,2940.66,4
lcv28_x_m1_v1_i1_b3000_r0,2026-07,2940.66,-39.67,-1.3490168873654216,2900.99,4
lcv28_x_m1_v1_i1_b3000_r0,2026-08,2900.99,-32.94,-1.1354744414837694,2868.0499999999997,2
lcv28_x_m1_v1_i1_b3000_r1,2026-01,3000.0,10.029999999999998,0.33433333333333326,3010.03,2
lcv28_x_m1_v1_i1_b3000_r1,2026-02,3010.03,0.0,0.0,3010.03,0
lcv28_x_m1_v1_i1_b3000_r1,2026-03,3010.03,0.0,0.0,3010.03,0
lcv28_x_m1_v1_i1_b3000_r1,2026-04,3010.03,0.0,0.0,3010.03,0
lcv28_x_m1_v1_i1_b3000_r1,2026-05,3010.03,0.0,0.0,3010.03,0
lcv28_x_m1_v1_i1_b3000_r1,2026-06,3010.03,0.0,0.0,3010.03,0
lcv28_x_m1_v1_i1_b3000_r1,2026-07,3010.03,0.0,0.0,3010.03,0
lcv28_x_m1_v1_i1_b3000_r1,2026-08,3010.03,-32.94,-1.0943412524127665,2977.09,2
lcv28_x_m1_v1_i1_b3000_r2,2026-01,3000.0,22.45,0.7483333333333333,3022.45,3
lcv28_x_m1_v1_i1_b3000_r2,2026-02,3022.45,-11.030000000000001,-0.3649357309467486,3011.4199999999996,1
lcv28_x_m1_v1_i1_b3000_r2,2026-03,3011.4199999999996,26.86,0.8919380225939922,3038.2799999999997,1
lcv28_x_m1_v1_i1_b3000_r2,2026-04,3038.2799999999997,-24.119999999999994,-0.7938702160432876,3014.16,3
lcv28_x_m1_v1_i1_b3000_r2,2026-05,3014.16,17.62,0.5845741433765959,3031.7799999999997,1
lcv28_x_m1_v1_i1_b3000_r2,2026-06,3031.7799999999997,-46.86,-1.5456266615651533,2984.9199999999996,3
lcv28_x_m1_v1_i1_b3000_r2,2026-07,2984.9199999999996,-39.67,-1.3290138429170633,2945.2499999999995,4
lcv28_x_m1_v1_i1_b3000_r2,2026-08,2945.2499999999995,-65.86,-2.236142942025295,2879.3899999999994,2
lcv28_x_m1_v1_i1_b3000_r3,2026-01,3000.0,34.85999999999999,1.1619999999999997,3034.86,3
lcv28_x_m1_v1_i1_b3000_r3,2026-02,3034.86,-22.05,-0.7265574029774026,3012.81,1
lcv28_x_m1_v1_i1_b3000_r3,2026-03,3012.81,55.35,1.8371553466697204,3068.16,2
lcv28_x_m1_v1_i1_b3000_r3,2026-04,3068.16,-70.24,-2.289319983312474,2997.92,3
lcv28_x_m1_v1_i1_b3000_r3,2026-05,2997.92,35.25,1.1758152318941133,3033.17,1
lcv28_x_m1_v1_i1_b3000_r3,2026-06,3033.17,-109.56,-3.6120626275480765,2923.61,4
lcv28_x_m1_v1_i1_b3000_r3,2026-07,2923.61,-69.64000000000001,-2.3819866534866145,2853.9700000000003,4
lcv28_x_m1_v1_i1_b3000_r3,2026-08,2853.9700000000003,-98.8,-3.4618443781819703,2755.17,2
lcv28_x_m1_v1_i1_b3000_r4,2026-01,3000.0,47.279999999999994,1.576,3047.28,3
lcv28_x_m1_v1_i1_b3000_r4,2026-02,3047.28,-22.05,-0.7235961250689139,3025.23,1
lcv28_x_m1_v1_i1_b3000_r4,2026-03,3025.23,82.22,2.7178098855293644,3107.45,2
lcv28_x_m1_v1_i1_b3000_r4,2026-04,3107.45,-48.209999999999994,-1.5514328468680105,3059.24,3
lcv28_x_m1_v1_i1_b3000_r4,2026-05,3059.24,52.87,1.7282070056615368,3112.1099999999997,1
lcv28_x_m1_v1_i1_b3000_r4,2026-06,3112.1099999999997,-156.39,-5.025207977867106,2955.72,4
lcv28_x_m1_v1_i1_b3000_r4,2026-07,2955.72,-79.30000000000001,-2.6829334307715214,2876.4199999999996,4
lcv28_x_m1_v1_i1_b3000_r4,2026-08,2876.4199999999996,-131.72,-4.579303439692397,2744.7,2
lcv28_x_m1_v1_i1_b3000_r5,2026-01,3000.0,59.69,1.9896666666666667,3059.69,3
lcv28_x_m1_v1_i1_b3000_r5,2026-02,3059.69,-33.080000000000005,-1.0811552804369071,3026.61,1
lcv28_x_m1_v1_i1_b3000_r5,2026-03,3026.61,110.72,3.6582182706063877,3137.33,2
lcv28_x_m1_v1_i1_b3000_r5,2026-04,3137.33,-54.79999999999998,-1.746708188172745,3082.5299999999997,3
lcv28_x_m1_v1_i1_b3000_r5,2026-05,3082.5299999999997,52.87,1.7151495686984393,3135.3999999999996,1
lcv28_x_m1_v1_i1_b3000_r5,2026-06,3135.3999999999996,-206.55,-6.587676213561269,2928.8499999999995,4
lcv28_x_m1_v1_i1_b3000_r5,2026-07,2928.8499999999995,-123.82,-4.227597862642334,2805.0299999999993,4
lcv28_x_m1_v1_i1_b3000_r5,2026-08,2805.0299999999993,-164.66,-5.870168946499682,2640.3699999999994,2
